DEBUG - 2026-08-24 07:59:40 --> Session: Class initialized using 'CodeIgniter\Session\Handlers\FileHandler' driver.
DEBUG - 2026-08-24 07:59:40 --> Session: Class initialized using 'CodeIgniter\Session\Handlers\FileHandler' driver.
INFO - 2026-08-24 07:59:51 --> CSRF token verified.
DEBUG - 2026-08-24 07:59:52 --> Session: Class initialized using 'CodeIgniter\Session\Handlers\FileHandler' driver.
DEBUG - 2026-08-24 07:59:52 --> Session: Class initialized using 'CodeIgniter\Session\Handlers\FileHandler' driver.
DEBUG - 2026-08-24 07:59:53 --> Session: Class initialized using 'CodeIgniter\Session\Handlers\FileHandler' driver.
DEBUG - 2026-08-24 07:59:58 --> Session: Class initialized using 'CodeIgniter\Session\Handlers\FileHandler' driver.
DEBUG - 2026-08-24 07:59:59 --> Session: Class initialized using 'CodeIgniter\Session\Handlers\FileHandler' driver.
DEBUG - 2026-08-24 08:00:29 --> Session: Class initialized using 'CodeIgniter\Session\Handlers\FileHandler' driver.
DEBUG - 2026-08-24 08:00:59 --> Session: Class initialized using 'CodeIgniter\Session\Handlers\FileHandler' driver.
DEBUG - 2026-08-24 08:01:29 --> Session: Class initialized using 'CodeIgniter\Session\Handlers\FileHandler' driver.
DEBUG - 2026-08-24 08:01:59 --> Session: Class initialized using 'CodeIgniter\Session\Handlers\FileHandler' driver.
DEBUG - 2026-08-24 08:02:29 --> Session: Class initialized using 'CodeIgniter\Session\Handlers\FileHandler' driver.
DEBUG - 2026-08-24 08:02:59 --> Session: Class initialized using 'CodeIgniter\Session\Handlers\FileHandler' driver.
DEBUG - 2026-08-24 08:03:29 --> Session: Class initialized using 'CodeIgniter\Session\Handlers\FileHandler' driver.
DEBUG - 2026-08-24 08:03:59 --> Session: Class initialized using 'CodeIgniter\Session\Handlers\FileHandler' driver.
DEBUG - 2026-08-24 08:04:29 --> Session: Class initialized using 'CodeIgniter\Session\Handlers\FileHandler' driver.
DEBUG - 2026-08-24 08:04:59 --> Session: Class initialized using 'CodeIgniter\Session\Handlers\FileHandler' driver.
DEBUG - 2026-08-24 08:05:29 --> Session: Class initialized using 'CodeIgniter\Session\Handlers\FileHandler' driver.
DEBUG - 2026-08-24 08:05:59 --> Session: Class initialized using 'CodeIgniter\Session\Handlers\FileHandler' driver.
DEBUG - 2026-08-24 08:06:29 --> Session: Class initialized using 'CodeIgniter\Session\Handlers\FileHandler' driver.
DEBUG - 2026-08-24 08:06:59 --> Session: Class initialized using 'CodeIgniter\Session\Handlers\FileHandler' driver.
DEBUG - 2026-08-24 08:07:22 --> Session: Class initialized using 'CodeIgniter\Session\Handlers\FileHandler' driver.
DEBUG - 2026-08-24 08:07:23 --> Session: Class initialized using 'CodeIgniter\Session\Handlers\FileHandler' driver.
DEBUG - 2026-08-24 08:07:53 --> Session: Class initialized using 'CodeIgniter\Session\Handlers\FileHandler' driver.
DEBUG - 2026-08-24 08:08:23 --> Session: Class initialized using 'CodeIgniter\Session\Handlers\FileHandler' driver.
DEBUG - 2026-08-24 08:08:26 --> Session: Class initialized using 'CodeIgniter\Session\Handlers\FileHandler' driver.
INFO - 2026-08-24 08:08:26 --> CSRF token verified.
DEBUG - 2026-08-24 08:08:26 --> Session: Class initialized using 'CodeIgniter\Session\Handlers\FileHandler' driver.
DEBUG - 2026-08-24 08:08:28 --> Session: Class initialized using 'CodeIgniter\Session\Handlers\FileHandler' driver.
DEBUG - 2026-08-24 08:08:58 --> Session: Class initialized using 'CodeIgniter\Session\Handlers\FileHandler' driver.
DEBUG - 2026-08-24 08:09:28 --> Session: Class initialized using 'CodeIgniter\Session\Handlers\FileHandler' driver.
DEBUG - 2026-08-24 08:09:58 --> Session: Class initialized using 'CodeIgniter\Session\Handlers\FileHandler' driver.
DEBUG - 2026-08-24 08:10:28 --> Session: Class initialized using 'CodeIgniter\Session\Handlers\FileHandler' driver.
DEBUG - 2026-08-24 08:10:58 --> Session: Class initialized using 'CodeIgniter\Session\Handlers\FileHandler' driver.
DEBUG - 2026-08-24 08:11:15 --> Session: Class initialized using 'CodeIgniter\Session\Handlers\FileHandler' driver.
DEBUG - 2026-08-24 08:11:16 --> Session: Class initialized using 'CodeIgniter\Session\Handlers\FileHandler' driver.
DEBUG - 2026-08-24 08:11:46 --> Session: Class initialized using 'CodeIgniter\Session\Handlers\FileHandler' driver.
DEBUG - 2026-08-24 08:12:16 --> Session: Class initialized using 'CodeIgniter\Session\Handlers\FileHandler' driver.
DEBUG - 2026-08-24 08:12:46 --> Session: Class initialized using 'CodeIgniter\Session\Handlers\FileHandler' driver.
DEBUG - 2026-08-24 08:13:17 --> Session: Class initialized using 'CodeIgniter\Session\Handlers\FileHandler' driver.
DEBUG - 2026-08-24 08:13:47 --> Session: Class initialized using 'CodeIgniter\Session\Handlers\FileHandler' driver.
DEBUG - 2026-08-24 08:14:17 --> Session: Class initialized using 'CodeIgniter\Session\Handlers\FileHandler' driver.
DEBUG - 2026-08-24 08:14:47 --> Session: Class initialized using 'CodeIgniter\Session\Handlers\FileHandler' driver.
DEBUG - 2026-08-24 08:15:17 --> Session: Class initialized using 'CodeIgniter\Session\Handlers\FileHandler' driver.
DEBUG - 2026-08-24 08:16:17 --> Session: Class initialized using 'CodeIgniter\Session\Handlers\FileHandler' driver.
DEBUG - 2026-08-24 08:17:17 --> Session: Class initialized using 'CodeIgniter\Session\Handlers\FileHandler' driver.
DEBUG - 2026-08-24 08:18:17 --> Session: Class initialized using 'CodeIgniter\Session\Handlers\FileHandler' driver.
DEBUG - 2026-08-24 08:19:17 --> Session: Class initialized using 'CodeIgniter\Session\Handlers\FileHandler' driver.
DEBUG - 2026-08-24 08:20:17 --> Session: Class initialized using 'CodeIgniter\Session\Handlers\FileHandler' driver.
DEBUG - 2026-08-24 08:21:17 --> Session: Class initialized using 'CodeIgniter\Session\Handlers\FileHandler' driver.
DEBUG - 2026-08-24 08:22:17 --> Session: Class initialized using 'CodeIgniter\Session\Handlers\FileHandler' driver.
DEBUG - 2026-08-24 08:22:54 --> Session: Class initialized using 'CodeIgniter\Session\Handlers\FileHandler' driver.
DEBUG - 2026-08-24 08:22:57 --> Session: Class initialized using 'CodeIgniter\Session\Handlers\FileHandler' driver.
DEBUG - 2026-08-24 08:22:58 --> Session: Class initialized using 'CodeIgniter\Session\Handlers\FileHandler' driver.
DEBUG - 2026-08-24 08:23:23 --> Session: Class initialized using 'CodeIgniter\Session\Handlers\FileHandler' driver.
INFO - 2026-08-24 08:23:23 --> CSRF token verified.
DEBUG - 2026-08-24 08:23:23 --> Session: Class initialized using 'CodeIgniter\Session\Handlers\FileHandler' driver.
DEBUG - 2026-08-24 08:23:25 --> Session: Class initialized using 'CodeIgniter\Session\Handlers\FileHandler' driver.
DEBUG - 2026-08-24 08:23:55 --> Session: Class initialized using 'CodeIgniter\Session\Handlers\FileHandler' driver.
DEBUG - 2026-08-24 08:24:25 --> Session: Class initialized using 'CodeIgniter\Session\Handlers\FileHandler' driver.
DEBUG - 2026-08-24 08:24:55 --> Session: Class initialized using 'CodeIgniter\Session\Handlers\FileHandler' driver.
DEBUG - 2026-08-24 08:25:25 --> Session: Class initialized using 'CodeIgniter\Session\Handlers\FileHandler' driver.
DEBUG - 2026-08-24 08:25:55 --> Session: Class initialized using 'CodeIgniter\Session\Handlers\FileHandler' driver.
DEBUG - 2026-08-24 08:26:22 --> Session: Class initialized using 'CodeIgniter\Session\Handlers\FileHandler' driver.
DEBUG - 2026-08-24 08:26:23 --> Session: Class initialized using 'CodeIgniter\Session\Handlers\FileHandler' driver.
DEBUG - 2026-08-24 08:26:51 --> Session: Class initialized using 'CodeIgniter\Session\Handlers\FileHandler' driver.
INFO - 2026-08-24 08:26:51 --> CSRF token verified.
DEBUG - 2026-08-24 08:26:51 --> Session: Class initialized using 'CodeIgniter\Session\Handlers\FileHandler' driver.
DEBUG - 2026-08-24 08:26:52 --> Session: Class initialized using 'CodeIgniter\Session\Handlers\FileHandler' driver.
DEBUG - 2026-08-24 08:27:22 --> Session: Class initialized using 'CodeIgniter\Session\Handlers\FileHandler' driver.
DEBUG - 2026-08-24 08:27:52 --> Session: Class initialized using 'CodeIgniter\Session\Handlers\FileHandler' driver.
DEBUG - 2026-08-24 08:28:23 --> Session: Class initialized using 'CodeIgniter\Session\Handlers\FileHandler' driver.
DEBUG - 2026-08-24 08:28:53 --> Session: Class initialized using 'CodeIgniter\Session\Handlers\FileHandler' driver.
DEBUG - 2026-08-24 08:29:23 --> Session: Class initialized using 'CodeIgniter\Session\Handlers\FileHandler' driver.
DEBUG - 2026-08-24 08:29:53 --> Session: Class initialized using 'CodeIgniter\Session\Handlers\FileHandler' driver.
DEBUG - 2026-08-24 08:30:23 --> Session: Class initialized using 'CodeIgniter\Session\Handlers\FileHandler' driver.
DEBUG - 2026-08-24 08:30:35 --> Session: Class initialized using 'CodeIgniter\Session\Handlers\FileHandler' driver.
DEBUG - 2026-08-24 08:30:36 --> Session: Class initialized using 'CodeIgniter\Session\Handlers\FileHandler' driver.
DEBUG - 2026-08-24 08:31:06 --> Session: Class initialized using 'CodeIgniter\Session\Handlers\FileHandler' driver.
DEBUG - 2026-08-24 08:31:36 --> Session: Class initialized using 'CodeIgniter\Session\Handlers\FileHandler' driver.
DEBUG - 2026-08-24 08:32:06 --> Session: Class initialized using 'CodeIgniter\Session\Handlers\FileHandler' driver.
DEBUG - 2026-08-24 08:32:37 --> Session: Class initialized using 'CodeIgniter\Session\Handlers\FileHandler' driver.
DEBUG - 2026-08-24 08:32:54 --> Session: Class initialized using 'CodeIgniter\Session\Handlers\FileHandler' driver.
DEBUG - 2026-08-24 08:32:55 --> Session: Class initialized using 'CodeIgniter\Session\Handlers\FileHandler' driver.
DEBUG - 2026-08-24 08:33:25 --> Session: Class initialized using 'CodeIgniter\Session\Handlers\FileHandler' driver.
DEBUG - 2026-08-24 08:33:55 --> Session: Class initialized using 'CodeIgniter\Session\Handlers\FileHandler' driver.
DEBUG - 2026-08-24 08:34:25 --> Session: Class initialized using 'CodeIgniter\Session\Handlers\FileHandler' driver.
DEBUG - 2026-08-24 08:34:55 --> Session: Class initialized using 'CodeIgniter\Session\Handlers\FileHandler' driver.
DEBUG - 2026-08-24 08:35:25 --> Session: Class initialized using 'CodeIgniter\Session\Handlers\FileHandler' driver.
DEBUG - 2026-08-24 08:35:55 --> Session: Class initialized using 'CodeIgniter\Session\Handlers\FileHandler' driver.
DEBUG - 2026-08-24 08:36:25 --> Session: Class initialized using 'CodeIgniter\Session\Handlers\FileHandler' driver.
DEBUG - 2026-08-24 08:36:55 --> Session: Class initialized using 'CodeIgniter\Session\Handlers\FileHandler' driver.
DEBUG - 2026-08-24 08:37:25 --> Session: Class initialized using 'CodeIgniter\Session\Handlers\FileHandler' driver.
DEBUG - 2026-08-24 08:37:55 --> Session: Class initialized using 'CodeIgniter\Session\Handlers\FileHandler' driver.
DEBUG - 2026-08-24 08:38:25 --> Session: Class initialized using 'CodeIgniter\Session\Handlers\FileHandler' driver.
DEBUG - 2026-08-24 08:38:55 --> Session: Class initialized using 'CodeIgniter\Session\Handlers\FileHandler' driver.
DEBUG - 2026-08-24 08:39:25 --> Session: Class initialized using 'CodeIgniter\Session\Handlers\FileHandler' driver.
DEBUG - 2026-08-24 08:40:17 --> Session: Class initialized using 'CodeIgniter\Session\Handlers\FileHandler' driver.
DEBUG - 2026-08-24 08:41:17 --> Session: Class initialized using 'CodeIgniter\Session\Handlers\FileHandler' driver.
DEBUG - 2026-08-24 08:42:17 --> Session: Class initialized using 'CodeIgniter\Session\Handlers\FileHandler' driver.
DEBUG - 2026-08-24 08:43:17 --> Session: Class initialized using 'CodeIgniter\Session\Handlers\FileHandler' driver.
DEBUG - 2026-08-24 08:44:17 --> Session: Class initialized using 'CodeIgniter\Session\Handlers\FileHandler' driver.
DEBUG - 2026-08-24 08:45:17 --> Session: Class initialized using 'CodeIgniter\Session\Handlers\FileHandler' driver.
DEBUG - 2026-08-24 08:46:17 --> Session: Class initialized using 'CodeIgniter\Session\Handlers\FileHandler' driver.
DEBUG - 2026-08-24 08:47:10 --> Session: Class initialized using 'CodeIgniter\Session\Handlers\FileHandler' driver.
DEBUG - 2026-08-24 08:47:12 --> Session: Class initialized using 'CodeIgniter\Session\Handlers\FileHandler' driver.
DEBUG - 2026-08-24 08:47:14 --> Session: Class initialized using 'CodeIgniter\Session\Handlers\FileHandler' driver.
DEBUG - 2026-08-24 08:47:44 --> Session: Class initialized using 'CodeIgniter\Session\Handlers\FileHandler' driver.
DEBUG - 2026-08-24 08:48:14 --> Session: Class initialized using 'CodeIgniter\Session\Handlers\FileHandler' driver.
DEBUG - 2026-08-24 08:48:44 --> Session: Class initialized using 'CodeIgniter\Session\Handlers\FileHandler' driver.
DEBUG - 2026-08-24 08:49:14 --> Session: Class initialized using 'CodeIgniter\Session\Handlers\FileHandler' driver.
DEBUG - 2026-08-24 08:49:44 --> Session: Class initialized using 'CodeIgniter\Session\Handlers\FileHandler' driver.
DEBUG - 2026-08-24 08:49:46 --> Session: Class initialized using 'CodeIgniter\Session\Handlers\FileHandler' driver.
DEBUG - 2026-08-24 08:49:47 --> Session: Class initialized using 'CodeIgniter\Session\Handlers\FileHandler' driver.
DEBUG - 2026-08-24 08:50:17 --> Session: Class initialized using 'CodeIgniter\Session\Handlers\FileHandler' driver.
DEBUG - 2026-08-24 08:50:47 --> Session: Class initialized using 'CodeIgniter\Session\Handlers\FileHandler' driver.
DEBUG - 2026-08-24 08:51:17 --> Session: Class initialized using 'CodeIgniter\Session\Handlers\FileHandler' driver.
DEBUG - 2026-08-24 08:51:47 --> Session: Class initialized using 'CodeIgniter\Session\Handlers\FileHandler' driver.
DEBUG - 2026-08-24 08:52:17 --> Session: Class initialized using 'CodeIgniter\Session\Handlers\FileHandler' driver.
DEBUG - 2026-08-24 08:52:35 --> Session: Class initialized using 'CodeIgniter\Session\Handlers\FileHandler' driver.
INFO - 2026-08-24 08:52:35 --> CSRF token verified.
DEBUG - 2026-08-24 08:52:36 --> Session: Class initialized using 'CodeIgniter\Session\Handlers\FileHandler' driver.
DEBUG - 2026-08-24 08:52:37 --> Session: Class initialized using 'CodeIgniter\Session\Handlers\FileHandler' driver.
DEBUG - 2026-08-24 08:53:07 --> Session: Class initialized using 'CodeIgniter\Session\Handlers\FileHandler' driver.
DEBUG - 2026-08-24 08:53:37 --> Session: Class initialized using 'CodeIgniter\Session\Handlers\FileHandler' driver.
DEBUG - 2026-08-24 08:54:07 --> Session: Class initialized using 'CodeIgniter\Session\Handlers\FileHandler' driver.
DEBUG - 2026-08-24 08:54:24 --> Session: Class initialized using 'CodeIgniter\Session\Handlers\FileHandler' driver.
DEBUG - 2026-08-24 08:54:26 --> Session: Class initialized using 'CodeIgniter\Session\Handlers\FileHandler' driver.
DEBUG - 2026-08-24 08:54:56 --> Session: Class initialized using 'CodeIgniter\Session\Handlers\FileHandler' driver.
DEBUG - 2026-08-24 08:55:26 --> Session: Class initialized using 'CodeIgniter\Session\Handlers\FileHandler' driver.
DEBUG - 2026-08-24 08:55:56 --> Session: Class initialized using 'CodeIgniter\Session\Handlers\FileHandler' driver.
DEBUG - 2026-08-24 08:56:26 --> Session: Class initialized using 'CodeIgniter\Session\Handlers\FileHandler' driver.
DEBUG - 2026-08-24 08:56:56 --> Session: Class initialized using 'CodeIgniter\Session\Handlers\FileHandler' driver.
DEBUG - 2026-08-24 08:57:26 --> Session: Class initialized using 'CodeIgniter\Session\Handlers\FileHandler' driver.
DEBUG - 2026-08-24 08:57:56 --> Session: Class initialized using 'CodeIgniter\Session\Handlers\FileHandler' driver.
DEBUG - 2026-08-24 08:58:26 --> Session: Class initialized using 'CodeIgniter\Session\Handlers\FileHandler' driver.
CRITICAL - 2026-08-24 08:59:01 --> ErrorException: Maximum execution time of 30 seconds exceeded
[Method: GET, Route: health/status]
in SYSTEMPATH\Database\MySQLi\Connection.php on line 300.
 1 [internal function]: CodeIgniter\Debug\Exceptions->shutdownHandler()
DEBUG - 2026-08-24 08:59:26 --> Session: Class initialized using 'CodeIgniter\Session\Handlers\FileHandler' driver.
DEBUG - 2026-08-24 08:59:56 --> Session: Class initialized using 'CodeIgniter\Session\Handlers\FileHandler' driver.
DEBUG - 2026-08-24 09:00:17 --> Session: Class initialized using 'CodeIgniter\Session\Handlers\FileHandler' driver.
DEBUG - 2026-08-24 09:00:18 --> Session: Class initialized using 'CodeIgniter\Session\Handlers\FileHandler' driver.
DEBUG - 2026-08-24 09:00:23 --> Session: Class initialized using 'CodeIgniter\Session\Handlers\FileHandler' driver.
DEBUG - 2026-08-24 09:00:24 --> Session: Class initialized using 'CodeIgniter\Session\Handlers\FileHandler' driver.
DEBUG - 2026-08-24 09:00:25 --> Session: Class initialized using 'CodeIgniter\Session\Handlers\FileHandler' driver.
DEBUG - 2026-08-24 09:00:29 --> Session: Class initialized using 'CodeIgniter\Session\Handlers\FileHandler' driver.
INFO - 2026-08-24 09:00:29 --> CSRF token verified.
DEBUG - 2026-08-24 09:00:30 --> Session: Class initialized using 'CodeIgniter\Session\Handlers\FileHandler' driver.
DEBUG - 2026-08-24 09:00:31 --> Session: Class initialized using 'CodeIgniter\Session\Handlers\FileHandler' driver.
DEBUG - 2026-08-24 09:00:42 --> Session: Class initialized using 'CodeIgniter\Session\Handlers\FileHandler' driver.
INFO - 2026-08-24 09:00:42 --> CSRF token verified.
DEBUG - 2026-08-24 09:00:43 --> Session: Class initialized using 'CodeIgniter\Session\Handlers\FileHandler' driver.
DEBUG - 2026-08-24 09:00:44 --> Session: Class initialized using 'CodeIgniter\Session\Handlers\FileHandler' driver.
DEBUG - 2026-08-24 09:00:46 --> Session: Class initialized using 'CodeIgniter\Session\Handlers\FileHandler' driver.
DEBUG - 2026-08-24 09:00:47 --> Session: Class initialized using 'CodeIgniter\Session\Handlers\FileHandler' driver.
DEBUG - 2026-08-24 09:01:17 --> Session: Class initialized using 'CodeIgniter\Session\Handlers\FileHandler' driver.
DEBUG - 2026-08-24 09:01:47 --> Session: Class initialized using 'CodeIgniter\Session\Handlers\FileHandler' driver.
DEBUG - 2026-08-24 09:02:17 --> Session: Class initialized using 'CodeIgniter\Session\Handlers\FileHandler' driver.
DEBUG - 2026-08-24 09:02:47 --> Session: Class initialized using 'CodeIgniter\Session\Handlers\FileHandler' driver.
DEBUG - 2026-08-24 09:03:17 --> Session: Class initialized using 'CodeIgniter\Session\Handlers\FileHandler' driver.
DEBUG - 2026-08-24 09:03:47 --> Session: Class initialized using 'CodeIgniter\Session\Handlers\FileHandler' driver.
DEBUG - 2026-08-24 09:04:17 --> Session: Class initialized using 'CodeIgniter\Session\Handlers\FileHandler' driver.
DEBUG - 2026-08-24 09:04:47 --> Session: Class initialized using 'CodeIgniter\Session\Handlers\FileHandler' driver.
DEBUG - 2026-08-24 09:05:17 --> Session: Class initialized using 'CodeIgniter\Session\Handlers\FileHandler' driver.
DEBUG - 2026-08-24 09:05:47 --> Session: Class initialized using 'CodeIgniter\Session\Handlers\FileHandler' driver.
DEBUG - 2026-08-24 09:05:56 --> Session: Class initialized using 'CodeIgniter\Session\Handlers\FileHandler' driver.
DEBUG - 2026-08-24 09:05:57 --> Session: Class initialized using 'CodeIgniter\Session\Handlers\FileHandler' driver.
DEBUG - 2026-08-24 09:06:16 --> Session: Class initialized using 'CodeIgniter\Session\Handlers\FileHandler' driver.
DEBUG - 2026-08-24 09:06:17 --> Session: Class initialized using 'CodeIgniter\Session\Handlers\FileHandler' driver.
DEBUG - 2026-08-24 09:06:47 --> Session: Class initialized using 'CodeIgniter\Session\Handlers\FileHandler' driver.
DEBUG - 2026-08-24 09:07:17 --> Session: Class initialized using 'CodeIgniter\Session\Handlers\FileHandler' driver.
DEBUG - 2026-08-24 09:07:47 --> Session: Class initialized using 'CodeIgniter\Session\Handlers\FileHandler' driver.
DEBUG - 2026-08-24 09:08:17 --> Session: Class initialized using 'CodeIgniter\Session\Handlers\FileHandler' driver.
DEBUG - 2026-08-24 09:08:47 --> Session: Class initialized using 'CodeIgniter\Session\Handlers\FileHandler' driver.
DEBUG - 2026-08-24 09:09:17 --> Session: Class initialized using 'CodeIgniter\Session\Handlers\FileHandler' driver.
DEBUG - 2026-08-24 09:09:47 --> Session: Class initialized using 'CodeIgniter\Session\Handlers\FileHandler' driver.
DEBUG - 2026-08-24 09:10:17 --> Session: Class initialized using 'CodeIgniter\Session\Handlers\FileHandler' driver.
DEBUG - 2026-08-24 09:10:21 --> Session: Class initialized using 'CodeIgniter\Session\Handlers\FileHandler' driver.
DEBUG - 2026-08-24 09:10:22 --> Session: Class initialized using 'CodeIgniter\Session\Handlers\FileHandler' driver.
DEBUG - 2026-08-24 09:10:52 --> Session: Class initialized using 'CodeIgniter\Session\Handlers\FileHandler' driver.
DEBUG - 2026-08-24 09:11:22 --> Session: Class initialized using 'CodeIgniter\Session\Handlers\FileHandler' driver.
DEBUG - 2026-08-24 09:11:52 --> Session: Class initialized using 'CodeIgniter\Session\Handlers\FileHandler' driver.
DEBUG - 2026-08-24 09:12:22 --> Session: Class initialized using 'CodeIgniter\Session\Handlers\FileHandler' driver.
DEBUG - 2026-08-24 09:12:52 --> Session: Class initialized using 'CodeIgniter\Session\Handlers\FileHandler' driver.
DEBUG - 2026-08-24 09:13:22 --> Session: Class initialized using 'CodeIgniter\Session\Handlers\FileHandler' driver.
DEBUG - 2026-08-24 09:13:52 --> Session: Class initialized using 'CodeIgniter\Session\Handlers\FileHandler' driver.
DEBUG - 2026-08-24 09:14:53 --> Session: Class initialized using 'CodeIgniter\Session\Handlers\FileHandler' driver.
DEBUG - 2026-08-24 09:15:54 --> Session: Class initialized using 'CodeIgniter\Session\Handlers\FileHandler' driver.
DEBUG - 2026-08-24 09:15:58 --> Session: Class initialized using 'CodeIgniter\Session\Handlers\FileHandler' driver.
ERROR - 2026-08-24 09:15:58 --> Table 'dias_imports.product_access_logs' doesn't exist
in SYSTEMPATH\Database\MySQLi\Connection.php on line 300.
 1 SYSTEMPATH\Database\MySQLi\Connection.php(300): mysqli->query()
 2 SYSTEMPATH\Database\BaseConnection.php(908): CodeIgniter\Database\MySQLi\Connection->execute()
 3 SYSTEMPATH\Database\BaseConnection.php(825): CodeIgniter\Database\BaseConnection->simpleQuery()
 4 SYSTEMPATH\Database\BaseBuilder.php(1743): CodeIgniter\Database\BaseConnection->query()
 5 APPPATH\Models\ProductAccessLogModel.php(102): CodeIgniter\Database\BaseBuilder->countAllResults()
 6 APPPATH\Controllers\Admin\Products.php(200): App\Models\ProductAccessLogModel->getProductMetrics()
 7 SYSTEMPATH\CodeIgniter.php(974): App\Controllers\Admin\Products->edit()
 8 SYSTEMPATH\CodeIgniter.php(520): CodeIgniter\CodeIgniter->runController()
 9 SYSTEMPATH\CodeIgniter.php(363): CodeIgniter\CodeIgniter->handleRequest()
10 SYSTEMPATH\Boot.php(417): CodeIgniter\CodeIgniter->run()
11 SYSTEMPATH\Boot.php(68): CodeIgniter\Boot::runCodeIgniter()
12 FCPATH\index.php(59): CodeIgniter\Boot::bootWeb()
13 SYSTEMPATH\rewrite.php(44): require_once('C:\\Sistemas\\Dias Imports\\Dias Importes - Marketing v2\\dias_imports_v2\\public\\index.php')
CRITICAL - 2026-08-24 09:15:58 --> CodeIgniter\Database\Exceptions\DatabaseException: Table 'dias_imports.product_access_logs' doesn't exist
[Method: GET, Route: produtos/1/editar]
in SYSTEMPATH\Database\BaseConnection.php on line 863.
 1 SYSTEMPATH\Database\BaseBuilder.php(1743): CodeIgniter\Database\BaseConnection->query()
 2 APPPATH\Models\ProductAccessLogModel.php(102): CodeIgniter\Database\BaseBuilder->countAllResults()
 3 APPPATH\Controllers\Admin\Products.php(200): App\Models\ProductAccessLogModel->getProductMetrics()
 4 SYSTEMPATH\CodeIgniter.php(974): App\Controllers\Admin\Products->edit()
 5 SYSTEMPATH\CodeIgniter.php(520): CodeIgniter\CodeIgniter->runController()
 6 SYSTEMPATH\CodeIgniter.php(363): CodeIgniter\CodeIgniter->handleRequest()
 7 SYSTEMPATH\Boot.php(417): CodeIgniter\CodeIgniter->run()
 8 SYSTEMPATH\Boot.php(68): CodeIgniter\Boot::runCodeIgniter()
 9 FCPATH\index.php(59): CodeIgniter\Boot::bootWeb()
10 SYSTEMPATH\rewrite.php(44): require_once('C:\\Sistemas\\Dias Imports\\Dias Importes - Marketing v2\\dias_imports_v2\\public\\index.php')
CRITICAL - 2026-08-24 09:15:58 --> [Caused by] CodeIgniter\Database\Exceptions\DatabaseException: Table 'dias_imports.product_access_logs' doesn't exist
in SYSTEMPATH\Database\MySQLi\Connection.php on line 310.
 1 SYSTEMPATH\Database\BaseConnection.php(908): CodeIgniter\Database\MySQLi\Connection->execute()
 2 SYSTEMPATH\Database\BaseConnection.php(825): CodeIgniter\Database\BaseConnection->simpleQuery()
 3 SYSTEMPATH\Database\BaseBuilder.php(1743): CodeIgniter\Database\BaseConnection->query()
 4 APPPATH\Models\ProductAccessLogModel.php(102): CodeIgniter\Database\BaseBuilder->countAllResults()
 5 APPPATH\Controllers\Admin\Products.php(200): App\Models\ProductAccessLogModel->getProductMetrics()
 6 SYSTEMPATH\CodeIgniter.php(974): App\Controllers\Admin\Products->edit()
 7 SYSTEMPATH\CodeIgniter.php(520): CodeIgniter\CodeIgniter->runController()
 8 SYSTEMPATH\CodeIgniter.php(363): CodeIgniter\CodeIgniter->handleRequest()
 9 SYSTEMPATH\Boot.php(417): CodeIgniter\CodeIgniter->run()
10 SYSTEMPATH\Boot.php(68): CodeIgniter\Boot::runCodeIgniter()
11 FCPATH\index.php(59): CodeIgniter\Boot::bootWeb()
12 SYSTEMPATH\rewrite.php(44): require_once('C:\\Sistemas\\Dias Imports\\Dias Importes - Marketing v2\\dias_imports_v2\\public\\index.php')
CRITICAL - 2026-08-24 09:15:58 --> [Caused by] mysqli_sql_exception: Table 'dias_imports.product_access_logs' doesn't exist
in SYSTEMPATH\Database\MySQLi\Connection.php on line 300.
 1 SYSTEMPATH\Database\MySQLi\Connection.php(300): mysqli->query()
 2 SYSTEMPATH\Database\BaseConnection.php(908): CodeIgniter\Database\MySQLi\Connection->execute()
 3 SYSTEMPATH\Database\BaseConnection.php(825): CodeIgniter\Database\BaseConnection->simpleQuery()
 4 SYSTEMPATH\Database\BaseBuilder.php(1743): CodeIgniter\Database\BaseConnection->query()
 5 APPPATH\Models\ProductAccessLogModel.php(102): CodeIgniter\Database\BaseBuilder->countAllResults()
 6 APPPATH\Controllers\Admin\Products.php(200): App\Models\ProductAccessLogModel->getProductMetrics()
 7 SYSTEMPATH\CodeIgniter.php(974): App\Controllers\Admin\Products->edit()
 8 SYSTEMPATH\CodeIgniter.php(520): CodeIgniter\CodeIgniter->runController()
 9 SYSTEMPATH\CodeIgniter.php(363): CodeIgniter\CodeIgniter->handleRequest()
10 SYSTEMPATH\Boot.php(417): CodeIgniter\CodeIgniter->run()
11 SYSTEMPATH\Boot.php(68): CodeIgniter\Boot::runCodeIgniter()
12 FCPATH\index.php(59): CodeIgniter\Boot::bootWeb()
13 SYSTEMPATH\rewrite.php(44): require_once('C:\\Sistemas\\Dias Imports\\Dias Importes - Marketing v2\\dias_imports_v2\\public\\index.php')
DEBUG - 2026-08-24 09:16:24 --> Session: Class initialized using 'CodeIgniter\Session\Handlers\FileHandler' driver.
ERROR - 2026-08-24 09:16:25 --> Table 'dias_imports.product_access_logs' doesn't exist
in SYSTEMPATH\Database\MySQLi\Connection.php on line 300.
 1 SYSTEMPATH\Database\MySQLi\Connection.php(300): mysqli->query()
 2 SYSTEMPATH\Database\BaseConnection.php(908): CodeIgniter\Database\MySQLi\Connection->execute()
 3 SYSTEMPATH\Database\BaseConnection.php(825): CodeIgniter\Database\BaseConnection->simpleQuery()
 4 SYSTEMPATH\Database\BaseBuilder.php(1743): CodeIgniter\Database\BaseConnection->query()
 5 APPPATH\Models\ProductAccessLogModel.php(102): CodeIgniter\Database\BaseBuilder->countAllResults()
 6 APPPATH\Controllers\Admin\Products.php(200): App\Models\ProductAccessLogModel->getProductMetrics()
 7 SYSTEMPATH\CodeIgniter.php(974): App\Controllers\Admin\Products->edit()
 8 SYSTEMPATH\CodeIgniter.php(520): CodeIgniter\CodeIgniter->runController()
 9 SYSTEMPATH\CodeIgniter.php(363): CodeIgniter\CodeIgniter->handleRequest()
10 SYSTEMPATH\Boot.php(417): CodeIgniter\CodeIgniter->run()
11 SYSTEMPATH\Boot.php(68): CodeIgniter\Boot::runCodeIgniter()
12 FCPATH\index.php(59): CodeIgniter\Boot::bootWeb()
13 SYSTEMPATH\rewrite.php(44): require_once('C:\\Sistemas\\Dias Imports\\Dias Importes - Marketing v2\\dias_imports_v2\\public\\index.php')
CRITICAL - 2026-08-24 09:16:25 --> CodeIgniter\Database\Exceptions\DatabaseException: Table 'dias_imports.product_access_logs' doesn't exist
[Method: GET, Route: produtos/1/editar]
in SYSTEMPATH\Database\BaseConnection.php on line 863.
 1 SYSTEMPATH\Database\BaseBuilder.php(1743): CodeIgniter\Database\BaseConnection->query()
 2 APPPATH\Models\ProductAccessLogModel.php(102): CodeIgniter\Database\BaseBuilder->countAllResults()
 3 APPPATH\Controllers\Admin\Products.php(200): App\Models\ProductAccessLogModel->getProductMetrics()
 4 SYSTEMPATH\CodeIgniter.php(974): App\Controllers\Admin\Products->edit()
 5 SYSTEMPATH\CodeIgniter.php(520): CodeIgniter\CodeIgniter->runController()
 6 SYSTEMPATH\CodeIgniter.php(363): CodeIgniter\CodeIgniter->handleRequest()
 7 SYSTEMPATH\Boot.php(417): CodeIgniter\CodeIgniter->run()
 8 SYSTEMPATH\Boot.php(68): CodeIgniter\Boot::runCodeIgniter()
 9 FCPATH\index.php(59): CodeIgniter\Boot::bootWeb()
10 SYSTEMPATH\rewrite.php(44): require_once('C:\\Sistemas\\Dias Imports\\Dias Importes - Marketing v2\\dias_imports_v2\\public\\index.php')
CRITICAL - 2026-08-24 09:16:25 --> [Caused by] CodeIgniter\Database\Exceptions\DatabaseException: Table 'dias_imports.product_access_logs' doesn't exist
in SYSTEMPATH\Database\MySQLi\Connection.php on line 310.
 1 SYSTEMPATH\Database\BaseConnection.php(908): CodeIgniter\Database\MySQLi\Connection->execute()
 2 SYSTEMPATH\Database\BaseConnection.php(825): CodeIgniter\Database\BaseConnection->simpleQuery()
 3 SYSTEMPATH\Database\BaseBuilder.php(1743): CodeIgniter\Database\BaseConnection->query()
 4 APPPATH\Models\ProductAccessLogModel.php(102): CodeIgniter\Database\BaseBuilder->countAllResults()
 5 APPPATH\Controllers\Admin\Products.php(200): App\Models\ProductAccessLogModel->getProductMetrics()
 6 SYSTEMPATH\CodeIgniter.php(974): App\Controllers\Admin\Products->edit()
 7 SYSTEMPATH\CodeIgniter.php(520): CodeIgniter\CodeIgniter->runController()
 8 SYSTEMPATH\CodeIgniter.php(363): CodeIgniter\CodeIgniter->handleRequest()
 9 SYSTEMPATH\Boot.php(417): CodeIgniter\CodeIgniter->run()
10 SYSTEMPATH\Boot.php(68): CodeIgniter\Boot::runCodeIgniter()
11 FCPATH\index.php(59): CodeIgniter\Boot::bootWeb()
12 SYSTEMPATH\rewrite.php(44): require_once('C:\\Sistemas\\Dias Imports\\Dias Importes - Marketing v2\\dias_imports_v2\\public\\index.php')
CRITICAL - 2026-08-24 09:16:25 --> [Caused by] mysqli_sql_exception: Table 'dias_imports.product_access_logs' doesn't exist
in SYSTEMPATH\Database\MySQLi\Connection.php on line 300.
 1 SYSTEMPATH\Database\MySQLi\Connection.php(300): mysqli->query()
 2 SYSTEMPATH\Database\BaseConnection.php(908): CodeIgniter\Database\MySQLi\Connection->execute()
 3 SYSTEMPATH\Database\BaseConnection.php(825): CodeIgniter\Database\BaseConnection->simpleQuery()
 4 SYSTEMPATH\Database\BaseBuilder.php(1743): CodeIgniter\Database\BaseConnection->query()
 5 APPPATH\Models\ProductAccessLogModel.php(102): CodeIgniter\Database\BaseBuilder->countAllResults()
 6 APPPATH\Controllers\Admin\Products.php(200): App\Models\ProductAccessLogModel->getProductMetrics()
 7 SYSTEMPATH\CodeIgniter.php(974): App\Controllers\Admin\Products->edit()
 8 SYSTEMPATH\CodeIgniter.php(520): CodeIgniter\CodeIgniter->runController()
 9 SYSTEMPATH\CodeIgniter.php(363): CodeIgniter\CodeIgniter->handleRequest()
10 SYSTEMPATH\Boot.php(417): CodeIgniter\CodeIgniter->run()
11 SYSTEMPATH\Boot.php(68): CodeIgniter\Boot::runCodeIgniter()
12 FCPATH\index.php(59): CodeIgniter\Boot::bootWeb()
13 SYSTEMPATH\rewrite.php(44): require_once('C:\\Sistemas\\Dias Imports\\Dias Importes - Marketing v2\\dias_imports_v2\\public\\index.php')
DEBUG - 2026-08-24 09:16:26 --> Session: Class initialized using 'CodeIgniter\Session\Handlers\FileHandler' driver.
DEBUG - 2026-08-24 09:16:27 --> Session: Class initialized using 'CodeIgniter\Session\Handlers\FileHandler' driver.
DEBUG - 2026-08-24 09:16:30 --> Session: Class initialized using 'CodeIgniter\Session\Handlers\FileHandler' driver.
ERROR - 2026-08-24 09:16:30 --> Table 'dias_imports.product_access_logs' doesn't exist
in SYSTEMPATH\Database\MySQLi\Connection.php on line 300.
 1 SYSTEMPATH\Database\MySQLi\Connection.php(300): mysqli->query()
 2 SYSTEMPATH\Database\BaseConnection.php(908): CodeIgniter\Database\MySQLi\Connection->execute()
 3 SYSTEMPATH\Database\BaseConnection.php(825): CodeIgniter\Database\BaseConnection->simpleQuery()
 4 SYSTEMPATH\Database\BaseBuilder.php(1743): CodeIgniter\Database\BaseConnection->query()
 5 APPPATH\Models\ProductAccessLogModel.php(102): CodeIgniter\Database\BaseBuilder->countAllResults()
 6 APPPATH\Controllers\Admin\Products.php(200): App\Models\ProductAccessLogModel->getProductMetrics()
 7 SYSTEMPATH\CodeIgniter.php(974): App\Controllers\Admin\Products->edit()
 8 SYSTEMPATH\CodeIgniter.php(520): CodeIgniter\CodeIgniter->runController()
 9 SYSTEMPATH\CodeIgniter.php(363): CodeIgniter\CodeIgniter->handleRequest()
10 SYSTEMPATH\Boot.php(417): CodeIgniter\CodeIgniter->run()
11 SYSTEMPATH\Boot.php(68): CodeIgniter\Boot::runCodeIgniter()
12 FCPATH\index.php(59): CodeIgniter\Boot::bootWeb()
13 SYSTEMPATH\rewrite.php(44): require_once('C:\\Sistemas\\Dias Imports\\Dias Importes - Marketing v2\\dias_imports_v2\\public\\index.php')
CRITICAL - 2026-08-24 09:16:30 --> CodeIgniter\Database\Exceptions\DatabaseException: Table 'dias_imports.product_access_logs' doesn't exist
[Method: GET, Route: produtos/1/editar]
in SYSTEMPATH\Database\BaseConnection.php on line 863.
 1 SYSTEMPATH\Database\BaseBuilder.php(1743): CodeIgniter\Database\BaseConnection->query()
 2 APPPATH\Models\ProductAccessLogModel.php(102): CodeIgniter\Database\BaseBuilder->countAllResults()
 3 APPPATH\Controllers\Admin\Products.php(200): App\Models\ProductAccessLogModel->getProductMetrics()
 4 SYSTEMPATH\CodeIgniter.php(974): App\Controllers\Admin\Products->edit()
 5 SYSTEMPATH\CodeIgniter.php(520): CodeIgniter\CodeIgniter->runController()
 6 SYSTEMPATH\CodeIgniter.php(363): CodeIgniter\CodeIgniter->handleRequest()
 7 SYSTEMPATH\Boot.php(417): CodeIgniter\CodeIgniter->run()
 8 SYSTEMPATH\Boot.php(68): CodeIgniter\Boot::runCodeIgniter()
 9 FCPATH\index.php(59): CodeIgniter\Boot::bootWeb()
10 SYSTEMPATH\rewrite.php(44): require_once('C:\\Sistemas\\Dias Imports\\Dias Importes - Marketing v2\\dias_imports_v2\\public\\index.php')
CRITICAL - 2026-08-24 09:16:30 --> [Caused by] CodeIgniter\Database\Exceptions\DatabaseException: Table 'dias_imports.product_access_logs' doesn't exist
in SYSTEMPATH\Database\MySQLi\Connection.php on line 310.
 1 SYSTEMPATH\Database\BaseConnection.php(908): CodeIgniter\Database\MySQLi\Connection->execute()
 2 SYSTEMPATH\Database\BaseConnection.php(825): CodeIgniter\Database\BaseConnection->simpleQuery()
 3 SYSTEMPATH\Database\BaseBuilder.php(1743): CodeIgniter\Database\BaseConnection->query()
 4 APPPATH\Models\ProductAccessLogModel.php(102): CodeIgniter\Database\BaseBuilder->countAllResults()
 5 APPPATH\Controllers\Admin\Products.php(200): App\Models\ProductAccessLogModel->getProductMetrics()
 6 SYSTEMPATH\CodeIgniter.php(974): App\Controllers\Admin\Products->edit()
 7 SYSTEMPATH\CodeIgniter.php(520): CodeIgniter\CodeIgniter->runController()
 8 SYSTEMPATH\CodeIgniter.php(363): CodeIgniter\CodeIgniter->handleRequest()
 9 SYSTEMPATH\Boot.php(417): CodeIgniter\CodeIgniter->run()
10 SYSTEMPATH\Boot.php(68): CodeIgniter\Boot::runCodeIgniter()
11 FCPATH\index.php(59): CodeIgniter\Boot::bootWeb()
12 SYSTEMPATH\rewrite.php(44): require_once('C:\\Sistemas\\Dias Imports\\Dias Importes - Marketing v2\\dias_imports_v2\\public\\index.php')
CRITICAL - 2026-08-24 09:16:30 --> [Caused by] mysqli_sql_exception: Table 'dias_imports.product_access_logs' doesn't exist
in SYSTEMPATH\Database\MySQLi\Connection.php on line 300.
 1 SYSTEMPATH\Database\MySQLi\Connection.php(300): mysqli->query()
 2 SYSTEMPATH\Database\BaseConnection.php(908): CodeIgniter\Database\MySQLi\Connection->execute()
 3 SYSTEMPATH\Database\BaseConnection.php(825): CodeIgniter\Database\BaseConnection->simpleQuery()
 4 SYSTEMPATH\Database\BaseBuilder.php(1743): CodeIgniter\Database\BaseConnection->query()
 5 APPPATH\Models\ProductAccessLogModel.php(102): CodeIgniter\Database\BaseBuilder->countAllResults()
 6 APPPATH\Controllers\Admin\Products.php(200): App\Models\ProductAccessLogModel->getProductMetrics()
 7 SYSTEMPATH\CodeIgniter.php(974): App\Controllers\Admin\Products->edit()
 8 SYSTEMPATH\CodeIgniter.php(520): CodeIgniter\CodeIgniter->runController()
 9 SYSTEMPATH\CodeIgniter.php(363): CodeIgniter\CodeIgniter->handleRequest()
10 SYSTEMPATH\Boot.php(417): CodeIgniter\CodeIgniter->run()
11 SYSTEMPATH\Boot.php(68): CodeIgniter\Boot::runCodeIgniter()
12 FCPATH\index.php(59): CodeIgniter\Boot::bootWeb()
13 SYSTEMPATH\rewrite.php(44): require_once('C:\\Sistemas\\Dias Imports\\Dias Importes - Marketing v2\\dias_imports_v2\\public\\index.php')
DEBUG - 2026-08-24 09:21:21 --> Session: Class initialized using 'CodeIgniter\Session\Handlers\FileHandler' driver.
DEBUG - 2026-08-24 09:21:23 --> Session: Class initialized using 'CodeIgniter\Session\Handlers\FileHandler' driver.
DEBUG - 2026-08-24 09:21:34 --> Session: Class initialized using 'CodeIgniter\Session\Handlers\FileHandler' driver.
DEBUG - 2026-08-24 09:21:36 --> Session: Class initialized using 'CodeIgniter\Session\Handlers\FileHandler' driver.
DEBUG - 2026-08-24 09:22:04 --> Session: Class initialized using 'CodeIgniter\Session\Handlers\FileHandler' driver.
DEBUG - 2026-08-24 09:22:06 --> Session: Class initialized using 'CodeIgniter\Session\Handlers\FileHandler' driver.
DEBUG - 2026-08-24 09:22:10 --> Session: Class initialized using 'CodeIgniter\Session\Handlers\FileHandler' driver.
DEBUG - 2026-08-24 09:22:12 --> Session: Class initialized using 'CodeIgniter\Session\Handlers\FileHandler' driver.
DEBUG - 2026-08-24 09:22:42 --> Session: Class initialized using 'CodeIgniter\Session\Handlers\FileHandler' driver.
DEBUG - 2026-08-24 09:23:12 --> Session: Class initialized using 'CodeIgniter\Session\Handlers\FileHandler' driver.
DEBUG - 2026-08-24 09:23:42 --> Session: Class initialized using 'CodeIgniter\Session\Handlers\FileHandler' driver.
DEBUG - 2026-08-24 09:24:12 --> Session: Class initialized using 'CodeIgniter\Session\Handlers\FileHandler' driver.
DEBUG - 2026-08-24 09:24:42 --> Session: Class initialized using 'CodeIgniter\Session\Handlers\FileHandler' driver.
DEBUG - 2026-08-24 09:25:12 --> Session: Class initialized using 'CodeIgniter\Session\Handlers\FileHandler' driver.
DEBUG - 2026-08-24 09:25:32 --> Session: Class initialized using 'CodeIgniter\Session\Handlers\FileHandler' driver.
DEBUG - 2026-08-24 09:25:34 --> Session: Class initialized using 'CodeIgniter\Session\Handlers\FileHandler' driver.
DEBUG - 2026-08-24 09:26:04 --> Session: Class initialized using 'CodeIgniter\Session\Handlers\FileHandler' driver.
DEBUG - 2026-08-24 09:26:28 --> Session: Class initialized using 'CodeIgniter\Session\Handlers\FileHandler' driver.
DEBUG - 2026-08-24 09:26:30 --> Session: Class initialized using 'CodeIgniter\Session\Handlers\FileHandler' driver.
DEBUG - 2026-08-24 09:26:44 --> Session: Class initialized using 'CodeIgniter\Session\Handlers\FileHandler' driver.
DEBUG - 2026-08-24 09:26:46 --> Session: Class initialized using 'CodeIgniter\Session\Handlers\FileHandler' driver.
DEBUG - 2026-08-24 09:26:49 --> Session: Class initialized using 'CodeIgniter\Session\Handlers\FileHandler' driver.
DEBUG - 2026-08-24 09:26:52 --> Session: Class initialized using 'CodeIgniter\Session\Handlers\FileHandler' driver.
DEBUG - 2026-08-24 09:27:22 --> Session: Class initialized using 'CodeIgniter\Session\Handlers\FileHandler' driver.
DEBUG - 2026-08-24 09:27:52 --> Session: Class initialized using 'CodeIgniter\Session\Handlers\FileHandler' driver.
DEBUG - 2026-08-24 09:28:22 --> Session: Class initialized using 'CodeIgniter\Session\Handlers\FileHandler' driver.
DEBUG - 2026-08-24 09:28:52 --> Session: Class initialized using 'CodeIgniter\Session\Handlers\FileHandler' driver.
DEBUG - 2026-08-24 09:28:58 --> Session: Class initialized using 'CodeIgniter\Session\Handlers\FileHandler' driver.
DEBUG - 2026-08-24 09:29:00 --> Session: Class initialized using 'CodeIgniter\Session\Handlers\FileHandler' driver.
DEBUG - 2026-08-24 09:29:30 --> Session: Class initialized using 'CodeIgniter\Session\Handlers\FileHandler' driver.
DEBUG - 2026-08-24 09:30:00 --> Session: Class initialized using 'CodeIgniter\Session\Handlers\FileHandler' driver.
DEBUG - 2026-08-24 09:30:30 --> Session: Class initialized using 'CodeIgniter\Session\Handlers\FileHandler' driver.
DEBUG - 2026-08-24 09:31:00 --> Session: Class initialized using 'CodeIgniter\Session\Handlers\FileHandler' driver.
DEBUG - 2026-08-24 09:31:30 --> Session: Class initialized using 'CodeIgniter\Session\Handlers\FileHandler' driver.
DEBUG - 2026-08-24 09:32:00 --> Session: Class initialized using 'CodeIgniter\Session\Handlers\FileHandler' driver.
DEBUG - 2026-08-24 09:32:30 --> Session: Class initialized using 'CodeIgniter\Session\Handlers\FileHandler' driver.
DEBUG - 2026-08-24 09:33:00 --> Session: Class initialized using 'CodeIgniter\Session\Handlers\FileHandler' driver.
DEBUG - 2026-08-24 09:33:30 --> Session: Class initialized using 'CodeIgniter\Session\Handlers\FileHandler' driver.
DEBUG - 2026-08-24 09:34:00 --> Session: Class initialized using 'CodeIgniter\Session\Handlers\FileHandler' driver.
DEBUG - 2026-08-24 09:34:30 --> Session: Class initialized using 'CodeIgniter\Session\Handlers\FileHandler' driver.
DEBUG - 2026-08-24 09:35:00 --> Session: Class initialized using 'CodeIgniter\Session\Handlers\FileHandler' driver.
DEBUG - 2026-08-24 09:35:03 --> Session: Class initialized using 'CodeIgniter\Session\Handlers\FileHandler' driver.
DEBUG - 2026-08-24 09:35:05 --> Session: Class initialized using 'CodeIgniter\Session\Handlers\FileHandler' driver.
DEBUG - 2026-08-24 09:35:35 --> Session: Class initialized using 'CodeIgniter\Session\Handlers\FileHandler' driver.
DEBUG - 2026-08-24 09:35:46 --> Session: Class initialized using 'CodeIgniter\Session\Handlers\FileHandler' driver.
DEBUG - 2026-08-24 09:35:49 --> Session: Class initialized using 'CodeIgniter\Session\Handlers\FileHandler' driver.
DEBUG - 2026-08-24 09:36:19 --> Session: Class initialized using 'CodeIgniter\Session\Handlers\FileHandler' driver.
DEBUG - 2026-08-24 09:36:49 --> Session: Class initialized using 'CodeIgniter\Session\Handlers\FileHandler' driver.
DEBUG - 2026-08-24 09:36:51 --> Session: Class initialized using 'CodeIgniter\Session\Handlers\FileHandler' driver.
DEBUG - 2026-08-24 09:36:54 --> Session: Class initialized using 'CodeIgniter\Session\Handlers\FileHandler' driver.
DEBUG - 2026-08-24 09:36:57 --> Session: Class initialized using 'CodeIgniter\Session\Handlers\FileHandler' driver.
DEBUG - 2026-08-24 09:37:01 --> Session: Class initialized using 'CodeIgniter\Session\Handlers\FileHandler' driver.
DEBUG - 2026-08-24 09:37:04 --> Session: Class initialized using 'CodeIgniter\Session\Handlers\FileHandler' driver.
DEBUG - 2026-08-24 09:37:12 --> Session: Class initialized using 'CodeIgniter\Session\Handlers\FileHandler' driver.
DEBUG - 2026-08-24 09:37:24 --> Session: Class initialized using 'CodeIgniter\Session\Handlers\FileHandler' driver.
INFO - 2026-08-24 09:37:26 --> CSRF token verified.
DEBUG - 2026-08-24 09:37:30 --> Session: Class initialized using 'CodeIgniter\Session\Handlers\FileHandler' driver.
DEBUG - 2026-08-24 09:37:54 --> Session: Class initialized using 'CodeIgniter\Session\Handlers\FileHandler' driver.
DEBUG - 2026-08-24 09:38:24 --> Session: Class initialized using 'CodeIgniter\Session\Handlers\FileHandler' driver.
DEBUG - 2026-08-24 09:38:54 --> Session: Class initialized using 'CodeIgniter\Session\Handlers\FileHandler' driver.
DEBUG - 2026-08-24 09:39:24 --> Session: Class initialized using 'CodeIgniter\Session\Handlers\FileHandler' driver.
DEBUG - 2026-08-24 09:39:54 --> Session: Class initialized using 'CodeIgniter\Session\Handlers\FileHandler' driver.
DEBUG - 2026-08-24 09:40:06 --> Session: Class initialized using 'CodeIgniter\Session\Handlers\FileHandler' driver.
DEBUG - 2026-08-24 09:40:09 --> Session: Class initialized using 'CodeIgniter\Session\Handlers\FileHandler' driver.
DEBUG - 2026-08-24 09:40:22 --> Session: Class initialized using 'CodeIgniter\Session\Handlers\FileHandler' driver.
DEBUG - 2026-08-24 09:40:39 --> Session: Class initialized using 'CodeIgniter\Session\Handlers\FileHandler' driver.
DEBUG - 2026-08-24 09:41:09 --> Session: Class initialized using 'CodeIgniter\Session\Handlers\FileHandler' driver.
DEBUG - 2026-08-24 09:41:39 --> Session: Class initialized using 'CodeIgniter\Session\Handlers\FileHandler' driver.
DEBUG - 2026-08-24 09:42:09 --> Session: Class initialized using 'CodeIgniter\Session\Handlers\FileHandler' driver.
DEBUG - 2026-08-24 09:42:39 --> Session: Class initialized using 'CodeIgniter\Session\Handlers\FileHandler' driver.
DEBUG - 2026-08-24 09:43:09 --> Session: Class initialized using 'CodeIgniter\Session\Handlers\FileHandler' driver.
DEBUG - 2026-08-24 09:43:39 --> Session: Class initialized using 'CodeIgniter\Session\Handlers\FileHandler' driver.
DEBUG - 2026-08-24 09:44:17 --> Session: Class initialized using 'CodeIgniter\Session\Handlers\FileHandler' driver.
DEBUG - 2026-08-24 09:44:23 --> Session: Class initialized using 'CodeIgniter\Session\Handlers\FileHandler' driver.
DEBUG - 2026-08-24 09:44:25 --> Session: Class initialized using 'CodeIgniter\Session\Handlers\FileHandler' driver.
DEBUG - 2026-08-24 09:44:36 --> Session: Class initialized using 'CodeIgniter\Session\Handlers\FileHandler' driver.
DEBUG - 2026-08-24 09:44:55 --> Session: Class initialized using 'CodeIgniter\Session\Handlers\FileHandler' driver.
DEBUG - 2026-08-24 09:45:11 --> Session: Class initialized using 'CodeIgniter\Session\Handlers\FileHandler' driver.
DEBUG - 2026-08-24 09:45:12 --> Session: Class initialized using 'CodeIgniter\Session\Handlers\FileHandler' driver.
DEBUG - 2026-08-24 09:45:42 --> Session: Class initialized using 'CodeIgniter\Session\Handlers\FileHandler' driver.
DEBUG - 2026-08-24 09:46:12 --> Session: Class initialized using 'CodeIgniter\Session\Handlers\FileHandler' driver.
DEBUG - 2026-08-24 09:46:42 --> Session: Class initialized using 'CodeIgniter\Session\Handlers\FileHandler' driver.
DEBUG - 2026-08-24 09:46:58 --> Session: Class initialized using 'CodeIgniter\Session\Handlers\FileHandler' driver.
DEBUG - 2026-08-24 09:46:59 --> Session: Class initialized using 'CodeIgniter\Session\Handlers\FileHandler' driver.
DEBUG - 2026-08-24 09:47:08 --> Session: Class initialized using 'CodeIgniter\Session\Handlers\FileHandler' driver.
DEBUG - 2026-08-24 09:47:10 --> Session: Class initialized using 'CodeIgniter\Session\Handlers\FileHandler' driver.
DEBUG - 2026-08-24 09:47:16 --> Session: Class initialized using 'CodeIgniter\Session\Handlers\FileHandler' driver.
DEBUG - 2026-08-24 09:47:17 --> Session: Class initialized using 'CodeIgniter\Session\Handlers\FileHandler' driver.
DEBUG - 2026-08-24 09:47:36 --> Session: Class initialized using 'CodeIgniter\Session\Handlers\FileHandler' driver.
DEBUG - 2026-08-24 09:47:37 --> Session: Class initialized using 'CodeIgniter\Session\Handlers\FileHandler' driver.
DEBUG - 2026-08-24 09:47:40 --> Session: Class initialized using 'CodeIgniter\Session\Handlers\FileHandler' driver.
DEBUG - 2026-08-24 09:47:41 --> Session: Class initialized using 'CodeIgniter\Session\Handlers\FileHandler' driver.
DEBUG - 2026-08-24 09:47:44 --> Session: Class initialized using 'CodeIgniter\Session\Handlers\FileHandler' driver.
DEBUG - 2026-08-24 09:47:45 --> Session: Class initialized using 'CodeIgniter\Session\Handlers\FileHandler' driver.
DEBUG - 2026-08-24 09:47:49 --> Session: Class initialized using 'CodeIgniter\Session\Handlers\FileHandler' driver.
DEBUG - 2026-08-24 09:47:50 --> Session: Class initialized using 'CodeIgniter\Session\Handlers\FileHandler' driver.
DEBUG - 2026-08-24 09:48:20 --> Session: Class initialized using 'CodeIgniter\Session\Handlers\FileHandler' driver.
DEBUG - 2026-08-24 09:48:50 --> Session: Class initialized using 'CodeIgniter\Session\Handlers\FileHandler' driver.
DEBUG - 2026-08-24 09:49:20 --> Session: Class initialized using 'CodeIgniter\Session\Handlers\FileHandler' driver.
DEBUG - 2026-08-24 09:49:50 --> Session: Class initialized using 'CodeIgniter\Session\Handlers\FileHandler' driver.
DEBUG - 2026-08-24 09:50:20 --> Session: Class initialized using 'CodeIgniter\Session\Handlers\FileHandler' driver.
DEBUG - 2026-08-24 09:50:50 --> Session: Class initialized using 'CodeIgniter\Session\Handlers\FileHandler' driver.
DEBUG - 2026-08-24 09:51:20 --> Session: Class initialized using 'CodeIgniter\Session\Handlers\FileHandler' driver.
DEBUG - 2026-08-24 09:51:50 --> Session: Class initialized using 'CodeIgniter\Session\Handlers\FileHandler' driver.
DEBUG - 2026-08-24 09:52:20 --> Session: Class initialized using 'CodeIgniter\Session\Handlers\FileHandler' driver.
DEBUG - 2026-08-24 09:52:50 --> Session: Class initialized using 'CodeIgniter\Session\Handlers\FileHandler' driver.
DEBUG - 2026-08-24 09:53:20 --> Session: Class initialized using 'CodeIgniter\Session\Handlers\FileHandler' driver.
DEBUG - 2026-08-24 09:54:17 --> Session: Class initialized using 'CodeIgniter\Session\Handlers\FileHandler' driver.
DEBUG - 2026-08-24 09:55:17 --> Session: Class initialized using 'CodeIgniter\Session\Handlers\FileHandler' driver.
DEBUG - 2026-08-24 09:56:17 --> Session: Class initialized using 'CodeIgniter\Session\Handlers\FileHandler' driver.
DEBUG - 2026-08-24 09:57:17 --> Session: Class initialized using 'CodeIgniter\Session\Handlers\FileHandler' driver.
DEBUG - 2026-08-24 09:58:13 --> Session: Class initialized using 'CodeIgniter\Session\Handlers\FileHandler' driver.
DEBUG - 2026-08-24 09:58:15 --> Session: Class initialized using 'CodeIgniter\Session\Handlers\FileHandler' driver.
DEBUG - 2026-08-24 09:58:17 --> Session: Class initialized using 'CodeIgniter\Session\Handlers\FileHandler' driver.
DEBUG - 2026-08-24 09:58:28 --> Session: Class initialized using 'CodeIgniter\Session\Handlers\FileHandler' driver.
DEBUG - 2026-08-24 09:58:30 --> Session: Class initialized using 'CodeIgniter\Session\Handlers\FileHandler' driver.
DEBUG - 2026-08-24 09:58:44 --> Session: Class initialized using 'CodeIgniter\Session\Handlers\FileHandler' driver.
DEBUG - 2026-08-24 09:58:46 --> Session: Class initialized using 'CodeIgniter\Session\Handlers\FileHandler' driver.
DEBUG - 2026-08-24 09:59:16 --> Session: Class initialized using 'CodeIgniter\Session\Handlers\FileHandler' driver.
DEBUG - 2026-08-24 09:59:46 --> Session: Class initialized using 'CodeIgniter\Session\Handlers\FileHandler' driver.
DEBUG - 2026-08-24 09:59:52 --> Session: Class initialized using 'CodeIgniter\Session\Handlers\FileHandler' driver.
DEBUG - 2026-08-24 09:59:53 --> Session: Class initialized using 'CodeIgniter\Session\Handlers\FileHandler' driver.
DEBUG - 2026-08-24 10:00:14 --> Session: Class initialized using 'CodeIgniter\Session\Handlers\FileHandler' driver.
DEBUG - 2026-08-24 10:00:16 --> Session: Class initialized using 'CodeIgniter\Session\Handlers\FileHandler' driver.
DEBUG - 2026-08-24 10:00:19 --> Session: Class initialized using 'CodeIgniter\Session\Handlers\FileHandler' driver.
INFO - 2026-08-24 10:00:19 --> CSRF token verified.
DEBUG - 2026-08-24 10:00:20 --> Session: Class initialized using 'CodeIgniter\Session\Handlers\FileHandler' driver.
DEBUG - 2026-08-24 10:00:21 --> Session: Class initialized using 'CodeIgniter\Session\Handlers\FileHandler' driver.
DEBUG - 2026-08-24 10:00:26 --> Session: Class initialized using 'CodeIgniter\Session\Handlers\FileHandler' driver.
INFO - 2026-08-24 10:00:26 --> CSRF token verified.
DEBUG - 2026-08-24 10:00:27 --> Session: Class initialized using 'CodeIgniter\Session\Handlers\FileHandler' driver.
DEBUG - 2026-08-24 10:00:28 --> Session: Class initialized using 'CodeIgniter\Session\Handlers\FileHandler' driver.
DEBUG - 2026-08-24 10:00:41 --> Session: Class initialized using 'CodeIgniter\Session\Handlers\FileHandler' driver.
INFO - 2026-08-24 10:00:41 --> CSRF token verified.
DEBUG - 2026-08-24 10:00:42 --> Session: Class initialized using 'CodeIgniter\Session\Handlers\FileHandler' driver.
DEBUG - 2026-08-24 10:00:43 --> Session: Class initialized using 'CodeIgniter\Session\Handlers\FileHandler' driver.
DEBUG - 2026-08-24 10:00:49 --> Session: Class initialized using 'CodeIgniter\Session\Handlers\FileHandler' driver.
DEBUG - 2026-08-24 10:00:51 --> Session: Class initialized using 'CodeIgniter\Session\Handlers\FileHandler' driver.
DEBUG - 2026-08-24 10:01:21 --> Session: Class initialized using 'CodeIgniter\Session\Handlers\FileHandler' driver.
DEBUG - 2026-08-24 10:01:51 --> Session: Class initialized using 'CodeIgniter\Session\Handlers\FileHandler' driver.
DEBUG - 2026-08-24 10:02:21 --> Session: Class initialized using 'CodeIgniter\Session\Handlers\FileHandler' driver.
DEBUG - 2026-08-24 10:02:51 --> Session: Class initialized using 'CodeIgniter\Session\Handlers\FileHandler' driver.
DEBUG - 2026-08-24 10:03:21 --> Session: Class initialized using 'CodeIgniter\Session\Handlers\FileHandler' driver.
DEBUG - 2026-08-24 10:03:51 --> Session: Class initialized using 'CodeIgniter\Session\Handlers\FileHandler' driver.
DEBUG - 2026-08-24 10:04:21 --> Session: Class initialized using 'CodeIgniter\Session\Handlers\FileHandler' driver.
DEBUG - 2026-08-24 10:04:25 --> Session: Class initialized using 'CodeIgniter\Session\Handlers\FileHandler' driver.
DEBUG - 2026-08-24 10:04:27 --> Session: Class initialized using 'CodeIgniter\Session\Handlers\FileHandler' driver.
DEBUG - 2026-08-24 10:04:34 --> Session: Class initialized using 'CodeIgniter\Session\Handlers\FileHandler' driver.
INFO - 2026-08-24 10:04:34 --> CSRF token verified.
DEBUG - 2026-08-24 10:04:35 --> Session: Class initialized using 'CodeIgniter\Session\Handlers\FileHandler' driver.
DEBUG - 2026-08-24 10:04:36 --> Session: Class initialized using 'CodeIgniter\Session\Handlers\FileHandler' driver.
DEBUG - 2026-08-24 10:04:39 --> Session: Class initialized using 'CodeIgniter\Session\Handlers\FileHandler' driver.
DEBUG - 2026-08-24 10:04:40 --> Session: Class initialized using 'CodeIgniter\Session\Handlers\FileHandler' driver.
DEBUG - 2026-08-24 10:04:45 --> Session: Class initialized using 'CodeIgniter\Session\Handlers\FileHandler' driver.
DEBUG - 2026-08-24 10:04:46 --> Session: Class initialized using 'CodeIgniter\Session\Handlers\FileHandler' driver.
DEBUG - 2026-08-24 10:05:12 --> Session: Class initialized using 'CodeIgniter\Session\Handlers\FileHandler' driver.
INFO - 2026-08-24 10:05:12 --> CSRF token verified.
DEBUG - 2026-08-24 10:05:13 --> Session: Class initialized using 'CodeIgniter\Session\Handlers\FileHandler' driver.
DEBUG - 2026-08-24 10:05:15 --> Session: Class initialized using 'CodeIgniter\Session\Handlers\FileHandler' driver.
DEBUG - 2026-08-24 10:05:45 --> Session: Class initialized using 'CodeIgniter\Session\Handlers\FileHandler' driver.
DEBUG - 2026-08-24 10:06:15 --> Session: Class initialized using 'CodeIgniter\Session\Handlers\FileHandler' driver.
DEBUG - 2026-08-24 10:06:45 --> Session: Class initialized using 'CodeIgniter\Session\Handlers\FileHandler' driver.
DEBUG - 2026-08-24 10:07:15 --> Session: Class initialized using 'CodeIgniter\Session\Handlers\FileHandler' driver.
DEBUG - 2026-08-24 10:07:33 --> Session: Class initialized using 'CodeIgniter\Session\Handlers\FileHandler' driver.
DEBUG - 2026-08-24 10:07:35 --> Session: Class initialized using 'CodeIgniter\Session\Handlers\FileHandler' driver.
DEBUG - 2026-08-24 10:07:58 --> Session: Class initialized using 'CodeIgniter\Session\Handlers\FileHandler' driver.
DEBUG - 2026-08-24 10:08:00 --> Session: Class initialized using 'CodeIgniter\Session\Handlers\FileHandler' driver.
DEBUG - 2026-08-24 10:08:03 --> Session: Class initialized using 'CodeIgniter\Session\Handlers\FileHandler' driver.
DEBUG - 2026-08-24 10:08:04 --> Session: Class initialized using 'CodeIgniter\Session\Handlers\FileHandler' driver.
DEBUG - 2026-08-24 10:08:09 --> Session: Class initialized using 'CodeIgniter\Session\Handlers\FileHandler' driver.
INFO - 2026-08-24 10:08:09 --> CSRF token verified.
DEBUG - 2026-08-24 10:08:09 --> Session: Class initialized using 'CodeIgniter\Session\Handlers\FileHandler' driver.
DEBUG - 2026-08-24 10:08:11 --> Session: Class initialized using 'CodeIgniter\Session\Handlers\FileHandler' driver.
DEBUG - 2026-08-24 10:08:14 --> Session: Class initialized using 'CodeIgniter\Session\Handlers\FileHandler' driver.
DEBUG - 2026-08-24 10:08:15 --> Session: Class initialized using 'CodeIgniter\Session\Handlers\FileHandler' driver.
DEBUG - 2026-08-24 10:08:17 --> Session: Class initialized using 'CodeIgniter\Session\Handlers\FileHandler' driver.
DEBUG - 2026-08-24 10:08:19 --> Session: Class initialized using 'CodeIgniter\Session\Handlers\FileHandler' driver.
DEBUG - 2026-08-24 10:08:49 --> Session: Class initialized using 'CodeIgniter\Session\Handlers\FileHandler' driver.
DEBUG - 2026-08-24 10:08:59 --> Session: Class initialized using 'CodeIgniter\Session\Handlers\FileHandler' driver.
DEBUG - 2026-08-24 10:09:01 --> Session: Class initialized using 'CodeIgniter\Session\Handlers\FileHandler' driver.
DEBUG - 2026-08-24 10:09:04 --> Session: Class initialized using 'CodeIgniter\Session\Handlers\FileHandler' driver.
DEBUG - 2026-08-24 10:09:06 --> Session: Class initialized using 'CodeIgniter\Session\Handlers\FileHandler' driver.
DEBUG - 2026-08-24 10:09:36 --> Session: Class initialized using 'CodeIgniter\Session\Handlers\FileHandler' driver.
DEBUG - 2026-08-24 10:10:06 --> Session: Class initialized using 'CodeIgniter\Session\Handlers\FileHandler' driver.
DEBUG - 2026-08-24 10:10:36 --> Session: Class initialized using 'CodeIgniter\Session\Handlers\FileHandler' driver.
DEBUG - 2026-08-24 10:10:45 --> Session: Class initialized using 'CodeIgniter\Session\Handlers\FileHandler' driver.
DEBUG - 2026-08-24 10:10:47 --> Session: Class initialized using 'CodeIgniter\Session\Handlers\FileHandler' driver.
DEBUG - 2026-08-24 10:10:55 --> Session: Class initialized using 'CodeIgniter\Session\Handlers\FileHandler' driver.
DEBUG - 2026-08-24 10:10:56 --> Session: Class initialized using 'CodeIgniter\Session\Handlers\FileHandler' driver.
DEBUG - 2026-08-24 10:10:58 --> Session: Class initialized using 'CodeIgniter\Session\Handlers\FileHandler' driver.
DEBUG - 2026-08-24 10:11:00 --> Session: Class initialized using 'CodeIgniter\Session\Handlers\FileHandler' driver.
DEBUG - 2026-08-24 10:11:04 --> Session: Class initialized using 'CodeIgniter\Session\Handlers\FileHandler' driver.
INFO - 2026-08-24 10:11:04 --> CSRF token verified.
DEBUG - 2026-08-24 10:11:05 --> Session: Class initialized using 'CodeIgniter\Session\Handlers\FileHandler' driver.
DEBUG - 2026-08-24 10:11:06 --> Session: Class initialized using 'CodeIgniter\Session\Handlers\FileHandler' driver.
DEBUG - 2026-08-24 10:11:09 --> Session: Class initialized using 'CodeIgniter\Session\Handlers\FileHandler' driver.
DEBUG - 2026-08-24 10:11:11 --> Session: Class initialized using 'CodeIgniter\Session\Handlers\FileHandler' driver.
DEBUG - 2026-08-24 10:11:41 --> Session: Class initialized using 'CodeIgniter\Session\Handlers\FileHandler' driver.
DEBUG - 2026-08-24 10:12:11 --> Session: Class initialized using 'CodeIgniter\Session\Handlers\FileHandler' driver.
DEBUG - 2026-08-24 10:12:41 --> Session: Class initialized using 'CodeIgniter\Session\Handlers\FileHandler' driver.
DEBUG - 2026-08-24 10:13:11 --> Session: Class initialized using 'CodeIgniter\Session\Handlers\FileHandler' driver.
DEBUG - 2026-08-24 10:13:41 --> Session: Class initialized using 'CodeIgniter\Session\Handlers\FileHandler' driver.
DEBUG - 2026-08-24 10:14:11 --> Session: Class initialized using 'CodeIgniter\Session\Handlers\FileHandler' driver.
DEBUG - 2026-08-24 10:14:41 --> Session: Class initialized using 'CodeIgniter\Session\Handlers\FileHandler' driver.
DEBUG - 2026-08-24 10:15:11 --> Session: Class initialized using 'CodeIgniter\Session\Handlers\FileHandler' driver.
DEBUG - 2026-08-24 10:16:12 --> Session: Class initialized using 'CodeIgniter\Session\Handlers\FileHandler' driver.
DEBUG - 2026-08-24 10:16:17 --> Session: Class initialized using 'CodeIgniter\Session\Handlers\FileHandler' driver.
DEBUG - 2026-08-24 10:16:18 --> Session: Class initialized using 'CodeIgniter\Session\Handlers\FileHandler' driver.
DEBUG - 2026-08-24 10:16:48 --> Session: Class initialized using 'CodeIgniter\Session\Handlers\FileHandler' driver.
DEBUG - 2026-08-24 10:17:14 --> Session: Class initialized using 'CodeIgniter\Session\Handlers\FileHandler' driver.
DEBUG - 2026-08-24 10:17:16 --> Session: Class initialized using 'CodeIgniter\Session\Handlers\FileHandler' driver.
DEBUG - 2026-08-24 10:17:46 --> Session: Class initialized using 'CodeIgniter\Session\Handlers\FileHandler' driver.
DEBUG - 2026-08-24 10:18:16 --> Session: Class initialized using 'CodeIgniter\Session\Handlers\FileHandler' driver.
DEBUG - 2026-08-24 10:18:46 --> Session: Class initialized using 'CodeIgniter\Session\Handlers\FileHandler' driver.
DEBUG - 2026-08-24 10:18:51 --> Session: Class initialized using 'CodeIgniter\Session\Handlers\FileHandler' driver.
DEBUG - 2026-08-24 10:18:53 --> Session: Class initialized using 'CodeIgniter\Session\Handlers\FileHandler' driver.
DEBUG - 2026-08-24 10:19:11 --> Session: Class initialized using 'CodeIgniter\Session\Handlers\FileHandler' driver.
DEBUG - 2026-08-24 10:19:13 --> Session: Class initialized using 'CodeIgniter\Session\Handlers\FileHandler' driver.
DEBUG - 2026-08-24 10:19:25 --> Session: Class initialized using 'CodeIgniter\Session\Handlers\FileHandler' driver.
DEBUG - 2026-08-24 10:19:27 --> Session: Class initialized using 'CodeIgniter\Session\Handlers\FileHandler' driver.
DEBUG - 2026-08-24 10:19:36 --> Session: Class initialized using 'CodeIgniter\Session\Handlers\FileHandler' driver.
DEBUG - 2026-08-24 10:19:38 --> Session: Class initialized using 'CodeIgniter\Session\Handlers\FileHandler' driver.
DEBUG - 2026-08-24 10:20:04 --> Session: Class initialized using 'CodeIgniter\Session\Handlers\FileHandler' driver.
DEBUG - 2026-08-24 10:20:04 --> Session: Class initialized using 'CodeIgniter\Session\Handlers\FileHandler' driver.
DEBUG - 2026-08-24 10:20:08 --> Session: Class initialized using 'CodeIgniter\Session\Handlers\FileHandler' driver.
DEBUG - 2026-08-24 10:20:48 --> Session: Class initialized using 'CodeIgniter\Session\Handlers\FileHandler' driver.
INFO - 2026-08-24 10:20:49 --> CSRF token verified.
DEBUG - 2026-08-24 10:20:50 --> Session: Class initialized using 'CodeIgniter\Session\Handlers\FileHandler' driver.
DEBUG - 2026-08-24 10:20:50 --> Session: Class initialized using 'CodeIgniter\Session\Handlers\FileHandler' driver.
DEBUG - 2026-08-24 10:20:53 --> Session: Class initialized using 'CodeIgniter\Session\Handlers\FileHandler' driver.
DEBUG - 2026-08-24 10:20:54 --> Session: Class initialized using 'CodeIgniter\Session\Handlers\FileHandler' driver.
DEBUG - 2026-08-24 10:21:08 --> Session: Class initialized using 'CodeIgniter\Session\Handlers\FileHandler' driver.
DEBUG - 2026-08-24 10:21:09 --> Session: Class initialized using 'CodeIgniter\Session\Handlers\FileHandler' driver.
DEBUG - 2026-08-24 10:21:12 --> Session: Class initialized using 'CodeIgniter\Session\Handlers\FileHandler' driver.
DEBUG - 2026-08-24 10:21:28 --> Session: Class initialized using 'CodeIgniter\Session\Handlers\FileHandler' driver.
CRITICAL - 2026-08-24 10:21:28 --> CodeIgniter\Security\Exceptions\SecurityException: The action you requested is not allowed.
[Method: POST, Route: produtos/enviar-grupos]
in SYSTEMPATH\Security\Security.php on line 258.
 1 SYSTEMPATH\Security\Security.php(258): CodeIgniter\Security\Exceptions\SecurityException::forDisallowedAction()
 2 SYSTEMPATH\Filters\CSRF.php(52): CodeIgniter\Security\Security->verify()
 3 SYSTEMPATH\Filters\Filters.php(241): CodeIgniter\Filters\CSRF->before()
 4 SYSTEMPATH\Filters\Filters.php(221): CodeIgniter\Filters\Filters->runBefore()
 5 SYSTEMPATH\CodeIgniter.php(488): CodeIgniter\Filters\Filters->run()
 6 SYSTEMPATH\CodeIgniter.php(363): CodeIgniter\CodeIgniter->handleRequest()
 7 SYSTEMPATH\Boot.php(417): CodeIgniter\CodeIgniter->run()
 8 SYSTEMPATH\Boot.php(68): CodeIgniter\Boot::runCodeIgniter()
 9 FCPATH\index.php(59): CodeIgniter\Boot::bootWeb()
10 SYSTEMPATH\rewrite.php(44): require_once('C:\\Sistemas\\Dias Imports\\Dias Importes - Marketing v2\\dias_imports_v2\\public\\index.php')
DEBUG - 2026-08-24 10:21:38 --> Session: Class initialized using 'CodeIgniter\Session\Handlers\FileHandler' driver.
DEBUG - 2026-08-24 10:21:48 --> Session: Class initialized using 'CodeIgniter\Session\Handlers\FileHandler' driver.
DEBUG - 2026-08-24 10:22:08 --> Session: Class initialized using 'CodeIgniter\Session\Handlers\FileHandler' driver.
DEBUG - 2026-08-24 10:22:12 --> Session: Class initialized using 'CodeIgniter\Session\Handlers\FileHandler' driver.
DEBUG - 2026-08-24 10:22:20 --> Session: Class initialized using 'CodeIgniter\Session\Handlers\FileHandler' driver.
DEBUG - 2026-08-24 10:22:22 --> Session: Class initialized using 'CodeIgniter\Session\Handlers\FileHandler' driver.
DEBUG - 2026-08-24 10:22:31 --> Session: Class initialized using 'CodeIgniter\Session\Handlers\FileHandler' driver.
INFO - 2026-08-24 10:22:31 --> CSRF token verified.
DEBUG - 2026-08-24 10:22:35 --> Session: Class initialized using 'CodeIgniter\Session\Handlers\FileHandler' driver.
DEBUG - 2026-08-24 10:22:37 --> Session: Class initialized using 'CodeIgniter\Session\Handlers\FileHandler' driver.
DEBUG - 2026-08-24 10:22:40 --> Session: Class initialized using 'CodeIgniter\Session\Handlers\FileHandler' driver.
DEBUG - 2026-08-24 10:22:42 --> Session: Class initialized using 'CodeIgniter\Session\Handlers\FileHandler' driver.
DEBUG - 2026-08-24 10:22:43 --> Session: Class initialized using 'CodeIgniter\Session\Handlers\FileHandler' driver.
DEBUG - 2026-08-24 10:23:01 --> Session: Class initialized using 'CodeIgniter\Session\Handlers\FileHandler' driver.
DEBUG - 2026-08-24 10:23:03 --> Session: Class initialized using 'CodeIgniter\Session\Handlers\FileHandler' driver.
DEBUG - 2026-08-24 10:23:38 --> Session: Class initialized using 'CodeIgniter\Session\Handlers\FileHandler' driver.
DEBUG - 2026-08-24 10:23:41 --> Session: Class initialized using 'CodeIgniter\Session\Handlers\FileHandler' driver.
DEBUG - 2026-08-24 10:23:42 --> Session: Class initialized using 'CodeIgniter\Session\Handlers\FileHandler' driver.
DEBUG - 2026-08-24 10:23:43 --> Session: Class initialized using 'CodeIgniter\Session\Handlers\FileHandler' driver.
DEBUG - 2026-08-24 10:23:45 --> Session: Class initialized using 'CodeIgniter\Session\Handlers\FileHandler' driver.
DEBUG - 2026-08-24 10:23:46 --> Session: Class initialized using 'CodeIgniter\Session\Handlers\FileHandler' driver.
DEBUG - 2026-08-24 10:23:48 --> Session: Class initialized using 'CodeIgniter\Session\Handlers\FileHandler' driver.
DEBUG - 2026-08-24 10:23:51 --> Session: Class initialized using 'CodeIgniter\Session\Handlers\FileHandler' driver.
DEBUG - 2026-08-24 10:23:52 --> Session: Class initialized using 'CodeIgniter\Session\Handlers\FileHandler' driver.
DEBUG - 2026-08-24 10:25:29 --> Session: Class initialized using 'CodeIgniter\Session\Handlers\FileHandler' driver.
DEBUG - 2026-08-24 10:25:31 --> Session: Class initialized using 'CodeIgniter\Session\Handlers\FileHandler' driver.
DEBUG - 2026-08-24 10:25:40 --> Session: Class initialized using 'CodeIgniter\Session\Handlers\FileHandler' driver.
DEBUG - 2026-08-24 10:25:41 --> Session: Class initialized using 'CodeIgniter\Session\Handlers\FileHandler' driver.
DEBUG - 2026-08-24 10:28:30 --> Session: Class initialized using 'CodeIgniter\Session\Handlers\FileHandler' driver.
DEBUG - 2026-08-24 10:28:35 --> Session: Class initialized using 'CodeIgniter\Session\Handlers\FileHandler' driver.
DEBUG - 2026-08-24 10:28:37 --> Session: Class initialized using 'CodeIgniter\Session\Handlers\FileHandler' driver.
DEBUG - 2026-08-24 10:28:39 --> Session: Class initialized using 'CodeIgniter\Session\Handlers\FileHandler' driver.
DEBUG - 2026-08-24 10:28:40 --> Session: Class initialized using 'CodeIgniter\Session\Handlers\FileHandler' driver.
DEBUG - 2026-08-24 10:28:42 --> Session: Class initialized using 'CodeIgniter\Session\Handlers\FileHandler' driver.
DEBUG - 2026-08-24 10:28:43 --> Session: Class initialized using 'CodeIgniter\Session\Handlers\FileHandler' driver.
DEBUG - 2026-08-24 10:28:43 --> Session: Class initialized using 'CodeIgniter\Session\Handlers\FileHandler' driver.
DEBUG - 2026-08-24 10:28:46 --> Session: Class initialized using 'CodeIgniter\Session\Handlers\FileHandler' driver.
DEBUG - 2026-08-24 10:28:49 --> Session: Class initialized using 'CodeIgniter\Session\Handlers\FileHandler' driver.
DEBUG - 2026-08-24 10:31:54 --> Session: Class initialized using 'CodeIgniter\Session\Handlers\FileHandler' driver.
DEBUG - 2026-08-24 10:31:57 --> Session: Class initialized using 'CodeIgniter\Session\Handlers\FileHandler' driver.
DEBUG - 2026-08-24 10:32:01 --> Session: Class initialized using 'CodeIgniter\Session\Handlers\FileHandler' driver.
DEBUG - 2026-08-24 10:32:04 --> Session: Class initialized using 'CodeIgniter\Session\Handlers\FileHandler' driver.
DEBUG - 2026-08-24 10:32:05 --> Session: Class initialized using 'CodeIgniter\Session\Handlers\FileHandler' driver.
DEBUG - 2026-08-24 10:32:35 --> Session: Class initialized using 'CodeIgniter\Session\Handlers\FileHandler' driver.
DEBUG - 2026-08-24 10:33:05 --> Session: Class initialized using 'CodeIgniter\Session\Handlers\FileHandler' driver.
DEBUG - 2026-08-24 10:33:21 --> Session: Class initialized using 'CodeIgniter\Session\Handlers\FileHandler' driver.
DEBUG - 2026-08-24 10:33:22 --> Session: Class initialized using 'CodeIgniter\Session\Handlers\FileHandler' driver.
DEBUG - 2026-08-24 10:33:25 --> Session: Class initialized using 'CodeIgniter\Session\Handlers\FileHandler' driver.
DEBUG - 2026-08-24 10:33:26 --> Session: Class initialized using 'CodeIgniter\Session\Handlers\FileHandler' driver.
DEBUG - 2026-08-24 10:33:56 --> Session: Class initialized using 'CodeIgniter\Session\Handlers\FileHandler' driver.
DEBUG - 2026-08-24 10:34:26 --> Session: Class initialized using 'CodeIgniter\Session\Handlers\FileHandler' driver.
DEBUG - 2026-08-24 10:34:32 --> Session: Class initialized using 'CodeIgniter\Session\Handlers\FileHandler' driver.
DEBUG - 2026-08-24 10:34:34 --> Session: Class initialized using 'CodeIgniter\Session\Handlers\FileHandler' driver.
DEBUG - 2026-08-24 10:35:04 --> Session: Class initialized using 'CodeIgniter\Session\Handlers\FileHandler' driver.
DEBUG - 2026-08-24 10:35:34 --> Session: Class initialized using 'CodeIgniter\Session\Handlers\FileHandler' driver.
DEBUG - 2026-08-24 10:36:04 --> Session: Class initialized using 'CodeIgniter\Session\Handlers\FileHandler' driver.
DEBUG - 2026-08-24 10:36:33 --> Session: Class initialized using 'CodeIgniter\Session\Handlers\FileHandler' driver.
DEBUG - 2026-08-24 10:36:34 --> Session: Class initialized using 'CodeIgniter\Session\Handlers\FileHandler' driver.
DEBUG - 2026-08-24 10:36:37 --> Session: Class initialized using 'CodeIgniter\Session\Handlers\FileHandler' driver.
DEBUG - 2026-08-24 10:37:07 --> Session: Class initialized using 'CodeIgniter\Session\Handlers\FileHandler' driver.
DEBUG - 2026-08-24 10:37:37 --> Session: Class initialized using 'CodeIgniter\Session\Handlers\FileHandler' driver.
DEBUG - 2026-08-24 10:38:07 --> Session: Class initialized using 'CodeIgniter\Session\Handlers\FileHandler' driver.
DEBUG - 2026-08-24 10:38:20 --> Session: Class initialized using 'CodeIgniter\Session\Handlers\FileHandler' driver.
DEBUG - 2026-08-24 10:38:20 --> Session: Class initialized using 'CodeIgniter\Session\Handlers\FileHandler' driver.
DEBUG - 2026-08-24 10:39:31 --> Session: Class initialized using 'CodeIgniter\Session\Handlers\FileHandler' driver.
DEBUG - 2026-08-24 10:39:31 --> Session: Class initialized using 'CodeIgniter\Session\Handlers\FileHandler' driver.
INFO - 2026-08-24 10:39:41 --> CSRF token verified.
DEBUG - 2026-08-24 10:39:41 --> Session: Class initialized using 'CodeIgniter\Session\Handlers\FileHandler' driver.
DEBUG - 2026-08-24 10:39:42 --> Session: Class initialized using 'CodeIgniter\Session\Handlers\FileHandler' driver.
DEBUG - 2026-08-24 10:39:42 --> Session: Class initialized using 'CodeIgniter\Session\Handlers\FileHandler' driver.
DEBUG - 2026-08-24 10:39:47 --> Session: Class initialized using 'CodeIgniter\Session\Handlers\FileHandler' driver.
DEBUG - 2026-08-24 10:39:49 --> Session: Class initialized using 'CodeIgniter\Session\Handlers\FileHandler' driver.
DEBUG - 2026-08-24 10:39:59 --> Session: Class initialized using 'CodeIgniter\Session\Handlers\FileHandler' driver.
INFO - 2026-08-24 10:39:59 --> CSRF token verified.
DEBUG - 2026-08-24 10:40:03 --> Session: Class initialized using 'CodeIgniter\Session\Handlers\FileHandler' driver.
DEBUG - 2026-08-24 10:40:05 --> Session: Class initialized using 'CodeIgniter\Session\Handlers\FileHandler' driver.
DEBUG - 2026-08-24 10:40:06 --> Session: Class initialized using 'CodeIgniter\Session\Handlers\FileHandler' driver.
DEBUG - 2026-08-24 10:40:33 --> Session: Class initialized using 'CodeIgniter\Session\Handlers\FileHandler' driver.
DEBUG - 2026-08-24 10:40:36 --> Session: Class initialized using 'CodeIgniter\Session\Handlers\FileHandler' driver.
DEBUG - 2026-08-24 10:40:37 --> Session: Class initialized using 'CodeIgniter\Session\Handlers\FileHandler' driver.
DEBUG - 2026-08-24 10:40:40 --> Session: Class initialized using 'CodeIgniter\Session\Handlers\FileHandler' driver.
DEBUG - 2026-08-24 10:40:41 --> Session: Class initialized using 'CodeIgniter\Session\Handlers\FileHandler' driver.
DEBUG - 2026-08-24 10:42:33 --> Session: Class initialized using 'CodeIgniter\Session\Handlers\FileHandler' driver.
DEBUG - 2026-08-24 10:42:35 --> Session: Class initialized using 'CodeIgniter\Session\Handlers\FileHandler' driver.
DEBUG - 2026-08-24 10:42:36 --> Session: Class initialized using 'CodeIgniter\Session\Handlers\FileHandler' driver.
DEBUG - 2026-08-24 10:42:38 --> Session: Class initialized using 'CodeIgniter\Session\Handlers\FileHandler' driver.
DEBUG - 2026-08-24 10:42:39 --> Session: Class initialized using 'CodeIgniter\Session\Handlers\FileHandler' driver.
INFO - 2026-08-24 10:42:39 --> CSRF token verified.
DEBUG - 2026-08-24 10:42:40 --> Session: Class initialized using 'CodeIgniter\Session\Handlers\FileHandler' driver.
DEBUG - 2026-08-24 10:42:40 --> Session: Class initialized using 'CodeIgniter\Session\Handlers\FileHandler' driver.
DEBUG - 2026-08-24 10:42:44 --> Session: Class initialized using 'CodeIgniter\Session\Handlers\FileHandler' driver.
DEBUG - 2026-08-24 10:42:47 --> Session: Class initialized using 'CodeIgniter\Session\Handlers\FileHandler' driver.
DEBUG - 2026-08-24 10:42:48 --> Session: Class initialized using 'CodeIgniter\Session\Handlers\FileHandler' driver.
DEBUG - 2026-08-24 10:42:48 --> Session: Class initialized using 'CodeIgniter\Session\Handlers\FileHandler' driver.
DEBUG - 2026-08-24 10:42:50 --> Session: Class initialized using 'CodeIgniter\Session\Handlers\FileHandler' driver.
DEBUG - 2026-08-24 10:42:52 --> Session: Class initialized using 'CodeIgniter\Session\Handlers\FileHandler' driver.
DEBUG - 2026-08-24 10:42:55 --> Session: Class initialized using 'CodeIgniter\Session\Handlers\FileHandler' driver.
DEBUG - 2026-08-24 10:42:57 --> Session: Class initialized using 'CodeIgniter\Session\Handlers\FileHandler' driver.
DEBUG - 2026-08-24 10:43:02 --> Session: Class initialized using 'CodeIgniter\Session\Handlers\FileHandler' driver.
DEBUG - 2026-08-24 10:44:37 --> Session: Class initialized using 'CodeIgniter\Session\Handlers\FileHandler' driver.
DEBUG - 2026-08-24 10:44:40 --> Session: Class initialized using 'CodeIgniter\Session\Handlers\FileHandler' driver.
DEBUG - 2026-08-24 10:44:42 --> Session: Class initialized using 'CodeIgniter\Session\Handlers\FileHandler' driver.
DEBUG - 2026-08-24 10:44:50 --> Session: Class initialized using 'CodeIgniter\Session\Handlers\FileHandler' driver.
DEBUG - 2026-08-24 10:44:53 --> Session: Class initialized using 'CodeIgniter\Session\Handlers\FileHandler' driver.
DEBUG - 2026-08-24 10:46:18 --> Session: Class initialized using 'CodeIgniter\Session\Handlers\FileHandler' driver.
DEBUG - 2026-08-24 10:46:20 --> Session: Class initialized using 'CodeIgniter\Session\Handlers\FileHandler' driver.
DEBUG - 2026-08-24 10:46:22 --> Session: Class initialized using 'CodeIgniter\Session\Handlers\FileHandler' driver.
DEBUG - 2026-08-24 10:46:24 --> Session: Class initialized using 'CodeIgniter\Session\Handlers\FileHandler' driver.
DEBUG - 2026-08-24 10:46:26 --> Session: Class initialized using 'CodeIgniter\Session\Handlers\FileHandler' driver.
DEBUG - 2026-08-24 10:46:28 --> Session: Class initialized using 'CodeIgniter\Session\Handlers\FileHandler' driver.
DEBUG - 2026-08-24 10:46:30 --> Session: Class initialized using 'CodeIgniter\Session\Handlers\FileHandler' driver.
DEBUG - 2026-08-24 10:46:34 --> Session: Class initialized using 'CodeIgniter\Session\Handlers\FileHandler' driver.
DEBUG - 2026-08-24 10:46:41 --> Session: Class initialized using 'CodeIgniter\Session\Handlers\FileHandler' driver.
DEBUG - 2026-08-24 10:46:42 --> Session: Class initialized using 'CodeIgniter\Session\Handlers\FileHandler' driver.
DEBUG - 2026-08-24 10:46:43 --> Session: Class initialized using 'CodeIgniter\Session\Handlers\FileHandler' driver.
DEBUG - 2026-08-24 10:46:51 --> Session: Class initialized using 'CodeIgniter\Session\Handlers\FileHandler' driver.
DEBUG - 2026-08-24 10:46:52 --> Session: Class initialized using 'CodeIgniter\Session\Handlers\FileHandler' driver.
DEBUG - 2026-08-24 10:46:54 --> Session: Class initialized using 'CodeIgniter\Session\Handlers\FileHandler' driver.
DEBUG - 2026-08-24 10:46:57 --> Session: Class initialized using 'CodeIgniter\Session\Handlers\FileHandler' driver.
DEBUG - 2026-08-24 10:46:58 --> Session: Class initialized using 'CodeIgniter\Session\Handlers\FileHandler' driver.
DEBUG - 2026-08-24 10:47:00 --> Session: Class initialized using 'CodeIgniter\Session\Handlers\FileHandler' driver.
DEBUG - 2026-08-24 10:47:02 --> Session: Class initialized using 'CodeIgniter\Session\Handlers\FileHandler' driver.
DEBUG - 2026-08-24 10:47:04 --> Session: Class initialized using 'CodeIgniter\Session\Handlers\FileHandler' driver.
DEBUG - 2026-08-24 10:47:22 --> Session: Class initialized using 'CodeIgniter\Session\Handlers\FileHandler' driver.
DEBUG - 2026-08-24 10:47:24 --> Session: Class initialized using 'CodeIgniter\Session\Handlers\FileHandler' driver.
DEBUG - 2026-08-24 10:47:25 --> Session: Class initialized using 'CodeIgniter\Session\Handlers\FileHandler' driver.
DEBUG - 2026-08-24 10:48:57 --> Session: Class initialized using 'CodeIgniter\Session\Handlers\FileHandler' driver.
DEBUG - 2026-08-24 10:51:36 --> Session: Class initialized using 'CodeIgniter\Session\Handlers\FileHandler' driver.
DEBUG - 2026-08-24 10:51:39 --> Session: Class initialized using 'CodeIgniter\Session\Handlers\FileHandler' driver.
DEBUG - 2026-08-24 10:51:41 --> Session: Class initialized using 'CodeIgniter\Session\Handlers\FileHandler' driver.
DEBUG - 2026-08-24 10:51:43 --> Session: Class initialized using 'CodeIgniter\Session\Handlers\FileHandler' driver.
DEBUG - 2026-08-24 10:51:44 --> Session: Class initialized using 'CodeIgniter\Session\Handlers\FileHandler' driver.
DEBUG - 2026-08-24 10:51:51 --> Session: Class initialized using 'CodeIgniter\Session\Handlers\FileHandler' driver.
DEBUG - 2026-08-24 10:51:53 --> Session: Class initialized using 'CodeIgniter\Session\Handlers\FileHandler' driver.
DEBUG - 2026-08-24 10:51:56 --> Session: Class initialized using 'CodeIgniter\Session\Handlers\FileHandler' driver.
DEBUG - 2026-08-24 10:57:57 --> Session: Class initialized using 'CodeIgniter\Session\Handlers\FileHandler' driver.
DEBUG - 2026-08-24 10:57:59 --> Session: Class initialized using 'CodeIgniter\Session\Handlers\FileHandler' driver.
DEBUG - 2026-08-24 10:58:04 --> Session: Class initialized using 'CodeIgniter\Session\Handlers\FileHandler' driver.
DEBUG - 2026-08-24 10:58:06 --> Session: Class initialized using 'CodeIgniter\Session\Handlers\FileHandler' driver.
DEBUG - 2026-08-24 10:58:07 --> Session: Class initialized using 'CodeIgniter\Session\Handlers\FileHandler' driver.
DEBUG - 2026-08-24 10:58:07 --> Session: Class initialized using 'CodeIgniter\Session\Handlers\FileHandler' driver.
DEBUG - 2026-08-24 10:58:08 --> Session: Class initialized using 'CodeIgniter\Session\Handlers\FileHandler' driver.
DEBUG - 2026-08-24 10:58:37 --> Session: Class initialized using 'CodeIgniter\Session\Handlers\FileHandler' driver.
DEBUG - 2026-08-24 10:58:39 --> Session: Class initialized using 'CodeIgniter\Session\Handlers\FileHandler' driver.
DEBUG - 2026-08-24 10:59:00 --> Session: Class initialized using 'CodeIgniter\Session\Handlers\FileHandler' driver.
DEBUG - 2026-08-24 10:59:01 --> Session: Class initialized using 'CodeIgniter\Session\Handlers\FileHandler' driver.
DEBUG - 2026-08-24 10:59:02 --> Session: Class initialized using 'CodeIgniter\Session\Handlers\FileHandler' driver.
DEBUG - 2026-08-24 10:59:05 --> Session: Class initialized using 'CodeIgniter\Session\Handlers\FileHandler' driver.
DEBUG - 2026-08-24 10:59:07 --> Session: Class initialized using 'CodeIgniter\Session\Handlers\FileHandler' driver.
DEBUG - 2026-08-24 10:59:24 --> Session: Class initialized using 'CodeIgniter\Session\Handlers\FileHandler' driver.
DEBUG - 2026-08-24 10:59:25 --> Session: Class initialized using 'CodeIgniter\Session\Handlers\FileHandler' driver.
DEBUG - 2026-08-24 11:06:37 --> Session: Class initialized using 'CodeIgniter\Session\Handlers\FileHandler' driver.
DEBUG - 2026-08-24 11:06:38 --> Session: Class initialized using 'CodeIgniter\Session\Handlers\FileHandler' driver.
DEBUG - 2026-08-24 11:06:41 --> Session: Class initialized using 'CodeIgniter\Session\Handlers\FileHandler' driver.
DEBUG - 2026-08-24 11:06:42 --> Session: Class initialized using 'CodeIgniter\Session\Handlers\FileHandler' driver.
DEBUG - 2026-08-24 11:06:45 --> Session: Class initialized using 'CodeIgniter\Session\Handlers\FileHandler' driver.
DEBUG - 2026-08-24 11:06:49 --> Session: Class initialized using 'CodeIgniter\Session\Handlers\FileHandler' driver.
DEBUG - 2026-08-24 11:06:51 --> Session: Class initialized using 'CodeIgniter\Session\Handlers\FileHandler' driver.
DEBUG - 2026-08-24 11:06:53 --> Session: Class initialized using 'CodeIgniter\Session\Handlers\FileHandler' driver.
DEBUG - 2026-08-24 11:06:56 --> Session: Class initialized using 'CodeIgniter\Session\Handlers\FileHandler' driver.
DEBUG - 2026-08-24 11:07:07 --> Session: Class initialized using 'CodeIgniter\Session\Handlers\FileHandler' driver.
DEBUG - 2026-08-24 11:09:48 --> Session: Class initialized using 'CodeIgniter\Session\Handlers\FileHandler' driver.
DEBUG - 2026-08-24 11:09:50 --> Session: Class initialized using 'CodeIgniter\Session\Handlers\FileHandler' driver.
CRITICAL - 2026-08-24 16:37:36 --> Error: Class "Locale" not found
[Method: GET, Route: dashboard]
in SYSTEMPATH\CodeIgniter.php on line 189.
 1 SYSTEMPATH\Boot.php(404): CodeIgniter\CodeIgniter->initialize()
 2 SYSTEMPATH\Boot.php(67): CodeIgniter\Boot::initializeCodeIgniter()
 3 FCPATH\index.php(59): CodeIgniter\Boot::bootWeb(Object(Config\Paths))
CRITICAL - 2026-08-24 16:37:36 --> ErrorException: Uncaught Error: Class "Locale" not found in C:\Sistemas\Dias Imports\Dias Importes - Marketing v2\dias_imports_v2\system\Helpers\number_helper.php:142
Stack trace:
#0 C:\Sistemas\Dias Imports\Dias Importes - Marketing v2\dias_imports_v2\system\Helpers\number_helper.php(60): format_number(6.0, 2, NULL, Array)
#1 C:\Sistemas\Dias Imports\Dias Importes - Marketing v2\dias_imports_v2\system\Debug\BaseExceptionHandler.php(158): number_to_size(6.0, 2)
#2 C:\Sistemas\Dias Imports\Dias Importes - Marketing v2\dias_imports_v2\app\Views\errors\html\error_exception.php(417): CodeIgniter\Debug\BaseExceptionHandler::describeMemory(6291456)
#3 C:\Sistemas\Dias Imports\Dias Importes - Marketing v2\dias_imports_v2\system\Debug\BaseExceptionHandler.php(270): include('C:\\Sistemas\\Dia...')
#4 C:\Sistemas\Dias Imports\Dias Importes - Marketing v2\dias_imports_v2\system\Debug\BaseExceptionHandler.php(273): CodeIgniter\Debug\BaseExceptionHandler->CodeIgniter\Debug\{closure}()
#5 C:\Sistemas\Dias Imports\Dias Importes - Marketing v2\dias_imports_v2\system\Debug\ExceptionHandler.php(126): CodeIgniter\Debug\BaseExceptionHandler->render(Object(Error), 500, 'C:\\Sistemas\\Dia...')
#6 C:\Sistemas\Dias Imports\Dias Importes - Marketing v2\dias_imports_v2\system\Debug\Exceptions.php(151): CodeIgniter\Debug\ExceptionHandler->handle(Object(Error), Object(CodeIgniter\HTTP\IncomingRequest), Object(CodeIgniter\HTTP\Response), 500, 1)
#7 [internal function]: CodeIgniter\Debug\Exceptions->exceptionHandler(Object(Error))
#8 {main}
  thrown
【Previous Exception】
Error
Class "Locale" not found
#0 C:\Sistemas\Dias Imports\Dias Importes - Marketing v2\dias_imports_v2\system\Boot.php(404): CodeIgniter\CodeIgniter->initialize()
#1 C:\Sistemas\Dias Imports\Dias Importes - Marketing v2\dias_imports_v2\system\Boot.php(67): CodeIgniter\Boot::initializeCodeIgniter()
#2 C:\Sistemas\Dias Imports\Dias Importes - Marketing v2\dias_imports_v2\public\index.php(59): CodeIgniter\Boot::bootWeb(Object(Config\Paths))
#3 {main}
[Method: GET, Route: dashboard]
in SYSTEMPATH\Helpers\number_helper.php on line 142.
 1 [internal function]: CodeIgniter\Debug\Exceptions->shutdownHandler()
CRITICAL - 2026-08-24 16:38:14 --> Error: Class "Locale" not found
[Method: GET, Route: /]
in SYSTEMPATH\CodeIgniter.php on line 189.
 1 SYSTEMPATH\Boot.php(404): CodeIgniter\CodeIgniter->initialize()
 2 SYSTEMPATH\Boot.php(67): CodeIgniter\Boot::initializeCodeIgniter()
 3 FCPATH\index.php(59): CodeIgniter\Boot::bootWeb(Object(Config\Paths))
CRITICAL - 2026-08-24 16:38:14 --> ErrorException: Uncaught Error: Class "Locale" not found in C:\Sistemas\Dias Imports\Dias Importes - Marketing v2\dias_imports_v2\system\Helpers\number_helper.php:142
Stack trace:
#0 C:\Sistemas\Dias Imports\Dias Importes - Marketing v2\dias_imports_v2\system\Helpers\number_helper.php(60): format_number(6.0, 2, NULL, Array)
#1 C:\Sistemas\Dias Imports\Dias Importes - Marketing v2\dias_imports_v2\system\Debug\BaseExceptionHandler.php(158): number_to_size(6.0, 2)
#2 C:\Sistemas\Dias Imports\Dias Importes - Marketing v2\dias_imports_v2\app\Views\errors\html\error_exception.php(417): CodeIgniter\Debug\BaseExceptionHandler::describeMemory(6291456)
#3 C:\Sistemas\Dias Imports\Dias Importes - Marketing v2\dias_imports_v2\system\Debug\BaseExceptionHandler.php(270): include('C:\\Sistemas\\Dia...')
#4 C:\Sistemas\Dias Imports\Dias Importes - Marketing v2\dias_imports_v2\system\Debug\BaseExceptionHandler.php(273): CodeIgniter\Debug\BaseExceptionHandler->CodeIgniter\Debug\{closure}()
#5 C:\Sistemas\Dias Imports\Dias Importes - Marketing v2\dias_imports_v2\system\Debug\ExceptionHandler.php(126): CodeIgniter\Debug\BaseExceptionHandler->render(Object(Error), 500, 'C:\\Sistemas\\Dia...')
#6 C:\Sistemas\Dias Imports\Dias Importes - Marketing v2\dias_imports_v2\system\Debug\Exceptions.php(151): CodeIgniter\Debug\ExceptionHandler->handle(Object(Error), Object(CodeIgniter\HTTP\IncomingRequest), Object(CodeIgniter\HTTP\Response), 500, 1)
#7 [internal function]: CodeIgniter\Debug\Exceptions->exceptionHandler(Object(Error))
#8 {main}
  thrown
【Previous Exception】
Error
Class "Locale" not found
#0 C:\Sistemas\Dias Imports\Dias Importes - Marketing v2\dias_imports_v2\system\Boot.php(404): CodeIgniter\CodeIgniter->initialize()
#1 C:\Sistemas\Dias Imports\Dias Importes - Marketing v2\dias_imports_v2\system\Boot.php(67): CodeIgniter\Boot::initializeCodeIgniter()
#2 C:\Sistemas\Dias Imports\Dias Importes - Marketing v2\dias_imports_v2\public\index.php(59): CodeIgniter\Boot::bootWeb(Object(Config\Paths))
#3 {main}
[Method: GET, Route: /]
in SYSTEMPATH\Helpers\number_helper.php on line 142.
 1 [internal function]: CodeIgniter\Debug\Exceptions->shutdownHandler()
CRITICAL - 2026-08-24 16:38:20 --> Error: Class "Locale" not found
[Method: GET, Route: /]
in SYSTEMPATH\CodeIgniter.php on line 189.
 1 SYSTEMPATH\Boot.php(404): CodeIgniter\CodeIgniter->initialize()
 2 SYSTEMPATH\Boot.php(67): CodeIgniter\Boot::initializeCodeIgniter()
 3 FCPATH\index.php(59): CodeIgniter\Boot::bootWeb(Object(Config\Paths))
CRITICAL - 2026-08-24 16:38:20 --> ErrorException: Uncaught Error: Class "Locale" not found in C:\Sistemas\Dias Imports\Dias Importes - Marketing v2\dias_imports_v2\system\Helpers\number_helper.php:142
Stack trace:
#0 C:\Sistemas\Dias Imports\Dias Importes - Marketing v2\dias_imports_v2\system\Helpers\number_helper.php(60): format_number(6.0, 2, NULL, Array)
#1 C:\Sistemas\Dias Imports\Dias Importes - Marketing v2\dias_imports_v2\system\Debug\BaseExceptionHandler.php(158): number_to_size(6.0, 2)
#2 C:\Sistemas\Dias Imports\Dias Importes - Marketing v2\dias_imports_v2\app\Views\errors\html\error_exception.php(417): CodeIgniter\Debug\BaseExceptionHandler::describeMemory(6291456)
#3 C:\Sistemas\Dias Imports\Dias Importes - Marketing v2\dias_imports_v2\system\Debug\BaseExceptionHandler.php(270): include('C:\\Sistemas\\Dia...')
#4 C:\Sistemas\Dias Imports\Dias Importes - Marketing v2\dias_imports_v2\system\Debug\BaseExceptionHandler.php(273): CodeIgniter\Debug\BaseExceptionHandler->CodeIgniter\Debug\{closure}()
#5 C:\Sistemas\Dias Imports\Dias Importes - Marketing v2\dias_imports_v2\system\Debug\ExceptionHandler.php(126): CodeIgniter\Debug\BaseExceptionHandler->render(Object(Error), 500, 'C:\\Sistemas\\Dia...')
#6 C:\Sistemas\Dias Imports\Dias Importes - Marketing v2\dias_imports_v2\system\Debug\Exceptions.php(151): CodeIgniter\Debug\ExceptionHandler->handle(Object(Error), Object(CodeIgniter\HTTP\IncomingRequest), Object(CodeIgniter\HTTP\Response), 500, 1)
#7 [internal function]: CodeIgniter\Debug\Exceptions->exceptionHandler(Object(Error))
#8 {main}
  thrown
【Previous Exception】
Error
Class "Locale" not found
#0 C:\Sistemas\Dias Imports\Dias Importes - Marketing v2\dias_imports_v2\system\Boot.php(404): CodeIgniter\CodeIgniter->initialize()
#1 C:\Sistemas\Dias Imports\Dias Importes - Marketing v2\dias_imports_v2\system\Boot.php(67): CodeIgniter\Boot::initializeCodeIgniter()
#2 C:\Sistemas\Dias Imports\Dias Importes - Marketing v2\dias_imports_v2\public\index.php(59): CodeIgniter\Boot::bootWeb(Object(Config\Paths))
#3 {main}
[Method: GET, Route: /]
in SYSTEMPATH\Helpers\number_helper.php on line 142.
 1 [internal function]: CodeIgniter\Debug\Exceptions->shutdownHandler()
CRITICAL - 2026-08-24 16:38:32 --> Error: Class "Locale" not found
[Method: GET, Route: /]
in SYSTEMPATH\CodeIgniter.php on line 189.
 1 SYSTEMPATH\Boot.php(404): CodeIgniter\CodeIgniter->initialize()
 2 SYSTEMPATH\Boot.php(67): CodeIgniter\Boot::initializeCodeIgniter()
 3 FCPATH\index.php(59): CodeIgniter\Boot::bootWeb(Object(Config\Paths))
CRITICAL - 2026-08-24 16:38:32 --> ErrorException: Uncaught Error: Class "Locale" not found in C:\Sistemas\Dias Imports\Dias Importes - Marketing v2\dias_imports_v2\system\Helpers\number_helper.php:142
Stack trace:
#0 C:\Sistemas\Dias Imports\Dias Importes - Marketing v2\dias_imports_v2\system\Helpers\number_helper.php(60): format_number(6.0, 2, NULL, Array)
#1 C:\Sistemas\Dias Imports\Dias Importes - Marketing v2\dias_imports_v2\system\Debug\BaseExceptionHandler.php(158): number_to_size(6.0, 2)
#2 C:\Sistemas\Dias Imports\Dias Importes - Marketing v2\dias_imports_v2\app\Views\errors\html\error_exception.php(417): CodeIgniter\Debug\BaseExceptionHandler::describeMemory(6291456)
#3 C:\Sistemas\Dias Imports\Dias Importes - Marketing v2\dias_imports_v2\system\Debug\BaseExceptionHandler.php(270): include('C:\\Sistemas\\Dia...')
#4 C:\Sistemas\Dias Imports\Dias Importes - Marketing v2\dias_imports_v2\system\Debug\BaseExceptionHandler.php(273): CodeIgniter\Debug\BaseExceptionHandler->CodeIgniter\Debug\{closure}()
#5 C:\Sistemas\Dias Imports\Dias Importes - Marketing v2\dias_imports_v2\system\Debug\ExceptionHandler.php(126): CodeIgniter\Debug\BaseExceptionHandler->render(Object(Error), 500, 'C:\\Sistemas\\Dia...')
#6 C:\Sistemas\Dias Imports\Dias Importes - Marketing v2\dias_imports_v2\system\Debug\Exceptions.php(151): CodeIgniter\Debug\ExceptionHandler->handle(Object(Error), Object(CodeIgniter\HTTP\IncomingRequest), Object(CodeIgniter\HTTP\Response), 500, 1)
#7 [internal function]: CodeIgniter\Debug\Exceptions->exceptionHandler(Object(Error))
#8 {main}
  thrown
【Previous Exception】
Error
Class "Locale" not found
#0 C:\Sistemas\Dias Imports\Dias Importes - Marketing v2\dias_imports_v2\system\Boot.php(404): CodeIgniter\CodeIgniter->initialize()
#1 C:\Sistemas\Dias Imports\Dias Importes - Marketing v2\dias_imports_v2\system\Boot.php(67): CodeIgniter\Boot::initializeCodeIgniter()
#2 C:\Sistemas\Dias Imports\Dias Importes - Marketing v2\dias_imports_v2\public\index.php(59): CodeIgniter\Boot::bootWeb(Object(Config\Paths))
#3 {main}
[Method: GET, Route: /]
in SYSTEMPATH\Helpers\number_helper.php on line 142.
 1 [internal function]: CodeIgniter\Debug\Exceptions->shutdownHandler()
CRITICAL - 2026-08-24 16:38:34 --> Error: Class "Locale" not found
[Method: GET, Route: /]
in SYSTEMPATH\CodeIgniter.php on line 189.
 1 SYSTEMPATH\Boot.php(404): CodeIgniter\CodeIgniter->initialize()
 2 SYSTEMPATH\Boot.php(67): CodeIgniter\Boot::initializeCodeIgniter()
 3 FCPATH\index.php(59): CodeIgniter\Boot::bootWeb(Object(Config\Paths))
CRITICAL - 2026-08-24 16:38:34 --> ErrorException: Uncaught Error: Class "Locale" not found in C:\Sistemas\Dias Imports\Dias Importes - Marketing v2\dias_imports_v2\system\Helpers\number_helper.php:142
Stack trace:
#0 C:\Sistemas\Dias Imports\Dias Importes - Marketing v2\dias_imports_v2\system\Helpers\number_helper.php(60): format_number(6.0, 2, NULL, Array)
#1 C:\Sistemas\Dias Imports\Dias Importes - Marketing v2\dias_imports_v2\system\Debug\BaseExceptionHandler.php(158): number_to_size(6.0, 2)
#2 C:\Sistemas\Dias Imports\Dias Importes - Marketing v2\dias_imports_v2\app\Views\errors\html\error_exception.php(417): CodeIgniter\Debug\BaseExceptionHandler::describeMemory(6291456)
#3 C:\Sistemas\Dias Imports\Dias Importes - Marketing v2\dias_imports_v2\system\Debug\BaseExceptionHandler.php(270): include('C:\\Sistemas\\Dia...')
#4 C:\Sistemas\Dias Imports\Dias Importes - Marketing v2\dias_imports_v2\system\Debug\BaseExceptionHandler.php(273): CodeIgniter\Debug\BaseExceptionHandler->CodeIgniter\Debug\{closure}()
#5 C:\Sistemas\Dias Imports\Dias Importes - Marketing v2\dias_imports_v2\system\Debug\ExceptionHandler.php(126): CodeIgniter\Debug\BaseExceptionHandler->render(Object(Error), 500, 'C:\\Sistemas\\Dia...')
#6 C:\Sistemas\Dias Imports\Dias Importes - Marketing v2\dias_imports_v2\system\Debug\Exceptions.php(151): CodeIgniter\Debug\ExceptionHandler->handle(Object(Error), Object(CodeIgniter\HTTP\IncomingRequest), Object(CodeIgniter\HTTP\Response), 500, 1)
#7 [internal function]: CodeIgniter\Debug\Exceptions->exceptionHandler(Object(Error))
#8 {main}
  thrown
【Previous Exception】
Error
Class "Locale" not found
#0 C:\Sistemas\Dias Imports\Dias Importes - Marketing v2\dias_imports_v2\system\Boot.php(404): CodeIgniter\CodeIgniter->initialize()
#1 C:\Sistemas\Dias Imports\Dias Importes - Marketing v2\dias_imports_v2\system\Boot.php(67): CodeIgniter\Boot::initializeCodeIgniter()
#2 C:\Sistemas\Dias Imports\Dias Importes - Marketing v2\dias_imports_v2\public\index.php(59): CodeIgniter\Boot::bootWeb(Object(Config\Paths))
#3 {main}
[Method: GET, Route: /]
in SYSTEMPATH\Helpers\number_helper.php on line 142.
 1 [internal function]: CodeIgniter\Debug\Exceptions->shutdownHandler()
CRITICAL - 2026-08-24 16:38:35 --> Error: Class "Locale" not found
[Method: GET, Route: /]
in SYSTEMPATH\CodeIgniter.php on line 189.
 1 SYSTEMPATH\Boot.php(404): CodeIgniter\CodeIgniter->initialize()
 2 SYSTEMPATH\Boot.php(67): CodeIgniter\Boot::initializeCodeIgniter()
 3 FCPATH\index.php(59): CodeIgniter\Boot::bootWeb(Object(Config\Paths))
CRITICAL - 2026-08-24 16:38:35 --> ErrorException: Uncaught Error: Class "Locale" not found in C:\Sistemas\Dias Imports\Dias Importes - Marketing v2\dias_imports_v2\system\Helpers\number_helper.php:142
Stack trace:
#0 C:\Sistemas\Dias Imports\Dias Importes - Marketing v2\dias_imports_v2\system\Helpers\number_helper.php(60): format_number(6.0, 2, NULL, Array)
#1 C:\Sistemas\Dias Imports\Dias Importes - Marketing v2\dias_imports_v2\system\Debug\BaseExceptionHandler.php(158): number_to_size(6.0, 2)
#2 C:\Sistemas\Dias Imports\Dias Importes - Marketing v2\dias_imports_v2\app\Views\errors\html\error_exception.php(417): CodeIgniter\Debug\BaseExceptionHandler::describeMemory(6291456)
#3 C:\Sistemas\Dias Imports\Dias Importes - Marketing v2\dias_imports_v2\system\Debug\BaseExceptionHandler.php(270): include('C:\\Sistemas\\Dia...')
#4 C:\Sistemas\Dias Imports\Dias Importes - Marketing v2\dias_imports_v2\system\Debug\BaseExceptionHandler.php(273): CodeIgniter\Debug\BaseExceptionHandler->CodeIgniter\Debug\{closure}()
#5 C:\Sistemas\Dias Imports\Dias Importes - Marketing v2\dias_imports_v2\system\Debug\ExceptionHandler.php(126): CodeIgniter\Debug\BaseExceptionHandler->render(Object(Error), 500, 'C:\\Sistemas\\Dia...')
#6 C:\Sistemas\Dias Imports\Dias Importes - Marketing v2\dias_imports_v2\system\Debug\Exceptions.php(151): CodeIgniter\Debug\ExceptionHandler->handle(Object(Error), Object(CodeIgniter\HTTP\IncomingRequest), Object(CodeIgniter\HTTP\Response), 500, 1)
#7 [internal function]: CodeIgniter\Debug\Exceptions->exceptionHandler(Object(Error))
#8 {main}
  thrown
【Previous Exception】
Error
Class "Locale" not found
#0 C:\Sistemas\Dias Imports\Dias Importes - Marketing v2\dias_imports_v2\system\Boot.php(404): CodeIgniter\CodeIgniter->initialize()
#1 C:\Sistemas\Dias Imports\Dias Importes - Marketing v2\dias_imports_v2\system\Boot.php(67): CodeIgniter\Boot::initializeCodeIgniter()
#2 C:\Sistemas\Dias Imports\Dias Importes - Marketing v2\dias_imports_v2\public\index.php(59): CodeIgniter\Boot::bootWeb(Object(Config\Paths))
#3 {main}
[Method: GET, Route: /]
in SYSTEMPATH\Helpers\number_helper.php on line 142.
 1 [internal function]: CodeIgniter\Debug\Exceptions->shutdownHandler()
CRITICAL - 2026-08-24 16:38:35 --> Error: Class "Locale" not found
[Method: GET, Route: /]
in SYSTEMPATH\CodeIgniter.php on line 189.
 1 SYSTEMPATH\Boot.php(404): CodeIgniter\CodeIgniter->initialize()
 2 SYSTEMPATH\Boot.php(67): CodeIgniter\Boot::initializeCodeIgniter()
 3 FCPATH\index.php(59): CodeIgniter\Boot::bootWeb(Object(Config\Paths))
CRITICAL - 2026-08-24 16:38:35 --> ErrorException: Uncaught Error: Class "Locale" not found in C:\Sistemas\Dias Imports\Dias Importes - Marketing v2\dias_imports_v2\system\Helpers\number_helper.php:142
Stack trace:
#0 C:\Sistemas\Dias Imports\Dias Importes - Marketing v2\dias_imports_v2\system\Helpers\number_helper.php(60): format_number(6.0, 2, NULL, Array)
#1 C:\Sistemas\Dias Imports\Dias Importes - Marketing v2\dias_imports_v2\system\Debug\BaseExceptionHandler.php(158): number_to_size(6.0, 2)
#2 C:\Sistemas\Dias Imports\Dias Importes - Marketing v2\dias_imports_v2\app\Views\errors\html\error_exception.php(417): CodeIgniter\Debug\BaseExceptionHandler::describeMemory(6291456)
#3 C:\Sistemas\Dias Imports\Dias Importes - Marketing v2\dias_imports_v2\system\Debug\BaseExceptionHandler.php(270): include('C:\\Sistemas\\Dia...')
#4 C:\Sistemas\Dias Imports\Dias Importes - Marketing v2\dias_imports_v2\system\Debug\BaseExceptionHandler.php(273): CodeIgniter\Debug\BaseExceptionHandler->CodeIgniter\Debug\{closure}()
#5 C:\Sistemas\Dias Imports\Dias Importes - Marketing v2\dias_imports_v2\system\Debug\ExceptionHandler.php(126): CodeIgniter\Debug\BaseExceptionHandler->render(Object(Error), 500, 'C:\\Sistemas\\Dia...')
#6 C:\Sistemas\Dias Imports\Dias Importes - Marketing v2\dias_imports_v2\system\Debug\Exceptions.php(151): CodeIgniter\Debug\ExceptionHandler->handle(Object(Error), Object(CodeIgniter\HTTP\IncomingRequest), Object(CodeIgniter\HTTP\Response), 500, 1)
#7 [internal function]: CodeIgniter\Debug\Exceptions->exceptionHandler(Object(Error))
#8 {main}
  thrown
【Previous Exception】
Error
Class "Locale" not found
#0 C:\Sistemas\Dias Imports\Dias Importes - Marketing v2\dias_imports_v2\system\Boot.php(404): CodeIgniter\CodeIgniter->initialize()
#1 C:\Sistemas\Dias Imports\Dias Importes - Marketing v2\dias_imports_v2\system\Boot.php(67): CodeIgniter\Boot::initializeCodeIgniter()
#2 C:\Sistemas\Dias Imports\Dias Importes - Marketing v2\dias_imports_v2\public\index.php(59): CodeIgniter\Boot::bootWeb(Object(Config\Paths))
#3 {main}
[Method: GET, Route: /]
in SYSTEMPATH\Helpers\number_helper.php on line 142.
 1 [internal function]: CodeIgniter\Debug\Exceptions->shutdownHandler()
CRITICAL - 2026-08-24 16:38:44 --> Error: Class "Locale" not found
[Method: GET, Route: /]
in SYSTEMPATH\CodeIgniter.php on line 189.
 1 SYSTEMPATH\Boot.php(404): CodeIgniter\CodeIgniter->initialize()
 2 SYSTEMPATH\Boot.php(67): CodeIgniter\Boot::initializeCodeIgniter()
 3 FCPATH\index.php(59): CodeIgniter\Boot::bootWeb(Object(Config\Paths))
CRITICAL - 2026-08-24 16:38:44 --> ErrorException: Uncaught Error: Class "Locale" not found in C:\Sistemas\Dias Imports\Dias Importes - Marketing v2\dias_imports_v2\system\Helpers\number_helper.php:142
Stack trace:
#0 C:\Sistemas\Dias Imports\Dias Importes - Marketing v2\dias_imports_v2\system\Helpers\number_helper.php(60): format_number(6.0, 2, NULL, Array)
#1 C:\Sistemas\Dias Imports\Dias Importes - Marketing v2\dias_imports_v2\system\Debug\BaseExceptionHandler.php(158): number_to_size(6.0, 2)
#2 C:\Sistemas\Dias Imports\Dias Importes - Marketing v2\dias_imports_v2\app\Views\errors\html\error_exception.php(417): CodeIgniter\Debug\BaseExceptionHandler::describeMemory(6291456)
#3 C:\Sistemas\Dias Imports\Dias Importes - Marketing v2\dias_imports_v2\system\Debug\BaseExceptionHandler.php(270): include('C:\\Sistemas\\Dia...')
#4 C:\Sistemas\Dias Imports\Dias Importes - Marketing v2\dias_imports_v2\system\Debug\BaseExceptionHandler.php(273): CodeIgniter\Debug\BaseExceptionHandler->CodeIgniter\Debug\{closure}()
#5 C:\Sistemas\Dias Imports\Dias Importes - Marketing v2\dias_imports_v2\system\Debug\ExceptionHandler.php(126): CodeIgniter\Debug\BaseExceptionHandler->render(Object(Error), 500, 'C:\\Sistemas\\Dia...')
#6 C:\Sistemas\Dias Imports\Dias Importes - Marketing v2\dias_imports_v2\system\Debug\Exceptions.php(151): CodeIgniter\Debug\ExceptionHandler->handle(Object(Error), Object(CodeIgniter\HTTP\IncomingRequest), Object(CodeIgniter\HTTP\Response), 500, 1)
#7 [internal function]: CodeIgniter\Debug\Exceptions->exceptionHandler(Object(Error))
#8 {main}
  thrown
【Previous Exception】
Error
Class "Locale" not found
#0 C:\Sistemas\Dias Imports\Dias Importes - Marketing v2\dias_imports_v2\system\Boot.php(404): CodeIgniter\CodeIgniter->initialize()
#1 C:\Sistemas\Dias Imports\Dias Importes - Marketing v2\dias_imports_v2\system\Boot.php(67): CodeIgniter\Boot::initializeCodeIgniter()
#2 C:\Sistemas\Dias Imports\Dias Importes - Marketing v2\dias_imports_v2\public\index.php(59): CodeIgniter\Boot::bootWeb(Object(Config\Paths))
#3 {main}
[Method: GET, Route: /]
in SYSTEMPATH\Helpers\number_helper.php on line 142.
 1 [internal function]: CodeIgniter\Debug\Exceptions->shutdownHandler()
CRITICAL - 2026-08-24 16:39:47 --> Error: Class "Locale" not found
[Method: GET, Route: /]
in SYSTEMPATH\CodeIgniter.php on line 189.
 1 SYSTEMPATH\Boot.php(404): CodeIgniter\CodeIgniter->initialize()
 2 SYSTEMPATH\Boot.php(67): CodeIgniter\Boot::initializeCodeIgniter()
 3 FCPATH\index.php(59): CodeIgniter\Boot::bootWeb(Object(Config\Paths))
CRITICAL - 2026-08-24 16:39:47 --> ErrorException: Uncaught Error: Class "Locale" not found in C:\Sistemas\Dias Imports\Dias Importes - Marketing v2\dias_imports_v2\system\Helpers\number_helper.php:142
Stack trace:
#0 C:\Sistemas\Dias Imports\Dias Importes - Marketing v2\dias_imports_v2\system\Helpers\number_helper.php(60): format_number(6.0, 2, NULL, Array)
#1 C:\Sistemas\Dias Imports\Dias Importes - Marketing v2\dias_imports_v2\system\Debug\BaseExceptionHandler.php(158): number_to_size(6.0, 2)
#2 C:\Sistemas\Dias Imports\Dias Importes - Marketing v2\dias_imports_v2\app\Views\errors\html\error_exception.php(417): CodeIgniter\Debug\BaseExceptionHandler::describeMemory(6291456)
#3 C:\Sistemas\Dias Imports\Dias Importes - Marketing v2\dias_imports_v2\system\Debug\BaseExceptionHandler.php(270): include('C:\\Sistemas\\Dia...')
#4 C:\Sistemas\Dias Imports\Dias Importes - Marketing v2\dias_imports_v2\system\Debug\BaseExceptionHandler.php(273): CodeIgniter\Debug\BaseExceptionHandler->CodeIgniter\Debug\{closure}()
#5 C:\Sistemas\Dias Imports\Dias Importes - Marketing v2\dias_imports_v2\system\Debug\ExceptionHandler.php(126): CodeIgniter\Debug\BaseExceptionHandler->render(Object(Error), 500, 'C:\\Sistemas\\Dia...')
#6 C:\Sistemas\Dias Imports\Dias Importes - Marketing v2\dias_imports_v2\system\Debug\Exceptions.php(151): CodeIgniter\Debug\ExceptionHandler->handle(Object(Error), Object(CodeIgniter\HTTP\IncomingRequest), Object(CodeIgniter\HTTP\Response), 500, 1)
#7 [internal function]: CodeIgniter\Debug\Exceptions->exceptionHandler(Object(Error))
#8 {main}
  thrown
【Previous Exception】
Error
Class "Locale" not found
#0 C:\Sistemas\Dias Imports\Dias Importes - Marketing v2\dias_imports_v2\system\Boot.php(404): CodeIgniter\CodeIgniter->initialize()
#1 C:\Sistemas\Dias Imports\Dias Importes - Marketing v2\dias_imports_v2\system\Boot.php(67): CodeIgniter\Boot::initializeCodeIgniter()
#2 C:\Sistemas\Dias Imports\Dias Importes - Marketing v2\dias_imports_v2\public\index.php(59): CodeIgniter\Boot::bootWeb(Object(Config\Paths))
#3 {main}
[Method: GET, Route: /]
in SYSTEMPATH\Helpers\number_helper.php on line 142.
 1 [internal function]: CodeIgniter\Debug\Exceptions->shutdownHandler()
CRITICAL - 2026-08-24 16:39:48 --> Error: Class "Locale" not found
[Method: GET, Route: /]
in SYSTEMPATH\CodeIgniter.php on line 189.
 1 SYSTEMPATH\Boot.php(404): CodeIgniter\CodeIgniter->initialize()
 2 SYSTEMPATH\Boot.php(67): CodeIgniter\Boot::initializeCodeIgniter()
 3 FCPATH\index.php(59): CodeIgniter\Boot::bootWeb(Object(Config\Paths))
CRITICAL - 2026-08-24 16:39:48 --> ErrorException: Uncaught Error: Class "Locale" not found in C:\Sistemas\Dias Imports\Dias Importes - Marketing v2\dias_imports_v2\system\Helpers\number_helper.php:142
Stack trace:
#0 C:\Sistemas\Dias Imports\Dias Importes - Marketing v2\dias_imports_v2\system\Helpers\number_helper.php(60): format_number(6.0, 2, NULL, Array)
#1 C:\Sistemas\Dias Imports\Dias Importes - Marketing v2\dias_imports_v2\system\Debug\BaseExceptionHandler.php(158): number_to_size(6.0, 2)
#2 C:\Sistemas\Dias Imports\Dias Importes - Marketing v2\dias_imports_v2\app\Views\errors\html\error_exception.php(417): CodeIgniter\Debug\BaseExceptionHandler::describeMemory(6291456)
#3 C:\Sistemas\Dias Imports\Dias Importes - Marketing v2\dias_imports_v2\system\Debug\BaseExceptionHandler.php(270): include('C:\\Sistemas\\Dia...')
#4 C:\Sistemas\Dias Imports\Dias Importes - Marketing v2\dias_imports_v2\system\Debug\BaseExceptionHandler.php(273): CodeIgniter\Debug\BaseExceptionHandler->CodeIgniter\Debug\{closure}()
#5 C:\Sistemas\Dias Imports\Dias Importes - Marketing v2\dias_imports_v2\system\Debug\ExceptionHandler.php(126): CodeIgniter\Debug\BaseExceptionHandler->render(Object(Error), 500, 'C:\\Sistemas\\Dia...')
#6 C:\Sistemas\Dias Imports\Dias Importes - Marketing v2\dias_imports_v2\system\Debug\Exceptions.php(151): CodeIgniter\Debug\ExceptionHandler->handle(Object(Error), Object(CodeIgniter\HTTP\IncomingRequest), Object(CodeIgniter\HTTP\Response), 500, 1)
#7 [internal function]: CodeIgniter\Debug\Exceptions->exceptionHandler(Object(Error))
#8 {main}
  thrown
【Previous Exception】
Error
Class "Locale" not found
#0 C:\Sistemas\Dias Imports\Dias Importes - Marketing v2\dias_imports_v2\system\Boot.php(404): CodeIgniter\CodeIgniter->initialize()
#1 C:\Sistemas\Dias Imports\Dias Importes - Marketing v2\dias_imports_v2\system\Boot.php(67): CodeIgniter\Boot::initializeCodeIgniter()
#2 C:\Sistemas\Dias Imports\Dias Importes - Marketing v2\dias_imports_v2\public\index.php(59): CodeIgniter\Boot::bootWeb(Object(Config\Paths))
#3 {main}
[Method: GET, Route: /]
in SYSTEMPATH\Helpers\number_helper.php on line 142.
 1 [internal function]: CodeIgniter\Debug\Exceptions->shutdownHandler()
CRITICAL - 2026-08-24 16:39:49 --> Error: Class "Locale" not found
[Method: GET, Route: /]
in SYSTEMPATH\CodeIgniter.php on line 189.
 1 SYSTEMPATH\Boot.php(404): CodeIgniter\CodeIgniter->initialize()
 2 SYSTEMPATH\Boot.php(67): CodeIgniter\Boot::initializeCodeIgniter()
 3 FCPATH\index.php(59): CodeIgniter\Boot::bootWeb(Object(Config\Paths))
CRITICAL - 2026-08-24 16:39:49 --> ErrorException: Uncaught Error: Class "Locale" not found in C:\Sistemas\Dias Imports\Dias Importes - Marketing v2\dias_imports_v2\system\Helpers\number_helper.php:142
Stack trace:
#0 C:\Sistemas\Dias Imports\Dias Importes - Marketing v2\dias_imports_v2\system\Helpers\number_helper.php(60): format_number(6.0, 2, NULL, Array)
#1 C:\Sistemas\Dias Imports\Dias Importes - Marketing v2\dias_imports_v2\system\Debug\BaseExceptionHandler.php(158): number_to_size(6.0, 2)
#2 C:\Sistemas\Dias Imports\Dias Importes - Marketing v2\dias_imports_v2\app\Views\errors\html\error_exception.php(417): CodeIgniter\Debug\BaseExceptionHandler::describeMemory(6291456)
#3 C:\Sistemas\Dias Imports\Dias Importes - Marketing v2\dias_imports_v2\system\Debug\BaseExceptionHandler.php(270): include('C:\\Sistemas\\Dia...')
#4 C:\Sistemas\Dias Imports\Dias Importes - Marketing v2\dias_imports_v2\system\Debug\BaseExceptionHandler.php(273): CodeIgniter\Debug\BaseExceptionHandler->CodeIgniter\Debug\{closure}()
#5 C:\Sistemas\Dias Imports\Dias Importes - Marketing v2\dias_imports_v2\system\Debug\ExceptionHandler.php(126): CodeIgniter\Debug\BaseExceptionHandler->render(Object(Error), 500, 'C:\\Sistemas\\Dia...')
#6 C:\Sistemas\Dias Imports\Dias Importes - Marketing v2\dias_imports_v2\system\Debug\Exceptions.php(151): CodeIgniter\Debug\ExceptionHandler->handle(Object(Error), Object(CodeIgniter\HTTP\IncomingRequest), Object(CodeIgniter\HTTP\Response), 500, 1)
#7 [internal function]: CodeIgniter\Debug\Exceptions->exceptionHandler(Object(Error))
#8 {main}
  thrown
【Previous Exception】
Error
Class "Locale" not found
#0 C:\Sistemas\Dias Imports\Dias Importes - Marketing v2\dias_imports_v2\system\Boot.php(404): CodeIgniter\CodeIgniter->initialize()
#1 C:\Sistemas\Dias Imports\Dias Importes - Marketing v2\dias_imports_v2\system\Boot.php(67): CodeIgniter\Boot::initializeCodeIgniter()
#2 C:\Sistemas\Dias Imports\Dias Importes - Marketing v2\dias_imports_v2\public\index.php(59): CodeIgniter\Boot::bootWeb(Object(Config\Paths))
#3 {main}
[Method: GET, Route: /]
in SYSTEMPATH\Helpers\number_helper.php on line 142.
 1 [internal function]: CodeIgniter\Debug\Exceptions->shutdownHandler()
CRITICAL - 2026-08-24 16:39:49 --> Error: Class "Locale" not found
[Method: GET, Route: /]
in SYSTEMPATH\CodeIgniter.php on line 189.
 1 SYSTEMPATH\Boot.php(404): CodeIgniter\CodeIgniter->initialize()
 2 SYSTEMPATH\Boot.php(67): CodeIgniter\Boot::initializeCodeIgniter()
 3 FCPATH\index.php(59): CodeIgniter\Boot::bootWeb(Object(Config\Paths))
CRITICAL - 2026-08-24 16:39:49 --> ErrorException: Uncaught Error: Class "Locale" not found in C:\Sistemas\Dias Imports\Dias Importes - Marketing v2\dias_imports_v2\system\Helpers\number_helper.php:142
Stack trace:
#0 C:\Sistemas\Dias Imports\Dias Importes - Marketing v2\dias_imports_v2\system\Helpers\number_helper.php(60): format_number(6.0, 2, NULL, Array)
#1 C:\Sistemas\Dias Imports\Dias Importes - Marketing v2\dias_imports_v2\system\Debug\BaseExceptionHandler.php(158): number_to_size(6.0, 2)
#2 C:\Sistemas\Dias Imports\Dias Importes - Marketing v2\dias_imports_v2\app\Views\errors\html\error_exception.php(417): CodeIgniter\Debug\BaseExceptionHandler::describeMemory(6291456)
#3 C:\Sistemas\Dias Imports\Dias Importes - Marketing v2\dias_imports_v2\system\Debug\BaseExceptionHandler.php(270): include('C:\\Sistemas\\Dia...')
#4 C:\Sistemas\Dias Imports\Dias Importes - Marketing v2\dias_imports_v2\system\Debug\BaseExceptionHandler.php(273): CodeIgniter\Debug\BaseExceptionHandler->CodeIgniter\Debug\{closure}()
#5 C:\Sistemas\Dias Imports\Dias Importes - Marketing v2\dias_imports_v2\system\Debug\ExceptionHandler.php(126): CodeIgniter\Debug\BaseExceptionHandler->render(Object(Error), 500, 'C:\\Sistemas\\Dia...')
#6 C:\Sistemas\Dias Imports\Dias Importes - Marketing v2\dias_imports_v2\system\Debug\Exceptions.php(151): CodeIgniter\Debug\ExceptionHandler->handle(Object(Error), Object(CodeIgniter\HTTP\IncomingRequest), Object(CodeIgniter\HTTP\Response), 500, 1)
#7 [internal function]: CodeIgniter\Debug\Exceptions->exceptionHandler(Object(Error))
#8 {main}
  thrown
【Previous Exception】
Error
Class "Locale" not found
#0 C:\Sistemas\Dias Imports\Dias Importes - Marketing v2\dias_imports_v2\system\Boot.php(404): CodeIgniter\CodeIgniter->initialize()
#1 C:\Sistemas\Dias Imports\Dias Importes - Marketing v2\dias_imports_v2\system\Boot.php(67): CodeIgniter\Boot::initializeCodeIgniter()
#2 C:\Sistemas\Dias Imports\Dias Importes - Marketing v2\dias_imports_v2\public\index.php(59): CodeIgniter\Boot::bootWeb(Object(Config\Paths))
#3 {main}
[Method: GET, Route: /]
in SYSTEMPATH\Helpers\number_helper.php on line 142.
 1 [internal function]: CodeIgniter\Debug\Exceptions->shutdownHandler()
CRITICAL - 2026-08-24 16:39:50 --> Error: Class "Locale" not found
[Method: GET, Route: /]
in SYSTEMPATH\CodeIgniter.php on line 189.
 1 SYSTEMPATH\Boot.php(404): CodeIgniter\CodeIgniter->initialize()
 2 SYSTEMPATH\Boot.php(67): CodeIgniter\Boot::initializeCodeIgniter()
 3 FCPATH\index.php(59): CodeIgniter\Boot::bootWeb(Object(Config\Paths))
CRITICAL - 2026-08-24 16:39:50 --> ErrorException: Uncaught Error: Class "Locale" not found in C:\Sistemas\Dias Imports\Dias Importes - Marketing v2\dias_imports_v2\system\Helpers\number_helper.php:142
Stack trace:
#0 C:\Sistemas\Dias Imports\Dias Importes - Marketing v2\dias_imports_v2\system\Helpers\number_helper.php(60): format_number(6.0, 2, NULL, Array)
#1 C:\Sistemas\Dias Imports\Dias Importes - Marketing v2\dias_imports_v2\system\Debug\BaseExceptionHandler.php(158): number_to_size(6.0, 2)
#2 C:\Sistemas\Dias Imports\Dias Importes - Marketing v2\dias_imports_v2\app\Views\errors\html\error_exception.php(417): CodeIgniter\Debug\BaseExceptionHandler::describeMemory(6291456)
#3 C:\Sistemas\Dias Imports\Dias Importes - Marketing v2\dias_imports_v2\system\Debug\BaseExceptionHandler.php(270): include('C:\\Sistemas\\Dia...')
#4 C:\Sistemas\Dias Imports\Dias Importes - Marketing v2\dias_imports_v2\system\Debug\BaseExceptionHandler.php(273): CodeIgniter\Debug\BaseExceptionHandler->CodeIgniter\Debug\{closure}()
#5 C:\Sistemas\Dias Imports\Dias Importes - Marketing v2\dias_imports_v2\system\Debug\ExceptionHandler.php(126): CodeIgniter\Debug\BaseExceptionHandler->render(Object(Error), 500, 'C:\\Sistemas\\Dia...')
#6 C:\Sistemas\Dias Imports\Dias Importes - Marketing v2\dias_imports_v2\system\Debug\Exceptions.php(151): CodeIgniter\Debug\ExceptionHandler->handle(Object(Error), Object(CodeIgniter\HTTP\IncomingRequest), Object(CodeIgniter\HTTP\Response), 500, 1)
#7 [internal function]: CodeIgniter\Debug\Exceptions->exceptionHandler(Object(Error))
#8 {main}
  thrown
【Previous Exception】
Error
Class "Locale" not found
#0 C:\Sistemas\Dias Imports\Dias Importes - Marketing v2\dias_imports_v2\system\Boot.php(404): CodeIgniter\CodeIgniter->initialize()
#1 C:\Sistemas\Dias Imports\Dias Importes - Marketing v2\dias_imports_v2\system\Boot.php(67): CodeIgniter\Boot::initializeCodeIgniter()
#2 C:\Sistemas\Dias Imports\Dias Importes - Marketing v2\dias_imports_v2\public\index.php(59): CodeIgniter\Boot::bootWeb(Object(Config\Paths))
#3 {main}
[Method: GET, Route: /]
in SYSTEMPATH\Helpers\number_helper.php on line 142.
 1 [internal function]: CodeIgniter\Debug\Exceptions->shutdownHandler()
DEBUG - 2026-08-24 11:40:10 --> Session: Class initialized using 'CodeIgniter\Session\Handlers\FileHandler' driver.
DEBUG - 2026-08-24 11:40:16 --> Session: Class initialized using 'CodeIgniter\Session\Handlers\FileHandler' driver.
DEBUG - 2026-08-24 11:40:18 --> Session: Class initialized using 'CodeIgniter\Session\Handlers\FileHandler' driver.
DEBUG - 2026-08-24 11:40:46 --> Session: Class initialized using 'CodeIgniter\Session\Handlers\FileHandler' driver.
DEBUG - 2026-08-24 11:40:48 --> Session: Class initialized using 'CodeIgniter\Session\Handlers\FileHandler' driver.
DEBUG - 2026-08-24 11:41:03 --> Session: Class initialized using 'CodeIgniter\Session\Handlers\FileHandler' driver.
DEBUG - 2026-08-24 11:41:05 --> Session: Class initialized using 'CodeIgniter\Session\Handlers\FileHandler' driver.
DEBUG - 2026-08-24 11:41:16 --> Session: Class initialized using 'CodeIgniter\Session\Handlers\FileHandler' driver.
DEBUG - 2026-08-24 11:42:31 --> Session: Class initialized using 'CodeIgniter\Session\Handlers\FileHandler' driver.
DEBUG - 2026-08-24 11:42:35 --> Session: Class initialized using 'CodeIgniter\Session\Handlers\FileHandler' driver.
DEBUG - 2026-08-24 11:42:48 --> Session: Class initialized using 'CodeIgniter\Session\Handlers\FileHandler' driver.
DEBUG - 2026-08-24 11:42:57 --> Session: Class initialized using 'CodeIgniter\Session\Handlers\FileHandler' driver.
DEBUG - 2026-08-24 11:43:11 --> Session: Class initialized using 'CodeIgniter\Session\Handlers\FileHandler' driver.
DEBUG - 2026-08-24 11:43:31 --> Session: Class initialized using 'CodeIgniter\Session\Handlers\FileHandler' driver.
DEBUG - 2026-08-24 11:45:10 --> Session: Class initialized using 'CodeIgniter\Session\Handlers\FileHandler' driver.
DEBUG - 2026-08-24 11:46:08 --> Session: Class initialized using 'CodeIgniter\Session\Handlers\FileHandler' driver.
DEBUG - 2026-08-24 11:54:33 --> Session: Class initialized using 'CodeIgniter\Session\Handlers\FileHandler' driver.
DEBUG - 2026-08-24 11:54:34 --> Session: Class initialized using 'CodeIgniter\Session\Handlers\FileHandler' driver.
DEBUG - 2026-08-24 11:54:35 --> Session: Class initialized using 'CodeIgniter\Session\Handlers\FileHandler' driver.
DEBUG - 2026-08-24 11:54:40 --> Session: Class initialized using 'CodeIgniter\Session\Handlers\FileHandler' driver.
DEBUG - 2026-08-24 11:54:41 --> Session: Class initialized using 'CodeIgniter\Session\Handlers\FileHandler' driver.
DEBUG - 2026-08-24 11:54:42 --> Session: Class initialized using 'CodeIgniter\Session\Handlers\FileHandler' driver.
DEBUG - 2026-08-24 11:54:43 --> Session: Class initialized using 'CodeIgniter\Session\Handlers\FileHandler' driver.
DEBUG - 2026-08-24 11:54:43 --> Session: Class initialized using 'CodeIgniter\Session\Handlers\FileHandler' driver.
DEBUG - 2026-08-24 11:54:44 --> Session: Class initialized using 'CodeIgniter\Session\Handlers\FileHandler' driver.
DEBUG - 2026-08-24 11:54:45 --> Session: Class initialized using 'CodeIgniter\Session\Handlers\FileHandler' driver.
DEBUG - 2026-08-24 11:54:46 --> Session: Class initialized using 'CodeIgniter\Session\Handlers\FileHandler' driver.
DEBUG - 2026-08-24 11:55:48 --> Session: Class initialized using 'CodeIgniter\Session\Handlers\FileHandler' driver.
DEBUG - 2026-08-24 11:55:49 --> Session: Class initialized using 'CodeIgniter\Session\Handlers\FileHandler' driver.
DEBUG - 2026-08-24 11:55:51 --> Session: Class initialized using 'CodeIgniter\Session\Handlers\FileHandler' driver.
DEBUG - 2026-08-24 11:55:52 --> Session: Class initialized using 'CodeIgniter\Session\Handlers\FileHandler' driver.
DEBUG - 2026-08-24 11:57:31 --> Session: Class initialized using 'CodeIgniter\Session\Handlers\FileHandler' driver.
DEBUG - 2026-08-24 11:57:34 --> Session: Class initialized using 'CodeIgniter\Session\Handlers\FileHandler' driver.
DEBUG - 2026-08-24 11:57:35 --> Session: Class initialized using 'CodeIgniter\Session\Handlers\FileHandler' driver.
DEBUG - 2026-08-24 11:57:40 --> Session: Class initialized using 'CodeIgniter\Session\Handlers\FileHandler' driver.
DEBUG - 2026-08-24 11:57:53 --> Session: Class initialized using 'CodeIgniter\Session\Handlers\FileHandler' driver.
DEBUG - 2026-08-24 11:57:54 --> Session: Class initialized using 'CodeIgniter\Session\Handlers\FileHandler' driver.
DEBUG - 2026-08-24 11:57:55 --> Session: Class initialized using 'CodeIgniter\Session\Handlers\FileHandler' driver.
DEBUG - 2026-08-24 11:58:00 --> Session: Class initialized using 'CodeIgniter\Session\Handlers\FileHandler' driver.
DEBUG - 2026-08-24 11:58:01 --> Session: Class initialized using 'CodeIgniter\Session\Handlers\FileHandler' driver.
DEBUG - 2026-08-24 11:58:01 --> Session: Class initialized using 'CodeIgniter\Session\Handlers\FileHandler' driver.
DEBUG - 2026-08-24 11:58:06 --> Session: Class initialized using 'CodeIgniter\Session\Handlers\FileHandler' driver.
DEBUG - 2026-08-24 11:58:08 --> Session: Class initialized using 'CodeIgniter\Session\Handlers\FileHandler' driver.
DEBUG - 2026-08-24 11:58:09 --> Session: Class initialized using 'CodeIgniter\Session\Handlers\FileHandler' driver.
DEBUG - 2026-08-24 11:58:12 --> Session: Class initialized using 'CodeIgniter\Session\Handlers\FileHandler' driver.
DEBUG - 2026-08-24 11:58:12 --> Session: Class initialized using 'CodeIgniter\Session\Handlers\FileHandler' driver.
DEBUG - 2026-08-24 11:58:42 --> Session: Class initialized using 'CodeIgniter\Session\Handlers\FileHandler' driver.
DEBUG - 2026-08-24 11:58:44 --> Session: Class initialized using 'CodeIgniter\Session\Handlers\FileHandler' driver.
DEBUG - 2026-08-24 11:58:44 --> Session: Class initialized using 'CodeIgniter\Session\Handlers\FileHandler' driver.
DEBUG - 2026-08-24 11:58:45 --> Session: Class initialized using 'CodeIgniter\Session\Handlers\FileHandler' driver.
DEBUG - 2026-08-24 12:00:06 --> Session: Class initialized using 'CodeIgniter\Session\Handlers\FileHandler' driver.
DEBUG - 2026-08-24 12:00:07 --> Session: Class initialized using 'CodeIgniter\Session\Handlers\FileHandler' driver.
DEBUG - 2026-08-24 12:00:08 --> Session: Class initialized using 'CodeIgniter\Session\Handlers\FileHandler' driver.
DEBUG - 2026-08-24 12:00:08 --> Session: Class initialized using 'CodeIgniter\Session\Handlers\FileHandler' driver.
DEBUG - 2026-08-24 12:00:09 --> Session: Class initialized using 'CodeIgniter\Session\Handlers\FileHandler' driver.
DEBUG - 2026-08-24 12:00:10 --> Session: Class initialized using 'CodeIgniter\Session\Handlers\FileHandler' driver.
DEBUG - 2026-08-24 12:01:06 --> Session: Class initialized using 'CodeIgniter\Session\Handlers\FileHandler' driver.
DEBUG - 2026-08-24 12:01:08 --> Session: Class initialized using 'CodeIgniter\Session\Handlers\FileHandler' driver.
DEBUG - 2026-08-24 12:01:08 --> Session: Class initialized using 'CodeIgniter\Session\Handlers\FileHandler' driver.
DEBUG - 2026-08-24 12:01:42 --> Session: Class initialized using 'CodeIgniter\Session\Handlers\FileHandler' driver.
INFO - 2026-08-24 12:01:42 --> CSRF token verified.
DEBUG - 2026-08-24 12:01:42 --> Session: Class initialized using 'CodeIgniter\Session\Handlers\FileHandler' driver.
DEBUG - 2026-08-24 12:01:45 --> Session: Class initialized using 'CodeIgniter\Session\Handlers\FileHandler' driver.
DEBUG - 2026-08-24 12:01:47 --> Session: Class initialized using 'CodeIgniter\Session\Handlers\FileHandler' driver.
DEBUG - 2026-08-24 12:07:45 --> Session: Class initialized using 'CodeIgniter\Session\Handlers\FileHandler' driver.
DEBUG - 2026-08-24 12:08:25 --> Session: Class initialized using 'CodeIgniter\Session\Handlers\FileHandler' driver.
ERROR - 2026-08-24 12:08:27 --> Error connecting to the database: mysqli_sql_exception: Nenhuma conexão pôde ser feita porque a máquina de destino as recusou ativamente in C:\Sistemas\Dias Imports\Dias Importes - Marketing v2\dias_imports_v2\system\Database\MySQLi\Connection.php:201
Stack trace:
#0 C:\Sistemas\Dias Imports\Dias Importes - Marketing v2\dias_imports_v2\system\Database\MySQLi\Connection.php(201): mysqli->real_connect()
#1 C:\Sistemas\Dias Imports\Dias Importes - Marketing v2\dias_imports_v2\system\Database\BaseConnection.php(555): CodeIgniter\Database\MySQLi\Connection->connect()
#2 C:\Sistemas\Dias Imports\Dias Importes - Marketing v2\dias_imports_v2\system\Database\BaseConnection.php(795): CodeIgniter\Database\BaseConnection->initialize()
#3 C:\Sistemas\Dias Imports\Dias Importes - Marketing v2\dias_imports_v2\system\Database\BaseBuilder.php(1659): CodeIgniter\Database\BaseConnection->query()
#4 C:\Sistemas\Dias Imports\Dias Importes - Marketing v2\dias_imports_v2\system\Model.php(297): CodeIgniter\Database\BaseBuilder->get()
#5 C:\Sistemas\Dias Imports\Dias Importes - Marketing v2\dias_imports_v2\system\BaseModel.php(714): CodeIgniter\Model->doFirst()
#6 C:\Sistemas\Dias Imports\Dias Importes - Marketing v2\dias_imports_v2\app\Controllers\Home.php(443): CodeIgniter\BaseModel->first()
#7 C:\Sistemas\Dias Imports\Dias Importes - Marketing v2\dias_imports_v2\app\Controllers\Home.php(118): App\Controllers\Home->renderPage()
#8 C:\Sistemas\Dias Imports\Dias Importes - Marketing v2\dias_imports_v2\system\CodeIgniter.php(974): App\Controllers\Home->settings()
#9 C:\Sistemas\Dias Imports\Dias Importes - Marketing v2\dias_imports_v2\system\CodeIgniter.php(520): CodeIgniter\CodeIgniter->runController()
#10 C:\Sistemas\Dias Imports\Dias Importes - Marketing v2\dias_imports_v2\system\CodeIgniter.php(363): CodeIgniter\CodeIgniter->handleRequest()
#11 C:\Sistemas\Dias Imports\Dias Importes - Marketing v2\dias_imports_v2\system\Boot.php(417): CodeIgniter\CodeIgniter->run()
#12 C:\Sistemas\Dias Imports\Dias Importes - Marketing v2\dias_imports_v2\system\Boot.php(68): CodeIgniter\Boot::runCodeIgniter()
#13 C:\Sistemas\Dias Imports\Dias Importes - Marketing v2\dias_imports_v2\public\index.php(59): CodeIgniter\Boot::bootWeb()
#14 C:\Sistemas\Dias Imports\Dias Importes - Marketing v2\dias_imports_v2\system\rewrite.php(44): require_once('...')
#15 {main}

Next CodeIgniter\Database\Exceptions\DatabaseException: Nenhuma conexão pôde ser feita porque a máquina de destino as recusou ativamente in C:\Sistemas\Dias Imports\Dias Importes - Marketing v2\dias_imports_v2\system\Database\MySQLi\Connection.php:231
Stack trace:
#0 C:\Sistemas\Dias Imports\Dias Importes - Marketing v2\dias_imports_v2\system\Database\BaseConnection.php(555): CodeIgniter\Database\MySQLi\Connection->connect()
#1 C:\Sistemas\Dias Imports\Dias Importes - Marketing v2\dias_imports_v2\system\Database\BaseConnection.php(795): CodeIgniter\Database\BaseConnection->initialize()
#2 C:\Sistemas\Dias Imports\Dias Importes - Marketing v2\dias_imports_v2\system\Database\BaseBuilder.php(1659): CodeIgniter\Database\BaseConnection->query()
#3 C:\Sistemas\Dias Imports\Dias Importes - Marketing v2\dias_imports_v2\system\Model.php(297): CodeIgniter\Database\BaseBuilder->get()
#4 C:\Sistemas\Dias Imports\Dias Importes - Marketing v2\dias_imports_v2\system\BaseModel.php(714): CodeIgniter\Model->doFirst()
#5 C:\Sistemas\Dias Imports\Dias Importes - Marketing v2\dias_imports_v2\app\Controllers\Home.php(443): CodeIgniter\BaseModel->first()
#6 C:\Sistemas\Dias Imports\Dias Importes - Marketing v2\dias_imports_v2\app\Controllers\Home.php(118): App\Controllers\Home->renderPage()
#7 C:\Sistemas\Dias Imports\Dias Importes - Marketing v2\dias_imports_v2\system\CodeIgniter.php(974): App\Controllers\Home->settings()
#8 C:\Sistemas\Dias Imports\Dias Importes - Marketing v2\dias_imports_v2\system\CodeIgniter.php(520): CodeIgniter\CodeIgniter->runController()
#9 C:\Sistemas\Dias Imports\Dias Importes - Marketing v2\dias_imports_v2\system\CodeIgniter.php(363): CodeIgniter\CodeIgniter->handleRequest()
#10 C:\Sistemas\Dias Imports\Dias Importes - Marketing v2\dias_imports_v2\system\Boot.php(417): CodeIgniter\CodeIgniter->run()
#11 C:\Sistemas\Dias Imports\Dias Importes - Marketing v2\dias_imports_v2\system\Boot.php(68): CodeIgniter\Boot::runCodeIgniter()
#12 C:\Sistemas\Dias Imports\Dias Importes - Marketing v2\dias_imports_v2\public\index.php(59): CodeIgniter\Boot::bootWeb()
#13 C:\Sistemas\Dias Imports\Dias Importes - Marketing v2\dias_imports_v2\system\rewrite.php(44): require_once('...')
#14 {main}
CRITICAL - 2026-08-24 12:08:27 --> CodeIgniter\Database\Exceptions\DatabaseException: Unable to connect to the database.
Main connection [MySQLi]: Nenhuma conexão pôde ser feita porque a máquina de destino as recusou ativamente
[Method: GET, Route: configuracoes]
in SYSTEMPATH\Database\BaseConnection.php on line 606.
 1 SYSTEMPATH\Database\BaseConnection.php(795): CodeIgniter\Database\BaseConnection->initialize()
 2 SYSTEMPATH\Database\BaseBuilder.php(1659): CodeIgniter\Database\BaseConnection->query()
 3 SYSTEMPATH\Model.php(297): CodeIgniter\Database\BaseBuilder->get()
 4 SYSTEMPATH\BaseModel.php(714): CodeIgniter\Model->doFirst()
 5 APPPATH\Controllers\Home.php(443): CodeIgniter\BaseModel->first()
 6 APPPATH\Controllers\Home.php(118): App\Controllers\Home->renderPage()
 7 SYSTEMPATH\CodeIgniter.php(974): App\Controllers\Home->settings()
 8 SYSTEMPATH\CodeIgniter.php(520): CodeIgniter\CodeIgniter->runController()
 9 SYSTEMPATH\CodeIgniter.php(363): CodeIgniter\CodeIgniter->handleRequest()
10 SYSTEMPATH\Boot.php(417): CodeIgniter\CodeIgniter->run()
11 SYSTEMPATH\Boot.php(68): CodeIgniter\Boot::runCodeIgniter()
12 FCPATH\index.php(59): CodeIgniter\Boot::bootWeb()
13 SYSTEMPATH\rewrite.php(44): require_once('C:\\Sistemas\\Dias Imports\\Dias Importes - Marketing v2\\dias_imports_v2\\public\\index.php')
DEBUG - 2026-08-24 12:08:28 --> Session: Class initialized using 'CodeIgniter\Session\Handlers\FileHandler' driver.
ERROR - 2026-08-24 12:08:30 --> Error connecting to the database: mysqli_sql_exception: Nenhuma conexão pôde ser feita porque a máquina de destino as recusou ativamente in C:\Sistemas\Dias Imports\Dias Importes - Marketing v2\dias_imports_v2\system\Database\MySQLi\Connection.php:201
Stack trace:
#0 C:\Sistemas\Dias Imports\Dias Importes - Marketing v2\dias_imports_v2\system\Database\MySQLi\Connection.php(201): mysqli->real_connect()
#1 C:\Sistemas\Dias Imports\Dias Importes - Marketing v2\dias_imports_v2\system\Database\BaseConnection.php(555): CodeIgniter\Database\MySQLi\Connection->connect()
#2 C:\Sistemas\Dias Imports\Dias Importes - Marketing v2\dias_imports_v2\system\Database\BaseConnection.php(795): CodeIgniter\Database\BaseConnection->initialize()
#3 C:\Sistemas\Dias Imports\Dias Importes - Marketing v2\dias_imports_v2\system\Database\BaseBuilder.php(1659): CodeIgniter\Database\BaseConnection->query()
#4 C:\Sistemas\Dias Imports\Dias Importes - Marketing v2\dias_imports_v2\system\Model.php(297): CodeIgniter\Database\BaseBuilder->get()
#5 C:\Sistemas\Dias Imports\Dias Importes - Marketing v2\dias_imports_v2\system\BaseModel.php(714): CodeIgniter\Model->doFirst()
#6 C:\Sistemas\Dias Imports\Dias Importes - Marketing v2\dias_imports_v2\app\Controllers\Home.php(443): CodeIgniter\BaseModel->first()
#7 C:\Sistemas\Dias Imports\Dias Importes - Marketing v2\dias_imports_v2\app\Controllers\Home.php(89): App\Controllers\Home->renderPage()
#8 C:\Sistemas\Dias Imports\Dias Importes - Marketing v2\dias_imports_v2\system\CodeIgniter.php(974): App\Controllers\Home->index()
#9 C:\Sistemas\Dias Imports\Dias Importes - Marketing v2\dias_imports_v2\system\CodeIgniter.php(520): CodeIgniter\CodeIgniter->runController()
#10 C:\Sistemas\Dias Imports\Dias Importes - Marketing v2\dias_imports_v2\system\CodeIgniter.php(363): CodeIgniter\CodeIgniter->handleRequest()
#11 C:\Sistemas\Dias Imports\Dias Importes - Marketing v2\dias_imports_v2\system\Boot.php(417): CodeIgniter\CodeIgniter->run()
#12 C:\Sistemas\Dias Imports\Dias Importes - Marketing v2\dias_imports_v2\system\Boot.php(68): CodeIgniter\Boot::runCodeIgniter()
#13 C:\Sistemas\Dias Imports\Dias Importes - Marketing v2\dias_imports_v2\public\index.php(59): CodeIgniter\Boot::bootWeb()
#14 C:\Sistemas\Dias Imports\Dias Importes - Marketing v2\dias_imports_v2\system\rewrite.php(44): require_once('...')
#15 {main}

Next CodeIgniter\Database\Exceptions\DatabaseException: Nenhuma conexão pôde ser feita porque a máquina de destino as recusou ativamente in C:\Sistemas\Dias Imports\Dias Importes - Marketing v2\dias_imports_v2\system\Database\MySQLi\Connection.php:231
Stack trace:
#0 C:\Sistemas\Dias Imports\Dias Importes - Marketing v2\dias_imports_v2\system\Database\BaseConnection.php(555): CodeIgniter\Database\MySQLi\Connection->connect()
#1 C:\Sistemas\Dias Imports\Dias Importes - Marketing v2\dias_imports_v2\system\Database\BaseConnection.php(795): CodeIgniter\Database\BaseConnection->initialize()
#2 C:\Sistemas\Dias Imports\Dias Importes - Marketing v2\dias_imports_v2\system\Database\BaseBuilder.php(1659): CodeIgniter\Database\BaseConnection->query()
#3 C:\Sistemas\Dias Imports\Dias Importes - Marketing v2\dias_imports_v2\system\Model.php(297): CodeIgniter\Database\BaseBuilder->get()
#4 C:\Sistemas\Dias Imports\Dias Importes - Marketing v2\dias_imports_v2\system\BaseModel.php(714): CodeIgniter\Model->doFirst()
#5 C:\Sistemas\Dias Imports\Dias Importes - Marketing v2\dias_imports_v2\app\Controllers\Home.php(443): CodeIgniter\BaseModel->first()
#6 C:\Sistemas\Dias Imports\Dias Importes - Marketing v2\dias_imports_v2\app\Controllers\Home.php(89): App\Controllers\Home->renderPage()
#7 C:\Sistemas\Dias Imports\Dias Importes - Marketing v2\dias_imports_v2\system\CodeIgniter.php(974): App\Controllers\Home->index()
#8 C:\Sistemas\Dias Imports\Dias Importes - Marketing v2\dias_imports_v2\system\CodeIgniter.php(520): CodeIgniter\CodeIgniter->runController()
#9 C:\Sistemas\Dias Imports\Dias Importes - Marketing v2\dias_imports_v2\system\CodeIgniter.php(363): CodeIgniter\CodeIgniter->handleRequest()
#10 C:\Sistemas\Dias Imports\Dias Importes - Marketing v2\dias_imports_v2\system\Boot.php(417): CodeIgniter\CodeIgniter->run()
#11 C:\Sistemas\Dias Imports\Dias Importes - Marketing v2\dias_imports_v2\system\Boot.php(68): CodeIgniter\Boot::runCodeIgniter()
#12 C:\Sistemas\Dias Imports\Dias Importes - Marketing v2\dias_imports_v2\public\index.php(59): CodeIgniter\Boot::bootWeb()
#13 C:\Sistemas\Dias Imports\Dias Importes - Marketing v2\dias_imports_v2\system\rewrite.php(44): require_once('...')
#14 {main}
CRITICAL - 2026-08-24 12:08:30 --> CodeIgniter\Database\Exceptions\DatabaseException: Unable to connect to the database.
Main connection [MySQLi]: Nenhuma conexão pôde ser feita porque a máquina de destino as recusou ativamente
[Method: GET, Route: /]
in SYSTEMPATH\Database\BaseConnection.php on line 606.
 1 SYSTEMPATH\Database\BaseConnection.php(795): CodeIgniter\Database\BaseConnection->initialize()
 2 SYSTEMPATH\Database\BaseBuilder.php(1659): CodeIgniter\Database\BaseConnection->query()
 3 SYSTEMPATH\Model.php(297): CodeIgniter\Database\BaseBuilder->get()
 4 SYSTEMPATH\BaseModel.php(714): CodeIgniter\Model->doFirst()
 5 APPPATH\Controllers\Home.php(443): CodeIgniter\BaseModel->first()
 6 APPPATH\Controllers\Home.php(89): App\Controllers\Home->renderPage()
 7 SYSTEMPATH\CodeIgniter.php(974): App\Controllers\Home->index()
 8 SYSTEMPATH\CodeIgniter.php(520): CodeIgniter\CodeIgniter->runController()
 9 SYSTEMPATH\CodeIgniter.php(363): CodeIgniter\CodeIgniter->handleRequest()
10 SYSTEMPATH\Boot.php(417): CodeIgniter\CodeIgniter->run()
11 SYSTEMPATH\Boot.php(68): CodeIgniter\Boot::runCodeIgniter()
12 FCPATH\index.php(59): CodeIgniter\Boot::bootWeb()
13 SYSTEMPATH\rewrite.php(44): require_once('C:\\Sistemas\\Dias Imports\\Dias Importes - Marketing v2\\dias_imports_v2\\public\\index.php')
DEBUG - 2026-08-24 12:08:38 --> Session: Class initialized using 'CodeIgniter\Session\Handlers\FileHandler' driver.
ERROR - 2026-08-24 12:08:41 --> Error connecting to the database: mysqli_sql_exception: Nenhuma conexão pôde ser feita porque a máquina de destino as recusou ativamente in C:\Sistemas\Dias Imports\Dias Importes - Marketing v2\dias_imports_v2\system\Database\MySQLi\Connection.php:201
Stack trace:
#0 C:\Sistemas\Dias Imports\Dias Importes - Marketing v2\dias_imports_v2\system\Database\MySQLi\Connection.php(201): mysqli->real_connect()
#1 C:\Sistemas\Dias Imports\Dias Importes - Marketing v2\dias_imports_v2\system\Database\BaseConnection.php(555): CodeIgniter\Database\MySQLi\Connection->connect()
#2 C:\Sistemas\Dias Imports\Dias Importes - Marketing v2\dias_imports_v2\system\Database\BaseConnection.php(795): CodeIgniter\Database\BaseConnection->initialize()
#3 C:\Sistemas\Dias Imports\Dias Importes - Marketing v2\dias_imports_v2\system\Database\BaseBuilder.php(1659): CodeIgniter\Database\BaseConnection->query()
#4 C:\Sistemas\Dias Imports\Dias Importes - Marketing v2\dias_imports_v2\system\Model.php(297): CodeIgniter\Database\BaseBuilder->get()
#5 C:\Sistemas\Dias Imports\Dias Importes - Marketing v2\dias_imports_v2\system\BaseModel.php(714): CodeIgniter\Model->doFirst()
#6 C:\Sistemas\Dias Imports\Dias Importes - Marketing v2\dias_imports_v2\app\Controllers\Home.php(443): CodeIgniter\BaseModel->first()
#7 C:\Sistemas\Dias Imports\Dias Importes - Marketing v2\dias_imports_v2\app\Controllers\Home.php(89): App\Controllers\Home->renderPage()
#8 C:\Sistemas\Dias Imports\Dias Importes - Marketing v2\dias_imports_v2\system\CodeIgniter.php(974): App\Controllers\Home->index()
#9 C:\Sistemas\Dias Imports\Dias Importes - Marketing v2\dias_imports_v2\system\CodeIgniter.php(520): CodeIgniter\CodeIgniter->runController()
#10 C:\Sistemas\Dias Imports\Dias Importes - Marketing v2\dias_imports_v2\system\CodeIgniter.php(363): CodeIgniter\CodeIgniter->handleRequest()
#11 C:\Sistemas\Dias Imports\Dias Importes - Marketing v2\dias_imports_v2\system\Boot.php(417): CodeIgniter\CodeIgniter->run()
#12 C:\Sistemas\Dias Imports\Dias Importes - Marketing v2\dias_imports_v2\system\Boot.php(68): CodeIgniter\Boot::runCodeIgniter()
#13 C:\Sistemas\Dias Imports\Dias Importes - Marketing v2\dias_imports_v2\public\index.php(59): CodeIgniter\Boot::bootWeb()
#14 C:\Sistemas\Dias Imports\Dias Importes - Marketing v2\dias_imports_v2\system\rewrite.php(44): require_once('...')
#15 {main}

Next CodeIgniter\Database\Exceptions\DatabaseException: Nenhuma conexão pôde ser feita porque a máquina de destino as recusou ativamente in C:\Sistemas\Dias Imports\Dias Importes - Marketing v2\dias_imports_v2\system\Database\MySQLi\Connection.php:231
Stack trace:
#0 C:\Sistemas\Dias Imports\Dias Importes - Marketing v2\dias_imports_v2\system\Database\BaseConnection.php(555): CodeIgniter\Database\MySQLi\Connection->connect()
#1 C:\Sistemas\Dias Imports\Dias Importes - Marketing v2\dias_imports_v2\system\Database\BaseConnection.php(795): CodeIgniter\Database\BaseConnection->initialize()
#2 C:\Sistemas\Dias Imports\Dias Importes - Marketing v2\dias_imports_v2\system\Database\BaseBuilder.php(1659): CodeIgniter\Database\BaseConnection->query()
#3 C:\Sistemas\Dias Imports\Dias Importes - Marketing v2\dias_imports_v2\system\Model.php(297): CodeIgniter\Database\BaseBuilder->get()
#4 C:\Sistemas\Dias Imports\Dias Importes - Marketing v2\dias_imports_v2\system\BaseModel.php(714): CodeIgniter\Model->doFirst()
#5 C:\Sistemas\Dias Imports\Dias Importes - Marketing v2\dias_imports_v2\app\Controllers\Home.php(443): CodeIgniter\BaseModel->first()
#6 C:\Sistemas\Dias Imports\Dias Importes - Marketing v2\dias_imports_v2\app\Controllers\Home.php(89): App\Controllers\Home->renderPage()
#7 C:\Sistemas\Dias Imports\Dias Importes - Marketing v2\dias_imports_v2\system\CodeIgniter.php(974): App\Controllers\Home->index()
#8 C:\Sistemas\Dias Imports\Dias Importes - Marketing v2\dias_imports_v2\system\CodeIgniter.php(520): CodeIgniter\CodeIgniter->runController()
#9 C:\Sistemas\Dias Imports\Dias Importes - Marketing v2\dias_imports_v2\system\CodeIgniter.php(363): CodeIgniter\CodeIgniter->handleRequest()
#10 C:\Sistemas\Dias Imports\Dias Importes - Marketing v2\dias_imports_v2\system\Boot.php(417): CodeIgniter\CodeIgniter->run()
#11 C:\Sistemas\Dias Imports\Dias Importes - Marketing v2\dias_imports_v2\system\Boot.php(68): CodeIgniter\Boot::runCodeIgniter()
#12 C:\Sistemas\Dias Imports\Dias Importes - Marketing v2\dias_imports_v2\public\index.php(59): CodeIgniter\Boot::bootWeb()
#13 C:\Sistemas\Dias Imports\Dias Importes - Marketing v2\dias_imports_v2\system\rewrite.php(44): require_once('...')
#14 {main}
CRITICAL - 2026-08-24 12:08:41 --> CodeIgniter\Database\Exceptions\DatabaseException: Unable to connect to the database.
Main connection [MySQLi]: Nenhuma conexão pôde ser feita porque a máquina de destino as recusou ativamente
[Method: GET, Route: /]
in SYSTEMPATH\Database\BaseConnection.php on line 606.
 1 SYSTEMPATH\Database\BaseConnection.php(795): CodeIgniter\Database\BaseConnection->initialize()
 2 SYSTEMPATH\Database\BaseBuilder.php(1659): CodeIgniter\Database\BaseConnection->query()
 3 SYSTEMPATH\Model.php(297): CodeIgniter\Database\BaseBuilder->get()
 4 SYSTEMPATH\BaseModel.php(714): CodeIgniter\Model->doFirst()
 5 APPPATH\Controllers\Home.php(443): CodeIgniter\BaseModel->first()
 6 APPPATH\Controllers\Home.php(89): App\Controllers\Home->renderPage()
 7 SYSTEMPATH\CodeIgniter.php(974): App\Controllers\Home->index()
 8 SYSTEMPATH\CodeIgniter.php(520): CodeIgniter\CodeIgniter->runController()
 9 SYSTEMPATH\CodeIgniter.php(363): CodeIgniter\CodeIgniter->handleRequest()
10 SYSTEMPATH\Boot.php(417): CodeIgniter\CodeIgniter->run()
11 SYSTEMPATH\Boot.php(68): CodeIgniter\Boot::runCodeIgniter()
12 FCPATH\index.php(59): CodeIgniter\Boot::bootWeb()
13 SYSTEMPATH\rewrite.php(44): require_once('C:\\Sistemas\\Dias Imports\\Dias Importes - Marketing v2\\dias_imports_v2\\public\\index.php')
DEBUG - 2026-08-24 12:09:08 --> Session: Class initialized using 'CodeIgniter\Session\Handlers\FileHandler' driver.
ERROR - 2026-08-24 12:09:11 --> Error connecting to the database: mysqli_sql_exception: Nenhuma conexão pôde ser feita porque a máquina de destino as recusou ativamente in C:\Sistemas\Dias Imports\Dias Importes - Marketing v2\dias_imports_v2\system\Database\MySQLi\Connection.php:201
Stack trace:
#0 C:\Sistemas\Dias Imports\Dias Importes - Marketing v2\dias_imports_v2\system\Database\MySQLi\Connection.php(201): mysqli->real_connect()
#1 C:\Sistemas\Dias Imports\Dias Importes - Marketing v2\dias_imports_v2\system\Database\BaseConnection.php(555): CodeIgniter\Database\MySQLi\Connection->connect()
#2 C:\Sistemas\Dias Imports\Dias Importes - Marketing v2\dias_imports_v2\system\Database\BaseConnection.php(795): CodeIgniter\Database\BaseConnection->initialize()
#3 C:\Sistemas\Dias Imports\Dias Importes - Marketing v2\dias_imports_v2\system\Database\BaseBuilder.php(1659): CodeIgniter\Database\BaseConnection->query()
#4 C:\Sistemas\Dias Imports\Dias Importes - Marketing v2\dias_imports_v2\system\Model.php(297): CodeIgniter\Database\BaseBuilder->get()
#5 C:\Sistemas\Dias Imports\Dias Importes - Marketing v2\dias_imports_v2\system\BaseModel.php(714): CodeIgniter\Model->doFirst()
#6 C:\Sistemas\Dias Imports\Dias Importes - Marketing v2\dias_imports_v2\app\Controllers\BaseController.php(45): CodeIgniter\BaseModel->first()
#7 C:\Sistemas\Dias Imports\Dias Importes - Marketing v2\dias_imports_v2\app\Controllers\Home.php(443): App\Controllers\BaseController->getLayoutMaxWidth()
#8 C:\Sistemas\Dias Imports\Dias Importes - Marketing v2\dias_imports_v2\app\Controllers\Home.php(89): App\Controllers\Home->renderPage()
#9 C:\Sistemas\Dias Imports\Dias Importes - Marketing v2\dias_imports_v2\system\CodeIgniter.php(974): App\Controllers\Home->index()
#10 C:\Sistemas\Dias Imports\Dias Importes - Marketing v2\dias_imports_v2\system\CodeIgniter.php(520): CodeIgniter\CodeIgniter->runController()
#11 C:\Sistemas\Dias Imports\Dias Importes - Marketing v2\dias_imports_v2\system\CodeIgniter.php(363): CodeIgniter\CodeIgniter->handleRequest()
#12 C:\Sistemas\Dias Imports\Dias Importes - Marketing v2\dias_imports_v2\system\Boot.php(417): CodeIgniter\CodeIgniter->run()
#13 C:\Sistemas\Dias Imports\Dias Importes - Marketing v2\dias_imports_v2\system\Boot.php(68): CodeIgniter\Boot::runCodeIgniter()
#14 C:\Sistemas\Dias Imports\Dias Importes - Marketing v2\dias_imports_v2\public\index.php(59): CodeIgniter\Boot::bootWeb()
#15 C:\Sistemas\Dias Imports\Dias Importes - Marketing v2\dias_imports_v2\system\rewrite.php(44): require_once('...')
#16 {main}

Next CodeIgniter\Database\Exceptions\DatabaseException: Nenhuma conexão pôde ser feita porque a máquina de destino as recusou ativamente in C:\Sistemas\Dias Imports\Dias Importes - Marketing v2\dias_imports_v2\system\Database\MySQLi\Connection.php:231
Stack trace:
#0 C:\Sistemas\Dias Imports\Dias Importes - Marketing v2\dias_imports_v2\system\Database\BaseConnection.php(555): CodeIgniter\Database\MySQLi\Connection->connect()
#1 C:\Sistemas\Dias Imports\Dias Importes - Marketing v2\dias_imports_v2\system\Database\BaseConnection.php(795): CodeIgniter\Database\BaseConnection->initialize()
#2 C:\Sistemas\Dias Imports\Dias Importes - Marketing v2\dias_imports_v2\system\Database\BaseBuilder.php(1659): CodeIgniter\Database\BaseConnection->query()
#3 C:\Sistemas\Dias Imports\Dias Importes - Marketing v2\dias_imports_v2\system\Model.php(297): CodeIgniter\Database\BaseBuilder->get()
#4 C:\Sistemas\Dias Imports\Dias Importes - Marketing v2\dias_imports_v2\system\BaseModel.php(714): CodeIgniter\Model->doFirst()
#5 C:\Sistemas\Dias Imports\Dias Importes - Marketing v2\dias_imports_v2\app\Controllers\BaseController.php(45): CodeIgniter\BaseModel->first()
#6 C:\Sistemas\Dias Imports\Dias Importes - Marketing v2\dias_imports_v2\app\Controllers\Home.php(443): App\Controllers\BaseController->getLayoutMaxWidth()
#7 C:\Sistemas\Dias Imports\Dias Importes - Marketing v2\dias_imports_v2\app\Controllers\Home.php(89): App\Controllers\Home->renderPage()
#8 C:\Sistemas\Dias Imports\Dias Importes - Marketing v2\dias_imports_v2\system\CodeIgniter.php(974): App\Controllers\Home->index()
#9 C:\Sistemas\Dias Imports\Dias Importes - Marketing v2\dias_imports_v2\system\CodeIgniter.php(520): CodeIgniter\CodeIgniter->runController()
#10 C:\Sistemas\Dias Imports\Dias Importes - Marketing v2\dias_imports_v2\system\CodeIgniter.php(363): CodeIgniter\CodeIgniter->handleRequest()
#11 C:\Sistemas\Dias Imports\Dias Importes - Marketing v2\dias_imports_v2\system\Boot.php(417): CodeIgniter\CodeIgniter->run()
#12 C:\Sistemas\Dias Imports\Dias Importes - Marketing v2\dias_imports_v2\system\Boot.php(68): CodeIgniter\Boot::runCodeIgniter()
#13 C:\Sistemas\Dias Imports\Dias Importes - Marketing v2\dias_imports_v2\public\index.php(59): CodeIgniter\Boot::bootWeb()
#14 C:\Sistemas\Dias Imports\Dias Importes - Marketing v2\dias_imports_v2\system\rewrite.php(44): require_once('...')
#15 {main}
DEBUG - 2026-08-24 12:09:28 --> Session: Class initialized using 'CodeIgniter\Session\Handlers\FileHandler' driver.
ERROR - 2026-08-24 12:09:31 --> Error connecting to the database: mysqli_sql_exception: Nenhuma conexão pôde ser feita porque a máquina de destino as recusou ativamente in C:\Sistemas\Dias Imports\Dias Importes - Marketing v2\dias_imports_v2\system\Database\MySQLi\Connection.php:201
Stack trace:
#0 C:\Sistemas\Dias Imports\Dias Importes - Marketing v2\dias_imports_v2\system\Database\MySQLi\Connection.php(201): mysqli->real_connect()
#1 C:\Sistemas\Dias Imports\Dias Importes - Marketing v2\dias_imports_v2\system\Database\BaseConnection.php(555): CodeIgniter\Database\MySQLi\Connection->connect()
#2 C:\Sistemas\Dias Imports\Dias Importes - Marketing v2\dias_imports_v2\system\Database\BaseConnection.php(795): CodeIgniter\Database\BaseConnection->initialize()
#3 C:\Sistemas\Dias Imports\Dias Importes - Marketing v2\dias_imports_v2\system\Database\BaseBuilder.php(1659): CodeIgniter\Database\BaseConnection->query()
#4 C:\Sistemas\Dias Imports\Dias Importes - Marketing v2\dias_imports_v2\system\Model.php(297): CodeIgniter\Database\BaseBuilder->get()
#5 C:\Sistemas\Dias Imports\Dias Importes - Marketing v2\dias_imports_v2\system\BaseModel.php(714): CodeIgniter\Model->doFirst()
#6 C:\Sistemas\Dias Imports\Dias Importes - Marketing v2\dias_imports_v2\app\Controllers\BaseController.php(45): CodeIgniter\BaseModel->first()
#7 C:\Sistemas\Dias Imports\Dias Importes - Marketing v2\dias_imports_v2\app\Controllers\Home.php(443): App\Controllers\BaseController->getLayoutMaxWidth()
#8 C:\Sistemas\Dias Imports\Dias Importes - Marketing v2\dias_imports_v2\app\Controllers\Home.php(118): App\Controllers\Home->renderPage()
#9 C:\Sistemas\Dias Imports\Dias Importes - Marketing v2\dias_imports_v2\system\CodeIgniter.php(974): App\Controllers\Home->settings()
#10 C:\Sistemas\Dias Imports\Dias Importes - Marketing v2\dias_imports_v2\system\CodeIgniter.php(520): CodeIgniter\CodeIgniter->runController()
#11 C:\Sistemas\Dias Imports\Dias Importes - Marketing v2\dias_imports_v2\system\CodeIgniter.php(363): CodeIgniter\CodeIgniter->handleRequest()
#12 C:\Sistemas\Dias Imports\Dias Importes - Marketing v2\dias_imports_v2\system\Boot.php(417): CodeIgniter\CodeIgniter->run()
#13 C:\Sistemas\Dias Imports\Dias Importes - Marketing v2\dias_imports_v2\system\Boot.php(68): CodeIgniter\Boot::runCodeIgniter()
#14 C:\Sistemas\Dias Imports\Dias Importes - Marketing v2\dias_imports_v2\public\index.php(59): CodeIgniter\Boot::bootWeb()
#15 C:\Sistemas\Dias Imports\Dias Importes - Marketing v2\dias_imports_v2\system\rewrite.php(44): require_once('...')
#16 {main}

Next CodeIgniter\Database\Exceptions\DatabaseException: Nenhuma conexão pôde ser feita porque a máquina de destino as recusou ativamente in C:\Sistemas\Dias Imports\Dias Importes - Marketing v2\dias_imports_v2\system\Database\MySQLi\Connection.php:231
Stack trace:
#0 C:\Sistemas\Dias Imports\Dias Importes - Marketing v2\dias_imports_v2\system\Database\BaseConnection.php(555): CodeIgniter\Database\MySQLi\Connection->connect()
#1 C:\Sistemas\Dias Imports\Dias Importes - Marketing v2\dias_imports_v2\system\Database\BaseConnection.php(795): CodeIgniter\Database\BaseConnection->initialize()
#2 C:\Sistemas\Dias Imports\Dias Importes - Marketing v2\dias_imports_v2\system\Database\BaseBuilder.php(1659): CodeIgniter\Database\BaseConnection->query()
#3 C:\Sistemas\Dias Imports\Dias Importes - Marketing v2\dias_imports_v2\system\Model.php(297): CodeIgniter\Database\BaseBuilder->get()
#4 C:\Sistemas\Dias Imports\Dias Importes - Marketing v2\dias_imports_v2\system\BaseModel.php(714): CodeIgniter\Model->doFirst()
#5 C:\Sistemas\Dias Imports\Dias Importes - Marketing v2\dias_imports_v2\app\Controllers\BaseController.php(45): CodeIgniter\BaseModel->first()
#6 C:\Sistemas\Dias Imports\Dias Importes - Marketing v2\dias_imports_v2\app\Controllers\Home.php(443): App\Controllers\BaseController->getLayoutMaxWidth()
#7 C:\Sistemas\Dias Imports\Dias Importes - Marketing v2\dias_imports_v2\app\Controllers\Home.php(118): App\Controllers\Home->renderPage()
#8 C:\Sistemas\Dias Imports\Dias Importes - Marketing v2\dias_imports_v2\system\CodeIgniter.php(974): App\Controllers\Home->settings()
#9 C:\Sistemas\Dias Imports\Dias Importes - Marketing v2\dias_imports_v2\system\CodeIgniter.php(520): CodeIgniter\CodeIgniter->runController()
#10 C:\Sistemas\Dias Imports\Dias Importes - Marketing v2\dias_imports_v2\system\CodeIgniter.php(363): CodeIgniter\CodeIgniter->handleRequest()
#11 C:\Sistemas\Dias Imports\Dias Importes - Marketing v2\dias_imports_v2\system\Boot.php(417): CodeIgniter\CodeIgniter->run()
#12 C:\Sistemas\Dias Imports\Dias Importes - Marketing v2\dias_imports_v2\system\Boot.php(68): CodeIgniter\Boot::runCodeIgniter()
#13 C:\Sistemas\Dias Imports\Dias Importes - Marketing v2\dias_imports_v2\public\index.php(59): CodeIgniter\Boot::bootWeb()
#14 C:\Sistemas\Dias Imports\Dias Importes - Marketing v2\dias_imports_v2\system\rewrite.php(44): require_once('...')
#15 {main}
ERROR - 2026-08-24 12:09:34 --> Error connecting to the database: mysqli_sql_exception: Nenhuma conexão pôde ser feita porque a máquina de destino as recusou ativamente in C:\Sistemas\Dias Imports\Dias Importes - Marketing v2\dias_imports_v2\system\Database\MySQLi\Connection.php:201
Stack trace:
#0 C:\Sistemas\Dias Imports\Dias Importes - Marketing v2\dias_imports_v2\system\Database\MySQLi\Connection.php(201): mysqli->real_connect()
#1 C:\Sistemas\Dias Imports\Dias Importes - Marketing v2\dias_imports_v2\system\Database\BaseConnection.php(555): CodeIgniter\Database\MySQLi\Connection->connect()
#2 C:\Sistemas\Dias Imports\Dias Importes - Marketing v2\dias_imports_v2\system\Database\BaseConnection.php(795): CodeIgniter\Database\BaseConnection->initialize()
#3 C:\Sistemas\Dias Imports\Dias Importes - Marketing v2\dias_imports_v2\system\Database\BaseBuilder.php(1659): CodeIgniter\Database\BaseConnection->query()
#4 C:\Sistemas\Dias Imports\Dias Importes - Marketing v2\dias_imports_v2\system\Model.php(297): CodeIgniter\Database\BaseBuilder->get()
#5 C:\Sistemas\Dias Imports\Dias Importes - Marketing v2\dias_imports_v2\system\BaseModel.php(714): CodeIgniter\Model->doFirst()
#6 C:\Sistemas\Dias Imports\Dias Importes - Marketing v2\dias_imports_v2\app\Controllers\Home.php(457): CodeIgniter\BaseModel->first()
#7 C:\Sistemas\Dias Imports\Dias Importes - Marketing v2\dias_imports_v2\app\Controllers\Home.php(118): App\Controllers\Home->renderPage()
#8 C:\Sistemas\Dias Imports\Dias Importes - Marketing v2\dias_imports_v2\system\CodeIgniter.php(974): App\Controllers\Home->settings()
#9 C:\Sistemas\Dias Imports\Dias Importes - Marketing v2\dias_imports_v2\system\CodeIgniter.php(520): CodeIgniter\CodeIgniter->runController()
#10 C:\Sistemas\Dias Imports\Dias Importes - Marketing v2\dias_imports_v2\system\CodeIgniter.php(363): CodeIgniter\CodeIgniter->handleRequest()
#11 C:\Sistemas\Dias Imports\Dias Importes - Marketing v2\dias_imports_v2\system\Boot.php(417): CodeIgniter\CodeIgniter->run()
#12 C:\Sistemas\Dias Imports\Dias Importes - Marketing v2\dias_imports_v2\system\Boot.php(68): CodeIgniter\Boot::runCodeIgniter()
#13 C:\Sistemas\Dias Imports\Dias Importes - Marketing v2\dias_imports_v2\public\index.php(59): CodeIgniter\Boot::bootWeb()
#14 C:\Sistemas\Dias Imports\Dias Importes - Marketing v2\dias_imports_v2\system\rewrite.php(44): require_once('...')
#15 {main}

Next CodeIgniter\Database\Exceptions\DatabaseException: Nenhuma conexão pôde ser feita porque a máquina de destino as recusou ativamente in C:\Sistemas\Dias Imports\Dias Importes - Marketing v2\dias_imports_v2\system\Database\MySQLi\Connection.php:231
Stack trace:
#0 C:\Sistemas\Dias Imports\Dias Importes - Marketing v2\dias_imports_v2\system\Database\BaseConnection.php(555): CodeIgniter\Database\MySQLi\Connection->connect()
#1 C:\Sistemas\Dias Imports\Dias Importes - Marketing v2\dias_imports_v2\system\Database\BaseConnection.php(795): CodeIgniter\Database\BaseConnection->initialize()
#2 C:\Sistemas\Dias Imports\Dias Importes - Marketing v2\dias_imports_v2\system\Database\BaseBuilder.php(1659): CodeIgniter\Database\BaseConnection->query()
#3 C:\Sistemas\Dias Imports\Dias Importes - Marketing v2\dias_imports_v2\system\Model.php(297): CodeIgniter\Database\BaseBuilder->get()
#4 C:\Sistemas\Dias Imports\Dias Importes - Marketing v2\dias_imports_v2\system\BaseModel.php(714): CodeIgniter\Model->doFirst()
#5 C:\Sistemas\Dias Imports\Dias Importes - Marketing v2\dias_imports_v2\app\Controllers\Home.php(457): CodeIgniter\BaseModel->first()
#6 C:\Sistemas\Dias Imports\Dias Importes - Marketing v2\dias_imports_v2\app\Controllers\Home.php(118): App\Controllers\Home->renderPage()
#7 C:\Sistemas\Dias Imports\Dias Importes - Marketing v2\dias_imports_v2\system\CodeIgniter.php(974): App\Controllers\Home->settings()
#8 C:\Sistemas\Dias Imports\Dias Importes - Marketing v2\dias_imports_v2\system\CodeIgniter.php(520): CodeIgniter\CodeIgniter->runController()
#9 C:\Sistemas\Dias Imports\Dias Importes - Marketing v2\dias_imports_v2\system\CodeIgniter.php(363): CodeIgniter\CodeIgniter->handleRequest()
#10 C:\Sistemas\Dias Imports\Dias Importes - Marketing v2\dias_imports_v2\system\Boot.php(417): CodeIgniter\CodeIgniter->run()
#11 C:\Sistemas\Dias Imports\Dias Importes - Marketing v2\dias_imports_v2\system\Boot.php(68): CodeIgniter\Boot::runCodeIgniter()
#12 C:\Sistemas\Dias Imports\Dias Importes - Marketing v2\dias_imports_v2\public\index.php(59): CodeIgniter\Boot::bootWeb()
#13 C:\Sistemas\Dias Imports\Dias Importes - Marketing v2\dias_imports_v2\system\rewrite.php(44): require_once('...')
#14 {main}
CRITICAL - 2026-08-24 12:09:34 --> CodeIgniter\Database\Exceptions\DatabaseException: Unable to connect to the database.
Main connection [MySQLi]: Nenhuma conexão pôde ser feita porque a máquina de destino as recusou ativamente
[Method: GET, Route: configuracoes]
in SYSTEMPATH\Database\BaseConnection.php on line 606.
 1 SYSTEMPATH\Database\BaseConnection.php(795): CodeIgniter\Database\BaseConnection->initialize()
 2 SYSTEMPATH\Database\BaseBuilder.php(1659): CodeIgniter\Database\BaseConnection->query()
 3 SYSTEMPATH\Model.php(297): CodeIgniter\Database\BaseBuilder->get()
 4 SYSTEMPATH\BaseModel.php(714): CodeIgniter\Model->doFirst()
 5 APPPATH\Controllers\Home.php(457): CodeIgniter\BaseModel->first()
 6 APPPATH\Controllers\Home.php(118): App\Controllers\Home->renderPage()
 7 SYSTEMPATH\CodeIgniter.php(974): App\Controllers\Home->settings()
 8 SYSTEMPATH\CodeIgniter.php(520): CodeIgniter\CodeIgniter->runController()
 9 SYSTEMPATH\CodeIgniter.php(363): CodeIgniter\CodeIgniter->handleRequest()
10 SYSTEMPATH\Boot.php(417): CodeIgniter\CodeIgniter->run()
11 SYSTEMPATH\Boot.php(68): CodeIgniter\Boot::runCodeIgniter()
12 FCPATH\index.php(59): CodeIgniter\Boot::bootWeb()
13 SYSTEMPATH\rewrite.php(44): require_once('C:\\Sistemas\\Dias Imports\\Dias Importes - Marketing v2\\dias_imports_v2\\public\\index.php')
DEBUG - 2026-08-24 12:09:34 --> Session: Class initialized using 'CodeIgniter\Session\Handlers\FileHandler' driver.
ERROR - 2026-08-24 12:09:36 --> Error connecting to the database: mysqli_sql_exception: Nenhuma conexão pôde ser feita porque a máquina de destino as recusou ativamente in C:\Sistemas\Dias Imports\Dias Importes - Marketing v2\dias_imports_v2\system\Database\MySQLi\Connection.php:201
Stack trace:
#0 C:\Sistemas\Dias Imports\Dias Importes - Marketing v2\dias_imports_v2\system\Database\MySQLi\Connection.php(201): mysqli->real_connect()
#1 C:\Sistemas\Dias Imports\Dias Importes - Marketing v2\dias_imports_v2\system\Database\BaseConnection.php(555): CodeIgniter\Database\MySQLi\Connection->connect()
#2 C:\Sistemas\Dias Imports\Dias Importes - Marketing v2\dias_imports_v2\system\Database\BaseConnection.php(795): CodeIgniter\Database\BaseConnection->initialize()
#3 C:\Sistemas\Dias Imports\Dias Importes - Marketing v2\dias_imports_v2\system\Database\BaseBuilder.php(1659): CodeIgniter\Database\BaseConnection->query()
#4 C:\Sistemas\Dias Imports\Dias Importes - Marketing v2\dias_imports_v2\system\Model.php(297): CodeIgniter\Database\BaseBuilder->get()
#5 C:\Sistemas\Dias Imports\Dias Importes - Marketing v2\dias_imports_v2\system\BaseModel.php(714): CodeIgniter\Model->doFirst()
#6 C:\Sistemas\Dias Imports\Dias Importes - Marketing v2\dias_imports_v2\app\Controllers\BaseController.php(45): CodeIgniter\BaseModel->first()
#7 C:\Sistemas\Dias Imports\Dias Importes - Marketing v2\dias_imports_v2\app\Controllers\Home.php(443): App\Controllers\BaseController->getLayoutMaxWidth()
#8 C:\Sistemas\Dias Imports\Dias Importes - Marketing v2\dias_imports_v2\app\Controllers\Home.php(89): App\Controllers\Home->renderPage()
#9 C:\Sistemas\Dias Imports\Dias Importes - Marketing v2\dias_imports_v2\system\CodeIgniter.php(974): App\Controllers\Home->index()
#10 C:\Sistemas\Dias Imports\Dias Importes - Marketing v2\dias_imports_v2\system\CodeIgniter.php(520): CodeIgniter\CodeIgniter->runController()
#11 C:\Sistemas\Dias Imports\Dias Importes - Marketing v2\dias_imports_v2\system\CodeIgniter.php(363): CodeIgniter\CodeIgniter->handleRequest()
#12 C:\Sistemas\Dias Imports\Dias Importes - Marketing v2\dias_imports_v2\system\Boot.php(417): CodeIgniter\CodeIgniter->run()
#13 C:\Sistemas\Dias Imports\Dias Importes - Marketing v2\dias_imports_v2\system\Boot.php(68): CodeIgniter\Boot::runCodeIgniter()
#14 C:\Sistemas\Dias Imports\Dias Importes - Marketing v2\dias_imports_v2\public\index.php(59): CodeIgniter\Boot::bootWeb()
#15 C:\Sistemas\Dias Imports\Dias Importes - Marketing v2\dias_imports_v2\system\rewrite.php(44): require_once('...')
#16 {main}

Next CodeIgniter\Database\Exceptions\DatabaseException: Nenhuma conexão pôde ser feita porque a máquina de destino as recusou ativamente in C:\Sistemas\Dias Imports\Dias Importes - Marketing v2\dias_imports_v2\system\Database\MySQLi\Connection.php:231
Stack trace:
#0 C:\Sistemas\Dias Imports\Dias Importes - Marketing v2\dias_imports_v2\system\Database\BaseConnection.php(555): CodeIgniter\Database\MySQLi\Connection->connect()
#1 C:\Sistemas\Dias Imports\Dias Importes - Marketing v2\dias_imports_v2\system\Database\BaseConnection.php(795): CodeIgniter\Database\BaseConnection->initialize()
#2 C:\Sistemas\Dias Imports\Dias Importes - Marketing v2\dias_imports_v2\system\Database\BaseBuilder.php(1659): CodeIgniter\Database\BaseConnection->query()
#3 C:\Sistemas\Dias Imports\Dias Importes - Marketing v2\dias_imports_v2\system\Model.php(297): CodeIgniter\Database\BaseBuilder->get()
#4 C:\Sistemas\Dias Imports\Dias Importes - Marketing v2\dias_imports_v2\system\BaseModel.php(714): CodeIgniter\Model->doFirst()
#5 C:\Sistemas\Dias Imports\Dias Importes - Marketing v2\dias_imports_v2\app\Controllers\BaseController.php(45): CodeIgniter\BaseModel->first()
#6 C:\Sistemas\Dias Imports\Dias Importes - Marketing v2\dias_imports_v2\app\Controllers\Home.php(443): App\Controllers\BaseController->getLayoutMaxWidth()
#7 C:\Sistemas\Dias Imports\Dias Importes - Marketing v2\dias_imports_v2\app\Controllers\Home.php(89): App\Controllers\Home->renderPage()
#8 C:\Sistemas\Dias Imports\Dias Importes - Marketing v2\dias_imports_v2\system\CodeIgniter.php(974): App\Controllers\Home->index()
#9 C:\Sistemas\Dias Imports\Dias Importes - Marketing v2\dias_imports_v2\system\CodeIgniter.php(520): CodeIgniter\CodeIgniter->runController()
#10 C:\Sistemas\Dias Imports\Dias Importes - Marketing v2\dias_imports_v2\system\CodeIgniter.php(363): CodeIgniter\CodeIgniter->handleRequest()
#11 C:\Sistemas\Dias Imports\Dias Importes - Marketing v2\dias_imports_v2\system\Boot.php(417): CodeIgniter\CodeIgniter->run()
#12 C:\Sistemas\Dias Imports\Dias Importes - Marketing v2\dias_imports_v2\system\Boot.php(68): CodeIgniter\Boot::runCodeIgniter()
#13 C:\Sistemas\Dias Imports\Dias Importes - Marketing v2\dias_imports_v2\public\index.php(59): CodeIgniter\Boot::bootWeb()
#14 C:\Sistemas\Dias Imports\Dias Importes - Marketing v2\dias_imports_v2\system\rewrite.php(44): require_once('...')
#15 {main}
DEBUG - 2026-08-24 12:12:02 --> Session: Class initialized using 'CodeIgniter\Session\Handlers\FileHandler' driver.
ERROR - 2026-08-24 12:12:05 --> Error connecting to the database: mysqli_sql_exception: Nenhuma conexão pôde ser feita porque a máquina de destino as recusou ativamente in C:\Sistemas\Dias Imports\Dias Importes - Marketing v2\dias_imports_v2\system\Database\MySQLi\Connection.php:201
Stack trace:
#0 C:\Sistemas\Dias Imports\Dias Importes - Marketing v2\dias_imports_v2\system\Database\MySQLi\Connection.php(201): mysqli->real_connect()
#1 C:\Sistemas\Dias Imports\Dias Importes - Marketing v2\dias_imports_v2\system\Database\BaseConnection.php(555): CodeIgniter\Database\MySQLi\Connection->connect()
#2 C:\Sistemas\Dias Imports\Dias Importes - Marketing v2\dias_imports_v2\system\Database\BaseConnection.php(795): CodeIgniter\Database\BaseConnection->initialize()
#3 C:\Sistemas\Dias Imports\Dias Importes - Marketing v2\dias_imports_v2\system\Database\BaseBuilder.php(1659): CodeIgniter\Database\BaseConnection->query()
#4 C:\Sistemas\Dias Imports\Dias Importes - Marketing v2\dias_imports_v2\system\Model.php(297): CodeIgniter\Database\BaseBuilder->get()
#5 C:\Sistemas\Dias Imports\Dias Importes - Marketing v2\dias_imports_v2\system\BaseModel.php(714): CodeIgniter\Model->doFirst()
#6 C:\Sistemas\Dias Imports\Dias Importes - Marketing v2\dias_imports_v2\app\Controllers\BaseController.php(45): CodeIgniter\BaseModel->first()
#7 C:\Sistemas\Dias Imports\Dias Importes - Marketing v2\dias_imports_v2\app\Controllers\Home.php(443): App\Controllers\BaseController->getLayoutMaxWidth()
#8 C:\Sistemas\Dias Imports\Dias Importes - Marketing v2\dias_imports_v2\app\Controllers\Home.php(118): App\Controllers\Home->renderPage()
#9 C:\Sistemas\Dias Imports\Dias Importes - Marketing v2\dias_imports_v2\system\CodeIgniter.php(974): App\Controllers\Home->settings()
#10 C:\Sistemas\Dias Imports\Dias Importes - Marketing v2\dias_imports_v2\system\CodeIgniter.php(520): CodeIgniter\CodeIgniter->runController()
#11 C:\Sistemas\Dias Imports\Dias Importes - Marketing v2\dias_imports_v2\system\CodeIgniter.php(363): CodeIgniter\CodeIgniter->handleRequest()
#12 C:\Sistemas\Dias Imports\Dias Importes - Marketing v2\dias_imports_v2\system\Boot.php(417): CodeIgniter\CodeIgniter->run()
#13 C:\Sistemas\Dias Imports\Dias Importes - Marketing v2\dias_imports_v2\system\Boot.php(68): CodeIgniter\Boot::runCodeIgniter()
#14 C:\Sistemas\Dias Imports\Dias Importes - Marketing v2\dias_imports_v2\public\index.php(59): CodeIgniter\Boot::bootWeb()
#15 C:\Sistemas\Dias Imports\Dias Importes - Marketing v2\dias_imports_v2\system\rewrite.php(44): require_once('...')
#16 {main}

Next CodeIgniter\Database\Exceptions\DatabaseException: Nenhuma conexão pôde ser feita porque a máquina de destino as recusou ativamente in C:\Sistemas\Dias Imports\Dias Importes - Marketing v2\dias_imports_v2\system\Database\MySQLi\Connection.php:231
Stack trace:
#0 C:\Sistemas\Dias Imports\Dias Importes - Marketing v2\dias_imports_v2\system\Database\BaseConnection.php(555): CodeIgniter\Database\MySQLi\Connection->connect()
#1 C:\Sistemas\Dias Imports\Dias Importes - Marketing v2\dias_imports_v2\system\Database\BaseConnection.php(795): CodeIgniter\Database\BaseConnection->initialize()
#2 C:\Sistemas\Dias Imports\Dias Importes - Marketing v2\dias_imports_v2\system\Database\BaseBuilder.php(1659): CodeIgniter\Database\BaseConnection->query()
#3 C:\Sistemas\Dias Imports\Dias Importes - Marketing v2\dias_imports_v2\system\Model.php(297): CodeIgniter\Database\BaseBuilder->get()
#4 C:\Sistemas\Dias Imports\Dias Importes - Marketing v2\dias_imports_v2\system\BaseModel.php(714): CodeIgniter\Model->doFirst()
#5 C:\Sistemas\Dias Imports\Dias Importes - Marketing v2\dias_imports_v2\app\Controllers\BaseController.php(45): CodeIgniter\BaseModel->first()
#6 C:\Sistemas\Dias Imports\Dias Importes - Marketing v2\dias_imports_v2\app\Controllers\Home.php(443): App\Controllers\BaseController->getLayoutMaxWidth()
#7 C:\Sistemas\Dias Imports\Dias Importes - Marketing v2\dias_imports_v2\app\Controllers\Home.php(118): App\Controllers\Home->renderPage()
#8 C:\Sistemas\Dias Imports\Dias Importes - Marketing v2\dias_imports_v2\system\CodeIgniter.php(974): App\Controllers\Home->settings()
#9 C:\Sistemas\Dias Imports\Dias Importes - Marketing v2\dias_imports_v2\system\CodeIgniter.php(520): CodeIgniter\CodeIgniter->runController()
#10 C:\Sistemas\Dias Imports\Dias Importes - Marketing v2\dias_imports_v2\system\CodeIgniter.php(363): CodeIgniter\CodeIgniter->handleRequest()
#11 C:\Sistemas\Dias Imports\Dias Importes - Marketing v2\dias_imports_v2\system\Boot.php(417): CodeIgniter\CodeIgniter->run()
#12 C:\Sistemas\Dias Imports\Dias Importes - Marketing v2\dias_imports_v2\system\Boot.php(68): CodeIgniter\Boot::runCodeIgniter()
#13 C:\Sistemas\Dias Imports\Dias Importes - Marketing v2\dias_imports_v2\public\index.php(59): CodeIgniter\Boot::bootWeb()
#14 C:\Sistemas\Dias Imports\Dias Importes - Marketing v2\dias_imports_v2\system\rewrite.php(44): require_once('...')
#15 {main}
ERROR - 2026-08-24 12:12:07 --> Error connecting to the database: mysqli_sql_exception: Nenhuma conexão pôde ser feita porque a máquina de destino as recusou ativamente in C:\Sistemas\Dias Imports\Dias Importes - Marketing v2\dias_imports_v2\system\Database\MySQLi\Connection.php:201
Stack trace:
#0 C:\Sistemas\Dias Imports\Dias Importes - Marketing v2\dias_imports_v2\system\Database\MySQLi\Connection.php(201): mysqli->real_connect()
#1 C:\Sistemas\Dias Imports\Dias Importes - Marketing v2\dias_imports_v2\system\Database\BaseConnection.php(555): CodeIgniter\Database\MySQLi\Connection->connect()
#2 C:\Sistemas\Dias Imports\Dias Importes - Marketing v2\dias_imports_v2\system\Database\BaseConnection.php(795): CodeIgniter\Database\BaseConnection->initialize()
#3 C:\Sistemas\Dias Imports\Dias Importes - Marketing v2\dias_imports_v2\system\Database\BaseBuilder.php(1659): CodeIgniter\Database\BaseConnection->query()
#4 C:\Sistemas\Dias Imports\Dias Importes - Marketing v2\dias_imports_v2\system\Model.php(297): CodeIgniter\Database\BaseBuilder->get()
#5 C:\Sistemas\Dias Imports\Dias Importes - Marketing v2\dias_imports_v2\system\BaseModel.php(714): CodeIgniter\Model->doFirst()
#6 C:\Sistemas\Dias Imports\Dias Importes - Marketing v2\dias_imports_v2\app\Controllers\Home.php(457): CodeIgniter\BaseModel->first()
#7 C:\Sistemas\Dias Imports\Dias Importes - Marketing v2\dias_imports_v2\app\Controllers\Home.php(118): App\Controllers\Home->renderPage()
#8 C:\Sistemas\Dias Imports\Dias Importes - Marketing v2\dias_imports_v2\system\CodeIgniter.php(974): App\Controllers\Home->settings()
#9 C:\Sistemas\Dias Imports\Dias Importes - Marketing v2\dias_imports_v2\system\CodeIgniter.php(520): CodeIgniter\CodeIgniter->runController()
#10 C:\Sistemas\Dias Imports\Dias Importes - Marketing v2\dias_imports_v2\system\CodeIgniter.php(363): CodeIgniter\CodeIgniter->handleRequest()
#11 C:\Sistemas\Dias Imports\Dias Importes - Marketing v2\dias_imports_v2\system\Boot.php(417): CodeIgniter\CodeIgniter->run()
#12 C:\Sistemas\Dias Imports\Dias Importes - Marketing v2\dias_imports_v2\system\Boot.php(68): CodeIgniter\Boot::runCodeIgniter()
#13 C:\Sistemas\Dias Imports\Dias Importes - Marketing v2\dias_imports_v2\public\index.php(59): CodeIgniter\Boot::bootWeb()
#14 C:\Sistemas\Dias Imports\Dias Importes - Marketing v2\dias_imports_v2\system\rewrite.php(44): require_once('...')
#15 {main}

Next CodeIgniter\Database\Exceptions\DatabaseException: Nenhuma conexão pôde ser feita porque a máquina de destino as recusou ativamente in C:\Sistemas\Dias Imports\Dias Importes - Marketing v2\dias_imports_v2\system\Database\MySQLi\Connection.php:231
Stack trace:
#0 C:\Sistemas\Dias Imports\Dias Importes - Marketing v2\dias_imports_v2\system\Database\BaseConnection.php(555): CodeIgniter\Database\MySQLi\Connection->connect()
#1 C:\Sistemas\Dias Imports\Dias Importes - Marketing v2\dias_imports_v2\system\Database\BaseConnection.php(795): CodeIgniter\Database\BaseConnection->initialize()
#2 C:\Sistemas\Dias Imports\Dias Importes - Marketing v2\dias_imports_v2\system\Database\BaseBuilder.php(1659): CodeIgniter\Database\BaseConnection->query()
#3 C:\Sistemas\Dias Imports\Dias Importes - Marketing v2\dias_imports_v2\system\Model.php(297): CodeIgniter\Database\BaseBuilder->get()
#4 C:\Sistemas\Dias Imports\Dias Importes - Marketing v2\dias_imports_v2\system\BaseModel.php(714): CodeIgniter\Model->doFirst()
#5 C:\Sistemas\Dias Imports\Dias Importes - Marketing v2\dias_imports_v2\app\Controllers\Home.php(457): CodeIgniter\BaseModel->first()
#6 C:\Sistemas\Dias Imports\Dias Importes - Marketing v2\dias_imports_v2\app\Controllers\Home.php(118): App\Controllers\Home->renderPage()
#7 C:\Sistemas\Dias Imports\Dias Importes - Marketing v2\dias_imports_v2\system\CodeIgniter.php(974): App\Controllers\Home->settings()
#8 C:\Sistemas\Dias Imports\Dias Importes - Marketing v2\dias_imports_v2\system\CodeIgniter.php(520): CodeIgniter\CodeIgniter->runController()
#9 C:\Sistemas\Dias Imports\Dias Importes - Marketing v2\dias_imports_v2\system\CodeIgniter.php(363): CodeIgniter\CodeIgniter->handleRequest()
#10 C:\Sistemas\Dias Imports\Dias Importes - Marketing v2\dias_imports_v2\system\Boot.php(417): CodeIgniter\CodeIgniter->run()
#11 C:\Sistemas\Dias Imports\Dias Importes - Marketing v2\dias_imports_v2\system\Boot.php(68): CodeIgniter\Boot::runCodeIgniter()
#12 C:\Sistemas\Dias Imports\Dias Importes - Marketing v2\dias_imports_v2\public\index.php(59): CodeIgniter\Boot::bootWeb()
#13 C:\Sistemas\Dias Imports\Dias Importes - Marketing v2\dias_imports_v2\system\rewrite.php(44): require_once('...')
#14 {main}
CRITICAL - 2026-08-24 12:12:07 --> CodeIgniter\Database\Exceptions\DatabaseException: Unable to connect to the database.
Main connection [MySQLi]: Nenhuma conexão pôde ser feita porque a máquina de destino as recusou ativamente
[Method: GET, Route: configuracoes]
in SYSTEMPATH\Database\BaseConnection.php on line 606.
 1 SYSTEMPATH\Database\BaseConnection.php(795): CodeIgniter\Database\BaseConnection->initialize()
 2 SYSTEMPATH\Database\BaseBuilder.php(1659): CodeIgniter\Database\BaseConnection->query()
 3 SYSTEMPATH\Model.php(297): CodeIgniter\Database\BaseBuilder->get()
 4 SYSTEMPATH\BaseModel.php(714): CodeIgniter\Model->doFirst()
 5 APPPATH\Controllers\Home.php(457): CodeIgniter\BaseModel->first()
 6 APPPATH\Controllers\Home.php(118): App\Controllers\Home->renderPage()
 7 SYSTEMPATH\CodeIgniter.php(974): App\Controllers\Home->settings()
 8 SYSTEMPATH\CodeIgniter.php(520): CodeIgniter\CodeIgniter->runController()
 9 SYSTEMPATH\CodeIgniter.php(363): CodeIgniter\CodeIgniter->handleRequest()
10 SYSTEMPATH\Boot.php(417): CodeIgniter\CodeIgniter->run()
11 SYSTEMPATH\Boot.php(68): CodeIgniter\Boot::runCodeIgniter()
12 FCPATH\index.php(59): CodeIgniter\Boot::bootWeb()
13 SYSTEMPATH\rewrite.php(44): require_once('C:\\Sistemas\\Dias Imports\\Dias Importes - Marketing v2\\dias_imports_v2\\public\\index.php')
DEBUG - 2026-08-24 12:12:07 --> Session: Class initialized using 'CodeIgniter\Session\Handlers\FileHandler' driver.
ERROR - 2026-08-24 12:12:10 --> Error connecting to the database: mysqli_sql_exception: Nenhuma conexão pôde ser feita porque a máquina de destino as recusou ativamente in C:\Sistemas\Dias Imports\Dias Importes - Marketing v2\dias_imports_v2\system\Database\MySQLi\Connection.php:201
Stack trace:
#0 C:\Sistemas\Dias Imports\Dias Importes - Marketing v2\dias_imports_v2\system\Database\MySQLi\Connection.php(201): mysqli->real_connect()
#1 C:\Sistemas\Dias Imports\Dias Importes - Marketing v2\dias_imports_v2\system\Database\BaseConnection.php(555): CodeIgniter\Database\MySQLi\Connection->connect()
#2 C:\Sistemas\Dias Imports\Dias Importes - Marketing v2\dias_imports_v2\system\Database\BaseConnection.php(795): CodeIgniter\Database\BaseConnection->initialize()
#3 C:\Sistemas\Dias Imports\Dias Importes - Marketing v2\dias_imports_v2\system\Database\BaseBuilder.php(1659): CodeIgniter\Database\BaseConnection->query()
#4 C:\Sistemas\Dias Imports\Dias Importes - Marketing v2\dias_imports_v2\system\Model.php(297): CodeIgniter\Database\BaseBuilder->get()
#5 C:\Sistemas\Dias Imports\Dias Importes - Marketing v2\dias_imports_v2\system\BaseModel.php(714): CodeIgniter\Model->doFirst()
#6 C:\Sistemas\Dias Imports\Dias Importes - Marketing v2\dias_imports_v2\app\Controllers\BaseController.php(45): CodeIgniter\BaseModel->first()
#7 C:\Sistemas\Dias Imports\Dias Importes - Marketing v2\dias_imports_v2\app\Controllers\Home.php(443): App\Controllers\BaseController->getLayoutMaxWidth()
#8 C:\Sistemas\Dias Imports\Dias Importes - Marketing v2\dias_imports_v2\app\Controllers\Home.php(89): App\Controllers\Home->renderPage()
#9 C:\Sistemas\Dias Imports\Dias Importes - Marketing v2\dias_imports_v2\system\CodeIgniter.php(974): App\Controllers\Home->index()
#10 C:\Sistemas\Dias Imports\Dias Importes - Marketing v2\dias_imports_v2\system\CodeIgniter.php(520): CodeIgniter\CodeIgniter->runController()
#11 C:\Sistemas\Dias Imports\Dias Importes - Marketing v2\dias_imports_v2\system\CodeIgniter.php(363): CodeIgniter\CodeIgniter->handleRequest()
#12 C:\Sistemas\Dias Imports\Dias Importes - Marketing v2\dias_imports_v2\system\Boot.php(417): CodeIgniter\CodeIgniter->run()
#13 C:\Sistemas\Dias Imports\Dias Importes - Marketing v2\dias_imports_v2\system\Boot.php(68): CodeIgniter\Boot::runCodeIgniter()
#14 C:\Sistemas\Dias Imports\Dias Importes - Marketing v2\dias_imports_v2\public\index.php(59): CodeIgniter\Boot::bootWeb()
#15 C:\Sistemas\Dias Imports\Dias Importes - Marketing v2\dias_imports_v2\system\rewrite.php(44): require_once('...')
#16 {main}

Next CodeIgniter\Database\Exceptions\DatabaseException: Nenhuma conexão pôde ser feita porque a máquina de destino as recusou ativamente in C:\Sistemas\Dias Imports\Dias Importes - Marketing v2\dias_imports_v2\system\Database\MySQLi\Connection.php:231
Stack trace:
#0 C:\Sistemas\Dias Imports\Dias Importes - Marketing v2\dias_imports_v2\system\Database\BaseConnection.php(555): CodeIgniter\Database\MySQLi\Connection->connect()
#1 C:\Sistemas\Dias Imports\Dias Importes - Marketing v2\dias_imports_v2\system\Database\BaseConnection.php(795): CodeIgniter\Database\BaseConnection->initialize()
#2 C:\Sistemas\Dias Imports\Dias Importes - Marketing v2\dias_imports_v2\system\Database\BaseBuilder.php(1659): CodeIgniter\Database\BaseConnection->query()
#3 C:\Sistemas\Dias Imports\Dias Importes - Marketing v2\dias_imports_v2\system\Model.php(297): CodeIgniter\Database\BaseBuilder->get()
#4 C:\Sistemas\Dias Imports\Dias Importes - Marketing v2\dias_imports_v2\system\BaseModel.php(714): CodeIgniter\Model->doFirst()
#5 C:\Sistemas\Dias Imports\Dias Importes - Marketing v2\dias_imports_v2\app\Controllers\BaseController.php(45): CodeIgniter\BaseModel->first()
#6 C:\Sistemas\Dias Imports\Dias Importes - Marketing v2\dias_imports_v2\app\Controllers\Home.php(443): App\Controllers\BaseController->getLayoutMaxWidth()
#7 C:\Sistemas\Dias Imports\Dias Importes - Marketing v2\dias_imports_v2\app\Controllers\Home.php(89): App\Controllers\Home->renderPage()
#8 C:\Sistemas\Dias Imports\Dias Importes - Marketing v2\dias_imports_v2\system\CodeIgniter.php(974): App\Controllers\Home->index()
#9 C:\Sistemas\Dias Imports\Dias Importes - Marketing v2\dias_imports_v2\system\CodeIgniter.php(520): CodeIgniter\CodeIgniter->runController()
#10 C:\Sistemas\Dias Imports\Dias Importes - Marketing v2\dias_imports_v2\system\CodeIgniter.php(363): CodeIgniter\CodeIgniter->handleRequest()
#11 C:\Sistemas\Dias Imports\Dias Importes - Marketing v2\dias_imports_v2\system\Boot.php(417): CodeIgniter\CodeIgniter->run()
#12 C:\Sistemas\Dias Imports\Dias Importes - Marketing v2\dias_imports_v2\system\Boot.php(68): CodeIgniter\Boot::runCodeIgniter()
#13 C:\Sistemas\Dias Imports\Dias Importes - Marketing v2\dias_imports_v2\public\index.php(59): CodeIgniter\Boot::bootWeb()
#14 C:\Sistemas\Dias Imports\Dias Importes - Marketing v2\dias_imports_v2\system\rewrite.php(44): require_once('...')
#15 {main}
DEBUG - 2026-08-24 12:15:28 --> Session: Class initialized using 'CodeIgniter\Session\Handlers\FileHandler' driver.
ERROR - 2026-08-24 12:15:30 --> Error connecting to the database: mysqli_sql_exception: Nenhuma conexão pôde ser feita porque a máquina de destino as recusou ativamente in C:\Sistemas\Dias Imports\Dias Importes - Marketing v2\dias_imports_v2\system\Database\MySQLi\Connection.php:201
Stack trace:
#0 C:\Sistemas\Dias Imports\Dias Importes - Marketing v2\dias_imports_v2\system\Database\MySQLi\Connection.php(201): mysqli->real_connect()
#1 C:\Sistemas\Dias Imports\Dias Importes - Marketing v2\dias_imports_v2\system\Database\BaseConnection.php(555): CodeIgniter\Database\MySQLi\Connection->connect()
#2 C:\Sistemas\Dias Imports\Dias Importes - Marketing v2\dias_imports_v2\system\Database\BaseConnection.php(795): CodeIgniter\Database\BaseConnection->initialize()
#3 C:\Sistemas\Dias Imports\Dias Importes - Marketing v2\dias_imports_v2\system\Database\BaseBuilder.php(1659): CodeIgniter\Database\BaseConnection->query()
#4 C:\Sistemas\Dias Imports\Dias Importes - Marketing v2\dias_imports_v2\system\Model.php(297): CodeIgniter\Database\BaseBuilder->get()
#5 C:\Sistemas\Dias Imports\Dias Importes - Marketing v2\dias_imports_v2\system\BaseModel.php(714): CodeIgniter\Model->doFirst()
#6 C:\Sistemas\Dias Imports\Dias Importes - Marketing v2\dias_imports_v2\app\Controllers\BaseController.php(45): CodeIgniter\BaseModel->first()
#7 C:\Sistemas\Dias Imports\Dias Importes - Marketing v2\dias_imports_v2\app\Controllers\Home.php(443): App\Controllers\BaseController->getLayoutMaxWidth()
#8 C:\Sistemas\Dias Imports\Dias Importes - Marketing v2\dias_imports_v2\app\Controllers\Home.php(89): App\Controllers\Home->renderPage()
#9 C:\Sistemas\Dias Imports\Dias Importes - Marketing v2\dias_imports_v2\system\CodeIgniter.php(974): App\Controllers\Home->index()
#10 C:\Sistemas\Dias Imports\Dias Importes - Marketing v2\dias_imports_v2\system\CodeIgniter.php(520): CodeIgniter\CodeIgniter->runController()
#11 C:\Sistemas\Dias Imports\Dias Importes - Marketing v2\dias_imports_v2\system\CodeIgniter.php(363): CodeIgniter\CodeIgniter->handleRequest()
#12 C:\Sistemas\Dias Imports\Dias Importes - Marketing v2\dias_imports_v2\system\Boot.php(417): CodeIgniter\CodeIgniter->run()
#13 C:\Sistemas\Dias Imports\Dias Importes - Marketing v2\dias_imports_v2\system\Boot.php(68): CodeIgniter\Boot::runCodeIgniter()
#14 C:\Sistemas\Dias Imports\Dias Importes - Marketing v2\dias_imports_v2\public\index.php(59): CodeIgniter\Boot::bootWeb()
#15 C:\Sistemas\Dias Imports\Dias Importes - Marketing v2\dias_imports_v2\system\rewrite.php(44): require_once('...')
#16 {main}

Next CodeIgniter\Database\Exceptions\DatabaseException: Nenhuma conexão pôde ser feita porque a máquina de destino as recusou ativamente in C:\Sistemas\Dias Imports\Dias Importes - Marketing v2\dias_imports_v2\system\Database\MySQLi\Connection.php:231
Stack trace:
#0 C:\Sistemas\Dias Imports\Dias Importes - Marketing v2\dias_imports_v2\system\Database\BaseConnection.php(555): CodeIgniter\Database\MySQLi\Connection->connect()
#1 C:\Sistemas\Dias Imports\Dias Importes - Marketing v2\dias_imports_v2\system\Database\BaseConnection.php(795): CodeIgniter\Database\BaseConnection->initialize()
#2 C:\Sistemas\Dias Imports\Dias Importes - Marketing v2\dias_imports_v2\system\Database\BaseBuilder.php(1659): CodeIgniter\Database\BaseConnection->query()
#3 C:\Sistemas\Dias Imports\Dias Importes - Marketing v2\dias_imports_v2\system\Model.php(297): CodeIgniter\Database\BaseBuilder->get()
#4 C:\Sistemas\Dias Imports\Dias Importes - Marketing v2\dias_imports_v2\system\BaseModel.php(714): CodeIgniter\Model->doFirst()
#5 C:\Sistemas\Dias Imports\Dias Importes - Marketing v2\dias_imports_v2\app\Controllers\BaseController.php(45): CodeIgniter\BaseModel->first()
#6 C:\Sistemas\Dias Imports\Dias Importes - Marketing v2\dias_imports_v2\app\Controllers\Home.php(443): App\Controllers\BaseController->getLayoutMaxWidth()
#7 C:\Sistemas\Dias Imports\Dias Importes - Marketing v2\dias_imports_v2\app\Controllers\Home.php(89): App\Controllers\Home->renderPage()
#8 C:\Sistemas\Dias Imports\Dias Importes - Marketing v2\dias_imports_v2\system\CodeIgniter.php(974): App\Controllers\Home->index()
#9 C:\Sistemas\Dias Imports\Dias Importes - Marketing v2\dias_imports_v2\system\CodeIgniter.php(520): CodeIgniter\CodeIgniter->runController()
#10 C:\Sistemas\Dias Imports\Dias Importes - Marketing v2\dias_imports_v2\system\CodeIgniter.php(363): CodeIgniter\CodeIgniter->handleRequest()
#11 C:\Sistemas\Dias Imports\Dias Importes - Marketing v2\dias_imports_v2\system\Boot.php(417): CodeIgniter\CodeIgniter->run()
#12 C:\Sistemas\Dias Imports\Dias Importes - Marketing v2\dias_imports_v2\system\Boot.php(68): CodeIgniter\Boot::runCodeIgniter()
#13 C:\Sistemas\Dias Imports\Dias Importes - Marketing v2\dias_imports_v2\public\index.php(59): CodeIgniter\Boot::bootWeb()
#14 C:\Sistemas\Dias Imports\Dias Importes - Marketing v2\dias_imports_v2\system\rewrite.php(44): require_once('...')
#15 {main}
DEBUG - 2026-08-24 12:15:31 --> Session: Class initialized using 'CodeIgniter\Session\Handlers\FileHandler' driver.
ERROR - 2026-08-24 12:15:33 --> Error connecting to the database: mysqli_sql_exception: Nenhuma conexão pôde ser feita porque a máquina de destino as recusou ativamente in C:\Sistemas\Dias Imports\Dias Importes - Marketing v2\dias_imports_v2\system\Database\MySQLi\Connection.php:201
Stack trace:
#0 C:\Sistemas\Dias Imports\Dias Importes - Marketing v2\dias_imports_v2\system\Database\MySQLi\Connection.php(201): mysqli->real_connect()
#1 C:\Sistemas\Dias Imports\Dias Importes - Marketing v2\dias_imports_v2\system\Database\BaseConnection.php(555): CodeIgniter\Database\MySQLi\Connection->connect()
#2 C:\Sistemas\Dias Imports\Dias Importes - Marketing v2\dias_imports_v2\system\Database\BaseConnection.php(795): CodeIgniter\Database\BaseConnection->initialize()
#3 C:\Sistemas\Dias Imports\Dias Importes - Marketing v2\dias_imports_v2\system\Database\BaseBuilder.php(1659): CodeIgniter\Database\BaseConnection->query()
#4 C:\Sistemas\Dias Imports\Dias Importes - Marketing v2\dias_imports_v2\system\Model.php(297): CodeIgniter\Database\BaseBuilder->get()
#5 C:\Sistemas\Dias Imports\Dias Importes - Marketing v2\dias_imports_v2\system\BaseModel.php(714): CodeIgniter\Model->doFirst()
#6 C:\Sistemas\Dias Imports\Dias Importes - Marketing v2\dias_imports_v2\app\Controllers\BaseController.php(45): CodeIgniter\BaseModel->first()
#7 C:\Sistemas\Dias Imports\Dias Importes - Marketing v2\dias_imports_v2\app\Controllers\Home.php(443): App\Controllers\BaseController->getLayoutMaxWidth()
#8 C:\Sistemas\Dias Imports\Dias Importes - Marketing v2\dias_imports_v2\app\Controllers\Home.php(89): App\Controllers\Home->renderPage()
#9 C:\Sistemas\Dias Imports\Dias Importes - Marketing v2\dias_imports_v2\system\CodeIgniter.php(974): App\Controllers\Home->index()
#10 C:\Sistemas\Dias Imports\Dias Importes - Marketing v2\dias_imports_v2\system\CodeIgniter.php(520): CodeIgniter\CodeIgniter->runController()
#11 C:\Sistemas\Dias Imports\Dias Importes - Marketing v2\dias_imports_v2\system\CodeIgniter.php(363): CodeIgniter\CodeIgniter->handleRequest()
#12 C:\Sistemas\Dias Imports\Dias Importes - Marketing v2\dias_imports_v2\system\Boot.php(417): CodeIgniter\CodeIgniter->run()
#13 C:\Sistemas\Dias Imports\Dias Importes - Marketing v2\dias_imports_v2\system\Boot.php(68): CodeIgniter\Boot::runCodeIgniter()
#14 C:\Sistemas\Dias Imports\Dias Importes - Marketing v2\dias_imports_v2\public\index.php(59): CodeIgniter\Boot::bootWeb()
#15 C:\Sistemas\Dias Imports\Dias Importes - Marketing v2\dias_imports_v2\system\rewrite.php(44): require_once('...')
#16 {main}

Next CodeIgniter\Database\Exceptions\DatabaseException: Nenhuma conexão pôde ser feita porque a máquina de destino as recusou ativamente in C:\Sistemas\Dias Imports\Dias Importes - Marketing v2\dias_imports_v2\system\Database\MySQLi\Connection.php:231
Stack trace:
#0 C:\Sistemas\Dias Imports\Dias Importes - Marketing v2\dias_imports_v2\system\Database\BaseConnection.php(555): CodeIgniter\Database\MySQLi\Connection->connect()
#1 C:\Sistemas\Dias Imports\Dias Importes - Marketing v2\dias_imports_v2\system\Database\BaseConnection.php(795): CodeIgniter\Database\BaseConnection->initialize()
#2 C:\Sistemas\Dias Imports\Dias Importes - Marketing v2\dias_imports_v2\system\Database\BaseBuilder.php(1659): CodeIgniter\Database\BaseConnection->query()
#3 C:\Sistemas\Dias Imports\Dias Importes - Marketing v2\dias_imports_v2\system\Model.php(297): CodeIgniter\Database\BaseBuilder->get()
#4 C:\Sistemas\Dias Imports\Dias Importes - Marketing v2\dias_imports_v2\system\BaseModel.php(714): CodeIgniter\Model->doFirst()
#5 C:\Sistemas\Dias Imports\Dias Importes - Marketing v2\dias_imports_v2\app\Controllers\BaseController.php(45): CodeIgniter\BaseModel->first()
#6 C:\Sistemas\Dias Imports\Dias Importes - Marketing v2\dias_imports_v2\app\Controllers\Home.php(443): App\Controllers\BaseController->getLayoutMaxWidth()
#7 C:\Sistemas\Dias Imports\Dias Importes - Marketing v2\dias_imports_v2\app\Controllers\Home.php(89): App\Controllers\Home->renderPage()
#8 C:\Sistemas\Dias Imports\Dias Importes - Marketing v2\dias_imports_v2\system\CodeIgniter.php(974): App\Controllers\Home->index()
#9 C:\Sistemas\Dias Imports\Dias Importes - Marketing v2\dias_imports_v2\system\CodeIgniter.php(520): CodeIgniter\CodeIgniter->runController()
#10 C:\Sistemas\Dias Imports\Dias Importes - Marketing v2\dias_imports_v2\system\CodeIgniter.php(363): CodeIgniter\CodeIgniter->handleRequest()
#11 C:\Sistemas\Dias Imports\Dias Importes - Marketing v2\dias_imports_v2\system\Boot.php(417): CodeIgniter\CodeIgniter->run()
#12 C:\Sistemas\Dias Imports\Dias Importes - Marketing v2\dias_imports_v2\system\Boot.php(68): CodeIgniter\Boot::runCodeIgniter()
#13 C:\Sistemas\Dias Imports\Dias Importes - Marketing v2\dias_imports_v2\public\index.php(59): CodeIgniter\Boot::bootWeb()
#14 C:\Sistemas\Dias Imports\Dias Importes - Marketing v2\dias_imports_v2\system\rewrite.php(44): require_once('...')
#15 {main}
DEBUG - 2026-08-24 12:15:33 --> Session: Class initialized using 'CodeIgniter\Session\Handlers\FileHandler' driver.
DEBUG - 2026-08-24 12:15:33 --> Session: Class initialized using 'CodeIgniter\Session\Handlers\FileHandler' driver.
ERROR - 2026-08-24 12:15:36 --> Error connecting to the database: mysqli_sql_exception: Nenhuma conexão pôde ser feita porque a máquina de destino as recusou ativamente in C:\Sistemas\Dias Imports\Dias Importes - Marketing v2\dias_imports_v2\system\Database\MySQLi\Connection.php:201
Stack trace:
#0 C:\Sistemas\Dias Imports\Dias Importes - Marketing v2\dias_imports_v2\system\Database\MySQLi\Connection.php(201): mysqli->real_connect()
#1 C:\Sistemas\Dias Imports\Dias Importes - Marketing v2\dias_imports_v2\system\Database\BaseConnection.php(555): CodeIgniter\Database\MySQLi\Connection->connect()
#2 C:\Sistemas\Dias Imports\Dias Importes - Marketing v2\dias_imports_v2\system\Database\BaseConnection.php(795): CodeIgniter\Database\BaseConnection->initialize()
#3 C:\Sistemas\Dias Imports\Dias Importes - Marketing v2\dias_imports_v2\system\Database\BaseBuilder.php(1659): CodeIgniter\Database\BaseConnection->query()
#4 C:\Sistemas\Dias Imports\Dias Importes - Marketing v2\dias_imports_v2\system\Model.php(297): CodeIgniter\Database\BaseBuilder->get()
#5 C:\Sistemas\Dias Imports\Dias Importes - Marketing v2\dias_imports_v2\system\BaseModel.php(714): CodeIgniter\Model->doFirst()
#6 C:\Sistemas\Dias Imports\Dias Importes - Marketing v2\dias_imports_v2\app\Controllers\BaseController.php(45): CodeIgniter\BaseModel->first()
#7 C:\Sistemas\Dias Imports\Dias Importes - Marketing v2\dias_imports_v2\app\Controllers\Home.php(443): App\Controllers\BaseController->getLayoutMaxWidth()
#8 C:\Sistemas\Dias Imports\Dias Importes - Marketing v2\dias_imports_v2\app\Controllers\Home.php(89): App\Controllers\Home->renderPage()
#9 C:\Sistemas\Dias Imports\Dias Importes - Marketing v2\dias_imports_v2\system\CodeIgniter.php(974): App\Controllers\Home->index()
#10 C:\Sistemas\Dias Imports\Dias Importes - Marketing v2\dias_imports_v2\system\CodeIgniter.php(520): CodeIgniter\CodeIgniter->runController()
#11 C:\Sistemas\Dias Imports\Dias Importes - Marketing v2\dias_imports_v2\system\CodeIgniter.php(363): CodeIgniter\CodeIgniter->handleRequest()
#12 C:\Sistemas\Dias Imports\Dias Importes - Marketing v2\dias_imports_v2\system\Boot.php(417): CodeIgniter\CodeIgniter->run()
#13 C:\Sistemas\Dias Imports\Dias Importes - Marketing v2\dias_imports_v2\system\Boot.php(68): CodeIgniter\Boot::runCodeIgniter()
#14 C:\Sistemas\Dias Imports\Dias Importes - Marketing v2\dias_imports_v2\public\index.php(59): CodeIgniter\Boot::bootWeb()
#15 C:\Sistemas\Dias Imports\Dias Importes - Marketing v2\dias_imports_v2\system\rewrite.php(44): require_once('...')
#16 {main}

Next CodeIgniter\Database\Exceptions\DatabaseException: Nenhuma conexão pôde ser feita porque a máquina de destino as recusou ativamente in C:\Sistemas\Dias Imports\Dias Importes - Marketing v2\dias_imports_v2\system\Database\MySQLi\Connection.php:231
Stack trace:
#0 C:\Sistemas\Dias Imports\Dias Importes - Marketing v2\dias_imports_v2\system\Database\BaseConnection.php(555): CodeIgniter\Database\MySQLi\Connection->connect()
#1 C:\Sistemas\Dias Imports\Dias Importes - Marketing v2\dias_imports_v2\system\Database\BaseConnection.php(795): CodeIgniter\Database\BaseConnection->initialize()
#2 C:\Sistemas\Dias Imports\Dias Importes - Marketing v2\dias_imports_v2\system\Database\BaseBuilder.php(1659): CodeIgniter\Database\BaseConnection->query()
#3 C:\Sistemas\Dias Imports\Dias Importes - Marketing v2\dias_imports_v2\system\Model.php(297): CodeIgniter\Database\BaseBuilder->get()
#4 C:\Sistemas\Dias Imports\Dias Importes - Marketing v2\dias_imports_v2\system\BaseModel.php(714): CodeIgniter\Model->doFirst()
#5 C:\Sistemas\Dias Imports\Dias Importes - Marketing v2\dias_imports_v2\app\Controllers\BaseController.php(45): CodeIgniter\BaseModel->first()
#6 C:\Sistemas\Dias Imports\Dias Importes - Marketing v2\dias_imports_v2\app\Controllers\Home.php(443): App\Controllers\BaseController->getLayoutMaxWidth()
#7 C:\Sistemas\Dias Imports\Dias Importes - Marketing v2\dias_imports_v2\app\Controllers\Home.php(89): App\Controllers\Home->renderPage()
#8 C:\Sistemas\Dias Imports\Dias Importes - Marketing v2\dias_imports_v2\system\CodeIgniter.php(974): App\Controllers\Home->index()
#9 C:\Sistemas\Dias Imports\Dias Importes - Marketing v2\dias_imports_v2\system\CodeIgniter.php(520): CodeIgniter\CodeIgniter->runController()
#10 C:\Sistemas\Dias Imports\Dias Importes - Marketing v2\dias_imports_v2\system\CodeIgniter.php(363): CodeIgniter\CodeIgniter->handleRequest()
#11 C:\Sistemas\Dias Imports\Dias Importes - Marketing v2\dias_imports_v2\system\Boot.php(417): CodeIgniter\CodeIgniter->run()
#12 C:\Sistemas\Dias Imports\Dias Importes - Marketing v2\dias_imports_v2\system\Boot.php(68): CodeIgniter\Boot::runCodeIgniter()
#13 C:\Sistemas\Dias Imports\Dias Importes - Marketing v2\dias_imports_v2\public\index.php(59): CodeIgniter\Boot::bootWeb()
#14 C:\Sistemas\Dias Imports\Dias Importes - Marketing v2\dias_imports_v2\system\rewrite.php(44): require_once('...')
#15 {main}
DEBUG - 2026-08-24 12:17:33 --> Session: Class initialized using 'CodeIgniter\Session\Handlers\FileHandler' driver.
DEBUG - 2026-08-24 12:17:33 --> Session: Class initialized using 'CodeIgniter\Session\Handlers\FileHandler' driver.
DEBUG - 2026-08-24 12:17:34 --> Session: Class initialized using 'CodeIgniter\Session\Handlers\FileHandler' driver.
DEBUG - 2026-08-24 12:17:34 --> Session: Class initialized using 'CodeIgniter\Session\Handlers\FileHandler' driver.
DEBUG - 2026-08-24 12:21:17 --> Session: Class initialized using 'CodeIgniter\Session\Handlers\FileHandler' driver.
DEBUG - 2026-08-24 12:21:17 --> Session: Class initialized using 'CodeIgniter\Session\Handlers\FileHandler' driver.
DEBUG - 2026-08-24 12:21:17 --> Session: Class initialized using 'CodeIgniter\Session\Handlers\FileHandler' driver.
DEBUG - 2026-08-24 12:21:17 --> Session: Class initialized using 'CodeIgniter\Session\Handlers\FileHandler' driver.
DEBUG - 2026-08-24 12:21:17 --> Session: Class initialized using 'CodeIgniter\Session\Handlers\FileHandler' driver.
DEBUG - 2026-08-24 12:27:56 --> Session: Class initialized using 'CodeIgniter\Session\Handlers\FileHandler' driver.
DEBUG - 2026-08-24 12:27:56 --> Session: Class initialized using 'CodeIgniter\Session\Handlers\FileHandler' driver.
DEBUG - 2026-08-24 12:32:44 --> Session: Class initialized using 'CodeIgniter\Session\Handlers\FileHandler' driver.
DEBUG - 2026-08-24 12:34:02 --> Session: Class initialized using 'CodeIgniter\Session\Handlers\FileHandler' driver.
DEBUG - 2026-08-24 12:35:41 --> Session: Class initialized using 'CodeIgniter\Session\Handlers\FileHandler' driver.
DEBUG - 2026-08-24 12:38:23 --> Session: Class initialized using 'CodeIgniter\Session\Handlers\FileHandler' driver.
DEBUG - 2026-08-24 12:39:10 --> Session: Class initialized using 'CodeIgniter\Session\Handlers\FileHandler' driver.
DEBUG - 2026-08-24 12:39:13 --> Session: Class initialized using 'CodeIgniter\Session\Handlers\FileHandler' driver.
DEBUG - 2026-08-24 12:39:16 --> Session: Class initialized using 'CodeIgniter\Session\Handlers\FileHandler' driver.
DEBUG - 2026-08-24 12:39:28 --> Session: Class initialized using 'CodeIgniter\Session\Handlers\FileHandler' driver.
INFO - 2026-08-24 12:39:30 --> CSRF token verified.
DEBUG - 2026-08-24 12:39:31 --> Session: Class initialized using 'CodeIgniter\Session\Handlers\FileHandler' driver.
DEBUG - 2026-08-24 12:39:31 --> Session: Class initialized using 'CodeIgniter\Session\Handlers\FileHandler' driver.
DEBUG - 2026-08-24 12:39:36 --> Session: Class initialized using 'CodeIgniter\Session\Handlers\FileHandler' driver.
ERROR - 2026-08-24 12:39:39 --> Evolution API transport failed: timeout (CodeIgniter\HTTP\Exceptions\HTTPException)
DEBUG - 2026-08-24 12:39:54 --> Session: Class initialized using 'CodeIgniter\Session\Handlers\FileHandler' driver.
DEBUG - 2026-08-24 12:39:59 --> Session: Class initialized using 'CodeIgniter\Session\Handlers\FileHandler' driver.
DEBUG - 2026-08-24 12:40:00 --> Session: Class initialized using 'CodeIgniter\Session\Handlers\FileHandler' driver.
DEBUG - 2026-08-24 12:40:06 --> Session: Class initialized using 'CodeIgniter\Session\Handlers\FileHandler' driver.
DEBUG - 2026-08-24 12:40:09 --> Session: Class initialized using 'CodeIgniter\Session\Handlers\FileHandler' driver.
DEBUG - 2026-08-24 12:40:11 --> Session: Class initialized using 'CodeIgniter\Session\Handlers\FileHandler' driver.
DEBUG - 2026-08-24 12:40:14 --> Session: Class initialized using 'CodeIgniter\Session\Handlers\FileHandler' driver.
DEBUG - 2026-08-24 12:40:33 --> Session: Class initialized using 'CodeIgniter\Session\Handlers\FileHandler' driver.
DEBUG - 2026-08-24 12:40:42 --> Session: Class initialized using 'CodeIgniter\Session\Handlers\FileHandler' driver.
DEBUG - 2026-08-24 12:41:35 --> Session: Class initialized using 'CodeIgniter\Session\Handlers\FileHandler' driver.
DEBUG - 2026-08-24 12:41:39 --> Session: Class initialized using 'CodeIgniter\Session\Handlers\FileHandler' driver.
DEBUG - 2026-08-24 12:42:19 --> Session: Class initialized using 'CodeIgniter\Session\Handlers\FileHandler' driver.
DEBUG - 2026-08-24 12:42:23 --> Session: Class initialized using 'CodeIgniter\Session\Handlers\FileHandler' driver.
DEBUG - 2026-08-24 12:42:26 --> Session: Class initialized using 'CodeIgniter\Session\Handlers\FileHandler' driver.
DEBUG - 2026-08-24 12:42:35 --> Session: Class initialized using 'CodeIgniter\Session\Handlers\FileHandler' driver.
DEBUG - 2026-08-24 12:42:37 --> Session: Class initialized using 'CodeIgniter\Session\Handlers\FileHandler' driver.
DEBUG - 2026-08-24 12:42:52 --> Session: Class initialized using 'CodeIgniter\Session\Handlers\FileHandler' driver.
DEBUG - 2026-08-24 12:42:52 --> Session: Class initialized using 'CodeIgniter\Session\Handlers\FileHandler' driver.
DEBUG - 2026-08-24 12:45:00 --> Session: Class initialized using 'CodeIgniter\Session\Handlers\FileHandler' driver.
INFO - 2026-08-24 12:45:00 --> CSRF token verified.
ERROR - 2026-08-24 12:45:00 --> Unknown column 'cta_icon' in 'INSERT INTO'
in SYSTEMPATH\Database\MySQLi\Connection.php on line 300.
 1 SYSTEMPATH\Database\MySQLi\Connection.php(300): mysqli->query()
 2 SYSTEMPATH\Database\BaseConnection.php(908): CodeIgniter\Database\MySQLi\Connection->execute()
 3 SYSTEMPATH\Database\BaseConnection.php(825): CodeIgniter\Database\BaseConnection->simpleQuery()
 4 SYSTEMPATH\Database\BaseBuilder.php(2355): CodeIgniter\Database\BaseConnection->query()
 5 SYSTEMPATH\Model.php(357): CodeIgniter\Database\BaseBuilder->insert()
 6 SYSTEMPATH\BaseModel.php(899): CodeIgniter\Model->doInsert()
 7 SYSTEMPATH\Model.php(670): CodeIgniter\BaseModel->insert()
 8 APPPATH\Controllers\Admin\Products.php(169): CodeIgniter\Model->insert()
 9 SYSTEMPATH\CodeIgniter.php(974): App\Controllers\Admin\Products->store()
10 SYSTEMPATH\CodeIgniter.php(520): CodeIgniter\CodeIgniter->runController()
11 SYSTEMPATH\CodeIgniter.php(363): CodeIgniter\CodeIgniter->handleRequest()
12 SYSTEMPATH\Boot.php(417): CodeIgniter\CodeIgniter->run()
13 SYSTEMPATH\Boot.php(68): CodeIgniter\Boot::runCodeIgniter()
14 FCPATH\index.php(59): CodeIgniter\Boot::bootWeb()
15 SYSTEMPATH\rewrite.php(44): require_once('C:\\Sistemas\\Dias Imports\\Dias Importes - Marketing v2\\dias_imports_v2\\public\\index.php')
CRITICAL - 2026-08-24 12:45:00 --> CodeIgniter\Database\Exceptions\DatabaseException: Unknown column 'cta_icon' in 'INSERT INTO'
[Method: POST, Route: produtos/novo]
in SYSTEMPATH\Database\BaseConnection.php on line 863.
 1 SYSTEMPATH\Database\BaseBuilder.php(2355): CodeIgniter\Database\BaseConnection->query()
 2 SYSTEMPATH\Model.php(357): CodeIgniter\Database\BaseBuilder->insert()
 3 SYSTEMPATH\BaseModel.php(899): CodeIgniter\Model->doInsert()
 4 SYSTEMPATH\Model.php(670): CodeIgniter\BaseModel->insert()
 5 APPPATH\Controllers\Admin\Products.php(169): CodeIgniter\Model->insert()
 6 SYSTEMPATH\CodeIgniter.php(974): App\Controllers\Admin\Products->store()
 7 SYSTEMPATH\CodeIgniter.php(520): CodeIgniter\CodeIgniter->runController()
 8 SYSTEMPATH\CodeIgniter.php(363): CodeIgniter\CodeIgniter->handleRequest()
 9 SYSTEMPATH\Boot.php(417): CodeIgniter\CodeIgniter->run()
10 SYSTEMPATH\Boot.php(68): CodeIgniter\Boot::runCodeIgniter()
11 FCPATH\index.php(59): CodeIgniter\Boot::bootWeb()
12 SYSTEMPATH\rewrite.php(44): require_once('C:\\Sistemas\\Dias Imports\\Dias Importes - Marketing v2\\dias_imports_v2\\public\\index.php')
CRITICAL - 2026-08-24 12:45:00 --> [Caused by] CodeIgniter\Database\Exceptions\DatabaseException: Unknown column 'cta_icon' in 'INSERT INTO'
in SYSTEMPATH\Database\MySQLi\Connection.php on line 310.
 1 SYSTEMPATH\Database\BaseConnection.php(908): CodeIgniter\Database\MySQLi\Connection->execute()
 2 SYSTEMPATH\Database\BaseConnection.php(825): CodeIgniter\Database\BaseConnection->simpleQuery()
 3 SYSTEMPATH\Database\BaseBuilder.php(2355): CodeIgniter\Database\BaseConnection->query()
 4 SYSTEMPATH\Model.php(357): CodeIgniter\Database\BaseBuilder->insert()
 5 SYSTEMPATH\BaseModel.php(899): CodeIgniter\Model->doInsert()
 6 SYSTEMPATH\Model.php(670): CodeIgniter\BaseModel->insert()
 7 APPPATH\Controllers\Admin\Products.php(169): CodeIgniter\Model->insert()
 8 SYSTEMPATH\CodeIgniter.php(974): App\Controllers\Admin\Products->store()
 9 SYSTEMPATH\CodeIgniter.php(520): CodeIgniter\CodeIgniter->runController()
10 SYSTEMPATH\CodeIgniter.php(363): CodeIgniter\CodeIgniter->handleRequest()
11 SYSTEMPATH\Boot.php(417): CodeIgniter\CodeIgniter->run()
12 SYSTEMPATH\Boot.php(68): CodeIgniter\Boot::runCodeIgniter()
13 FCPATH\index.php(59): CodeIgniter\Boot::bootWeb()
14 SYSTEMPATH\rewrite.php(44): require_once('C:\\Sistemas\\Dias Imports\\Dias Importes - Marketing v2\\dias_imports_v2\\public\\index.php')
CRITICAL - 2026-08-24 12:45:00 --> [Caused by] mysqli_sql_exception: Unknown column 'cta_icon' in 'INSERT INTO'
in SYSTEMPATH\Database\MySQLi\Connection.php on line 300.
 1 SYSTEMPATH\Database\MySQLi\Connection.php(300): mysqli->query()
 2 SYSTEMPATH\Database\BaseConnection.php(908): CodeIgniter\Database\MySQLi\Connection->execute()
 3 SYSTEMPATH\Database\BaseConnection.php(825): CodeIgniter\Database\BaseConnection->simpleQuery()
 4 SYSTEMPATH\Database\BaseBuilder.php(2355): CodeIgniter\Database\BaseConnection->query()
 5 SYSTEMPATH\Model.php(357): CodeIgniter\Database\BaseBuilder->insert()
 6 SYSTEMPATH\BaseModel.php(899): CodeIgniter\Model->doInsert()
 7 SYSTEMPATH\Model.php(670): CodeIgniter\BaseModel->insert()
 8 APPPATH\Controllers\Admin\Products.php(169): CodeIgniter\Model->insert()
 9 SYSTEMPATH\CodeIgniter.php(974): App\Controllers\Admin\Products->store()
10 SYSTEMPATH\CodeIgniter.php(520): CodeIgniter\CodeIgniter->runController()
11 SYSTEMPATH\CodeIgniter.php(363): CodeIgniter\CodeIgniter->handleRequest()
12 SYSTEMPATH\Boot.php(417): CodeIgniter\CodeIgniter->run()
13 SYSTEMPATH\Boot.php(68): CodeIgniter\Boot::runCodeIgniter()
14 FCPATH\index.php(59): CodeIgniter\Boot::bootWeb()
15 SYSTEMPATH\rewrite.php(44): require_once('C:\\Sistemas\\Dias Imports\\Dias Importes - Marketing v2\\dias_imports_v2\\public\\index.php')
ERROR - 2026-08-24 12:45:33 --> Duplicate entry 'layout_max_width' for key 'app_settings_key_unique'
in SYSTEMPATH\Database\MySQLi\Connection.php on line 300.
 1 SYSTEMPATH\Database\MySQLi\Connection.php(300): mysqli->query()
 2 SYSTEMPATH\Database\BaseConnection.php(908): CodeIgniter\Database\MySQLi\Connection->execute()
 3 SYSTEMPATH\Database\BaseConnection.php(825): CodeIgniter\Database\BaseConnection->simpleQuery()
 4 SYSTEMPATH\Database\BaseBuilder.php(2355): CodeIgniter\Database\BaseConnection->query()
 5 APPPATH\Database\Migrations\2026-08-21-220000_CreateAppSettingsTable.php(22): CodeIgniter\Database\BaseBuilder->insert()
 6 SYSTEMPATH\Database\MigrationRunner.php(1014): App\Database\Migrations\CreateAppSettingsTable->up()
 7 SYSTEMPATH\Database\MigrationRunner.php(202): CodeIgniter\Database\MigrationRunner->migrate()
 8 SYSTEMPATH\Commands\Database\Migrate.php(89): CodeIgniter\Database\MigrationRunner->latest()
 9 SYSTEMPATH\CLI\SignalTrait.php(245): CodeIgniter\Commands\Database\Migrate::{closure:CodeIgniter\Commands\Database\Migrate::run():88}()
10 SYSTEMPATH\Commands\Database\Migrate.php(88): CodeIgniter\Commands\Database\Migrate->withSignalsBlocked()
11 SYSTEMPATH\CLI\Commands.php(72): CodeIgniter\Commands\Database\Migrate->run()
12 SYSTEMPATH\CLI\Console.php(47): CodeIgniter\CLI\Commands->run()
13 SYSTEMPATH\Boot.php(444): CodeIgniter\CLI\Console->run()
14 SYSTEMPATH\Boot.php(166): CodeIgniter\Boot::runCommand()
15 ROOTPATH\spark(87): CodeIgniter\Boot::bootSpark()
ERROR - 2026-08-24 12:45:57 --> Duplicate column name 'template_model'
in SYSTEMPATH\Database\MySQLi\Connection.php on line 300.
 1 SYSTEMPATH\Database\MySQLi\Connection.php(300): mysqli->query()
 2 SYSTEMPATH\Database\BaseConnection.php(908): CodeIgniter\Database\MySQLi\Connection->execute()
 3 SYSTEMPATH\Database\BaseConnection.php(825): CodeIgniter\Database\BaseConnection->simpleQuery()
 4 SYSTEMPATH\Database\Forge.php(772): CodeIgniter\Database\BaseConnection->query()
 5 APPPATH\Database\Migrations\2026-08-22-020000_AddTemplateModelAndColorPaletteToLandingLeadSettings.php(26): CodeIgniter\Database\Forge->addColumn()
 6 SYSTEMPATH\Database\MigrationRunner.php(1014): App\Database\Migrations\AddTemplateModelAndColorPaletteToLandingLeadSettings->up()
 7 SYSTEMPATH\Database\MigrationRunner.php(202): CodeIgniter\Database\MigrationRunner->migrate()
 8 SYSTEMPATH\Commands\Database\Migrate.php(89): CodeIgniter\Database\MigrationRunner->latest()
 9 SYSTEMPATH\CLI\SignalTrait.php(245): CodeIgniter\Commands\Database\Migrate::{closure:CodeIgniter\Commands\Database\Migrate::run():88}()
10 SYSTEMPATH\Commands\Database\Migrate.php(88): CodeIgniter\Commands\Database\Migrate->withSignalsBlocked()
11 SYSTEMPATH\CLI\Commands.php(72): CodeIgniter\Commands\Database\Migrate->run()
12 SYSTEMPATH\CLI\Console.php(47): CodeIgniter\CLI\Commands->run()
13 SYSTEMPATH\Boot.php(444): CodeIgniter\CLI\Console->run()
14 SYSTEMPATH\Boot.php(166): CodeIgniter\Boot::runCommand()
15 ROOTPATH\spark(87): CodeIgniter\Boot::bootSpark()
DEBUG - 2026-08-24 12:46:36 --> Session: Class initialized using 'CodeIgniter\Session\Handlers\FileHandler' driver.
INFO - 2026-08-24 12:46:36 --> CSRF token verified.
ERROR - 2026-08-24 12:46:36 --> Unknown column 'cta_icon' in 'INSERT INTO'
in SYSTEMPATH\Database\MySQLi\Connection.php on line 300.
 1 SYSTEMPATH\Database\MySQLi\Connection.php(300): mysqli->query()
 2 SYSTEMPATH\Database\BaseConnection.php(908): CodeIgniter\Database\MySQLi\Connection->execute()
 3 SYSTEMPATH\Database\BaseConnection.php(825): CodeIgniter\Database\BaseConnection->simpleQuery()
 4 SYSTEMPATH\Database\BaseBuilder.php(2355): CodeIgniter\Database\BaseConnection->query()
 5 SYSTEMPATH\Model.php(357): CodeIgniter\Database\BaseBuilder->insert()
 6 SYSTEMPATH\BaseModel.php(899): CodeIgniter\Model->doInsert()
 7 SYSTEMPATH\Model.php(670): CodeIgniter\BaseModel->insert()
 8 APPPATH\Controllers\Admin\Products.php(169): CodeIgniter\Model->insert()
 9 SYSTEMPATH\CodeIgniter.php(974): App\Controllers\Admin\Products->store()
10 SYSTEMPATH\CodeIgniter.php(520): CodeIgniter\CodeIgniter->runController()
11 SYSTEMPATH\CodeIgniter.php(363): CodeIgniter\CodeIgniter->handleRequest()
12 SYSTEMPATH\Boot.php(417): CodeIgniter\CodeIgniter->run()
13 SYSTEMPATH\Boot.php(68): CodeIgniter\Boot::runCodeIgniter()
14 FCPATH\index.php(59): CodeIgniter\Boot::bootWeb()
15 SYSTEMPATH\rewrite.php(44): require_once('C:\\Sistemas\\Dias Imports\\Dias Importes - Marketing v2\\dias_imports_v2\\public\\index.php')
CRITICAL - 2026-08-24 12:46:36 --> CodeIgniter\Database\Exceptions\DatabaseException: Unknown column 'cta_icon' in 'INSERT INTO'
[Method: POST, Route: produtos/novo]
in SYSTEMPATH\Database\BaseConnection.php on line 863.
 1 SYSTEMPATH\Database\BaseBuilder.php(2355): CodeIgniter\Database\BaseConnection->query()
 2 SYSTEMPATH\Model.php(357): CodeIgniter\Database\BaseBuilder->insert()
 3 SYSTEMPATH\BaseModel.php(899): CodeIgniter\Model->doInsert()
 4 SYSTEMPATH\Model.php(670): CodeIgniter\BaseModel->insert()
 5 APPPATH\Controllers\Admin\Products.php(169): CodeIgniter\Model->insert()
 6 SYSTEMPATH\CodeIgniter.php(974): App\Controllers\Admin\Products->store()
 7 SYSTEMPATH\CodeIgniter.php(520): CodeIgniter\CodeIgniter->runController()
 8 SYSTEMPATH\CodeIgniter.php(363): CodeIgniter\CodeIgniter->handleRequest()
 9 SYSTEMPATH\Boot.php(417): CodeIgniter\CodeIgniter->run()
10 SYSTEMPATH\Boot.php(68): CodeIgniter\Boot::runCodeIgniter()
11 FCPATH\index.php(59): CodeIgniter\Boot::bootWeb()
12 SYSTEMPATH\rewrite.php(44): require_once('C:\\Sistemas\\Dias Imports\\Dias Importes - Marketing v2\\dias_imports_v2\\public\\index.php')
CRITICAL - 2026-08-24 12:46:36 --> [Caused by] CodeIgniter\Database\Exceptions\DatabaseException: Unknown column 'cta_icon' in 'INSERT INTO'
in SYSTEMPATH\Database\MySQLi\Connection.php on line 310.
 1 SYSTEMPATH\Database\BaseConnection.php(908): CodeIgniter\Database\MySQLi\Connection->execute()
 2 SYSTEMPATH\Database\BaseConnection.php(825): CodeIgniter\Database\BaseConnection->simpleQuery()
 3 SYSTEMPATH\Database\BaseBuilder.php(2355): CodeIgniter\Database\BaseConnection->query()
 4 SYSTEMPATH\Model.php(357): CodeIgniter\Database\BaseBuilder->insert()
 5 SYSTEMPATH\BaseModel.php(899): CodeIgniter\Model->doInsert()
 6 SYSTEMPATH\Model.php(670): CodeIgniter\BaseModel->insert()
 7 APPPATH\Controllers\Admin\Products.php(169): CodeIgniter\Model->insert()
 8 SYSTEMPATH\CodeIgniter.php(974): App\Controllers\Admin\Products->store()
 9 SYSTEMPATH\CodeIgniter.php(520): CodeIgniter\CodeIgniter->runController()
10 SYSTEMPATH\CodeIgniter.php(363): CodeIgniter\CodeIgniter->handleRequest()
11 SYSTEMPATH\Boot.php(417): CodeIgniter\CodeIgniter->run()
12 SYSTEMPATH\Boot.php(68): CodeIgniter\Boot::runCodeIgniter()
13 FCPATH\index.php(59): CodeIgniter\Boot::bootWeb()
14 SYSTEMPATH\rewrite.php(44): require_once('C:\\Sistemas\\Dias Imports\\Dias Importes - Marketing v2\\dias_imports_v2\\public\\index.php')
CRITICAL - 2026-08-24 12:46:36 --> [Caused by] mysqli_sql_exception: Unknown column 'cta_icon' in 'INSERT INTO'
in SYSTEMPATH\Database\MySQLi\Connection.php on line 300.
 1 SYSTEMPATH\Database\MySQLi\Connection.php(300): mysqli->query()
 2 SYSTEMPATH\Database\BaseConnection.php(908): CodeIgniter\Database\MySQLi\Connection->execute()
 3 SYSTEMPATH\Database\BaseConnection.php(825): CodeIgniter\Database\BaseConnection->simpleQuery()
 4 SYSTEMPATH\Database\BaseBuilder.php(2355): CodeIgniter\Database\BaseConnection->query()
 5 SYSTEMPATH\Model.php(357): CodeIgniter\Database\BaseBuilder->insert()
 6 SYSTEMPATH\BaseModel.php(899): CodeIgniter\Model->doInsert()
 7 SYSTEMPATH\Model.php(670): CodeIgniter\BaseModel->insert()
 8 APPPATH\Controllers\Admin\Products.php(169): CodeIgniter\Model->insert()
 9 SYSTEMPATH\CodeIgniter.php(974): App\Controllers\Admin\Products->store()
10 SYSTEMPATH\CodeIgniter.php(520): CodeIgniter\CodeIgniter->runController()
11 SYSTEMPATH\CodeIgniter.php(363): CodeIgniter\CodeIgniter->handleRequest()
12 SYSTEMPATH\Boot.php(417): CodeIgniter\CodeIgniter->run()
13 SYSTEMPATH\Boot.php(68): CodeIgniter\Boot::runCodeIgniter()
14 FCPATH\index.php(59): CodeIgniter\Boot::bootWeb()
15 SYSTEMPATH\rewrite.php(44): require_once('C:\\Sistemas\\Dias Imports\\Dias Importes - Marketing v2\\dias_imports_v2\\public\\index.php')
DEBUG - 2026-08-24 12:46:42 --> Session: Class initialized using 'CodeIgniter\Session\Handlers\FileHandler' driver.
INFO - 2026-08-24 12:46:42 --> CSRF token verified.
ERROR - 2026-08-24 12:46:42 --> Unknown column 'cta_icon' in 'INSERT INTO'
in SYSTEMPATH\Database\MySQLi\Connection.php on line 300.
 1 SYSTEMPATH\Database\MySQLi\Connection.php(300): mysqli->query()
 2 SYSTEMPATH\Database\BaseConnection.php(908): CodeIgniter\Database\MySQLi\Connection->execute()
 3 SYSTEMPATH\Database\BaseConnection.php(825): CodeIgniter\Database\BaseConnection->simpleQuery()
 4 SYSTEMPATH\Database\BaseBuilder.php(2355): CodeIgniter\Database\BaseConnection->query()
 5 SYSTEMPATH\Model.php(357): CodeIgniter\Database\BaseBuilder->insert()
 6 SYSTEMPATH\BaseModel.php(899): CodeIgniter\Model->doInsert()
 7 SYSTEMPATH\Model.php(670): CodeIgniter\BaseModel->insert()
 8 APPPATH\Controllers\Admin\Products.php(169): CodeIgniter\Model->insert()
 9 SYSTEMPATH\CodeIgniter.php(974): App\Controllers\Admin\Products->store()
10 SYSTEMPATH\CodeIgniter.php(520): CodeIgniter\CodeIgniter->runController()
11 SYSTEMPATH\CodeIgniter.php(363): CodeIgniter\CodeIgniter->handleRequest()
12 SYSTEMPATH\Boot.php(417): CodeIgniter\CodeIgniter->run()
13 SYSTEMPATH\Boot.php(68): CodeIgniter\Boot::runCodeIgniter()
14 FCPATH\index.php(59): CodeIgniter\Boot::bootWeb()
15 SYSTEMPATH\rewrite.php(44): require_once('C:\\Sistemas\\Dias Imports\\Dias Importes - Marketing v2\\dias_imports_v2\\public\\index.php')
CRITICAL - 2026-08-24 12:46:42 --> CodeIgniter\Database\Exceptions\DatabaseException: Unknown column 'cta_icon' in 'INSERT INTO'
[Method: POST, Route: produtos/novo]
in SYSTEMPATH\Database\BaseConnection.php on line 863.
 1 SYSTEMPATH\Database\BaseBuilder.php(2355): CodeIgniter\Database\BaseConnection->query()
 2 SYSTEMPATH\Model.php(357): CodeIgniter\Database\BaseBuilder->insert()
 3 SYSTEMPATH\BaseModel.php(899): CodeIgniter\Model->doInsert()
 4 SYSTEMPATH\Model.php(670): CodeIgniter\BaseModel->insert()
 5 APPPATH\Controllers\Admin\Products.php(169): CodeIgniter\Model->insert()
 6 SYSTEMPATH\CodeIgniter.php(974): App\Controllers\Admin\Products->store()
 7 SYSTEMPATH\CodeIgniter.php(520): CodeIgniter\CodeIgniter->runController()
 8 SYSTEMPATH\CodeIgniter.php(363): CodeIgniter\CodeIgniter->handleRequest()
 9 SYSTEMPATH\Boot.php(417): CodeIgniter\CodeIgniter->run()
10 SYSTEMPATH\Boot.php(68): CodeIgniter\Boot::runCodeIgniter()
11 FCPATH\index.php(59): CodeIgniter\Boot::bootWeb()
12 SYSTEMPATH\rewrite.php(44): require_once('C:\\Sistemas\\Dias Imports\\Dias Importes - Marketing v2\\dias_imports_v2\\public\\index.php')
CRITICAL - 2026-08-24 12:46:42 --> [Caused by] CodeIgniter\Database\Exceptions\DatabaseException: Unknown column 'cta_icon' in 'INSERT INTO'
in SYSTEMPATH\Database\MySQLi\Connection.php on line 310.
 1 SYSTEMPATH\Database\BaseConnection.php(908): CodeIgniter\Database\MySQLi\Connection->execute()
 2 SYSTEMPATH\Database\BaseConnection.php(825): CodeIgniter\Database\BaseConnection->simpleQuery()
 3 SYSTEMPATH\Database\BaseBuilder.php(2355): CodeIgniter\Database\BaseConnection->query()
 4 SYSTEMPATH\Model.php(357): CodeIgniter\Database\BaseBuilder->insert()
 5 SYSTEMPATH\BaseModel.php(899): CodeIgniter\Model->doInsert()
 6 SYSTEMPATH\Model.php(670): CodeIgniter\BaseModel->insert()
 7 APPPATH\Controllers\Admin\Products.php(169): CodeIgniter\Model->insert()
 8 SYSTEMPATH\CodeIgniter.php(974): App\Controllers\Admin\Products->store()
 9 SYSTEMPATH\CodeIgniter.php(520): CodeIgniter\CodeIgniter->runController()
10 SYSTEMPATH\CodeIgniter.php(363): CodeIgniter\CodeIgniter->handleRequest()
11 SYSTEMPATH\Boot.php(417): CodeIgniter\CodeIgniter->run()
12 SYSTEMPATH\Boot.php(68): CodeIgniter\Boot::runCodeIgniter()
13 FCPATH\index.php(59): CodeIgniter\Boot::bootWeb()
14 SYSTEMPATH\rewrite.php(44): require_once('C:\\Sistemas\\Dias Imports\\Dias Importes - Marketing v2\\dias_imports_v2\\public\\index.php')
CRITICAL - 2026-08-24 12:46:42 --> [Caused by] mysqli_sql_exception: Unknown column 'cta_icon' in 'INSERT INTO'
in SYSTEMPATH\Database\MySQLi\Connection.php on line 300.
 1 SYSTEMPATH\Database\MySQLi\Connection.php(300): mysqli->query()
 2 SYSTEMPATH\Database\BaseConnection.php(908): CodeIgniter\Database\MySQLi\Connection->execute()
 3 SYSTEMPATH\Database\BaseConnection.php(825): CodeIgniter\Database\BaseConnection->simpleQuery()
 4 SYSTEMPATH\Database\BaseBuilder.php(2355): CodeIgniter\Database\BaseConnection->query()
 5 SYSTEMPATH\Model.php(357): CodeIgniter\Database\BaseBuilder->insert()
 6 SYSTEMPATH\BaseModel.php(899): CodeIgniter\Model->doInsert()
 7 SYSTEMPATH\Model.php(670): CodeIgniter\BaseModel->insert()
 8 APPPATH\Controllers\Admin\Products.php(169): CodeIgniter\Model->insert()
 9 SYSTEMPATH\CodeIgniter.php(974): App\Controllers\Admin\Products->store()
10 SYSTEMPATH\CodeIgniter.php(520): CodeIgniter\CodeIgniter->runController()
11 SYSTEMPATH\CodeIgniter.php(363): CodeIgniter\CodeIgniter->handleRequest()
12 SYSTEMPATH\Boot.php(417): CodeIgniter\CodeIgniter->run()
13 SYSTEMPATH\Boot.php(68): CodeIgniter\Boot::runCodeIgniter()
14 FCPATH\index.php(59): CodeIgniter\Boot::bootWeb()
15 SYSTEMPATH\rewrite.php(44): require_once('C:\\Sistemas\\Dias Imports\\Dias Importes - Marketing v2\\dias_imports_v2\\public\\index.php')
ERROR - 2026-08-24 12:46:49 --> Duplicate column name 'bg_animation'
in SYSTEMPATH\Database\MySQLi\Connection.php on line 300.
 1 SYSTEMPATH\Database\MySQLi\Connection.php(300): mysqli->query()
 2 SYSTEMPATH\Database\BaseConnection.php(908): CodeIgniter\Database\MySQLi\Connection->execute()
 3 SYSTEMPATH\Database\BaseConnection.php(825): CodeIgniter\Database\BaseConnection->simpleQuery()
 4 SYSTEMPATH\Database\Forge.php(772): CodeIgniter\Database\BaseConnection->query()
 5 APPPATH\Database\Migrations\2026-08-22-030000_AddBgAnimationAndBtnAnimationToLandingLeadSettings.php(28): CodeIgniter\Database\Forge->addColumn()
 6 SYSTEMPATH\Database\MigrationRunner.php(1014): App\Database\Migrations\AddBgAnimationAndBtnAnimationToLandingLeadSettings->up()
 7 SYSTEMPATH\Database\MigrationRunner.php(202): CodeIgniter\Database\MigrationRunner->migrate()
 8 SYSTEMPATH\Commands\Database\Migrate.php(89): CodeIgniter\Database\MigrationRunner->latest()
 9 SYSTEMPATH\CLI\SignalTrait.php(245): CodeIgniter\Commands\Database\Migrate::{closure:CodeIgniter\Commands\Database\Migrate::run():88}()
10 SYSTEMPATH\Commands\Database\Migrate.php(88): CodeIgniter\Commands\Database\Migrate->withSignalsBlocked()
11 SYSTEMPATH\CLI\Commands.php(72): CodeIgniter\Commands\Database\Migrate->run()
12 SYSTEMPATH\CLI\Console.php(47): CodeIgniter\CLI\Commands->run()
13 SYSTEMPATH\Boot.php(444): CodeIgniter\CLI\Console->run()
14 SYSTEMPATH\Boot.php(166): CodeIgniter\Boot::runCommand()
15 ROOTPATH\spark(87): CodeIgniter\Boot::bootSpark()
DEBUG - 2026-08-24 12:46:55 --> Session: Class initialized using 'CodeIgniter\Session\Handlers\FileHandler' driver.
INFO - 2026-08-24 12:46:55 --> CSRF token verified.
ERROR - 2026-08-24 12:46:55 --> Unknown column 'cta_icon' in 'INSERT INTO'
in SYSTEMPATH\Database\MySQLi\Connection.php on line 300.
 1 SYSTEMPATH\Database\MySQLi\Connection.php(300): mysqli->query()
 2 SYSTEMPATH\Database\BaseConnection.php(908): CodeIgniter\Database\MySQLi\Connection->execute()
 3 SYSTEMPATH\Database\BaseConnection.php(825): CodeIgniter\Database\BaseConnection->simpleQuery()
 4 SYSTEMPATH\Database\BaseBuilder.php(2355): CodeIgniter\Database\BaseConnection->query()
 5 SYSTEMPATH\Model.php(357): CodeIgniter\Database\BaseBuilder->insert()
 6 SYSTEMPATH\BaseModel.php(899): CodeIgniter\Model->doInsert()
 7 SYSTEMPATH\Model.php(670): CodeIgniter\BaseModel->insert()
 8 APPPATH\Controllers\Admin\Products.php(169): CodeIgniter\Model->insert()
 9 SYSTEMPATH\CodeIgniter.php(974): App\Controllers\Admin\Products->store()
10 SYSTEMPATH\CodeIgniter.php(520): CodeIgniter\CodeIgniter->runController()
11 SYSTEMPATH\CodeIgniter.php(363): CodeIgniter\CodeIgniter->handleRequest()
12 SYSTEMPATH\Boot.php(417): CodeIgniter\CodeIgniter->run()
13 SYSTEMPATH\Boot.php(68): CodeIgniter\Boot::runCodeIgniter()
14 FCPATH\index.php(59): CodeIgniter\Boot::bootWeb()
15 SYSTEMPATH\rewrite.php(44): require_once('C:\\Sistemas\\Dias Imports\\Dias Importes - Marketing v2\\dias_imports_v2\\public\\index.php')
CRITICAL - 2026-08-24 12:46:55 --> CodeIgniter\Database\Exceptions\DatabaseException: Unknown column 'cta_icon' in 'INSERT INTO'
[Method: POST, Route: produtos/novo]
in SYSTEMPATH\Database\BaseConnection.php on line 863.
 1 SYSTEMPATH\Database\BaseBuilder.php(2355): CodeIgniter\Database\BaseConnection->query()
 2 SYSTEMPATH\Model.php(357): CodeIgniter\Database\BaseBuilder->insert()
 3 SYSTEMPATH\BaseModel.php(899): CodeIgniter\Model->doInsert()
 4 SYSTEMPATH\Model.php(670): CodeIgniter\BaseModel->insert()
 5 APPPATH\Controllers\Admin\Products.php(169): CodeIgniter\Model->insert()
 6 SYSTEMPATH\CodeIgniter.php(974): App\Controllers\Admin\Products->store()
 7 SYSTEMPATH\CodeIgniter.php(520): CodeIgniter\CodeIgniter->runController()
 8 SYSTEMPATH\CodeIgniter.php(363): CodeIgniter\CodeIgniter->handleRequest()
 9 SYSTEMPATH\Boot.php(417): CodeIgniter\CodeIgniter->run()
10 SYSTEMPATH\Boot.php(68): CodeIgniter\Boot::runCodeIgniter()
11 FCPATH\index.php(59): CodeIgniter\Boot::bootWeb()
12 SYSTEMPATH\rewrite.php(44): require_once('C:\\Sistemas\\Dias Imports\\Dias Importes - Marketing v2\\dias_imports_v2\\public\\index.php')
CRITICAL - 2026-08-24 12:46:55 --> [Caused by] CodeIgniter\Database\Exceptions\DatabaseException: Unknown column 'cta_icon' in 'INSERT INTO'
in SYSTEMPATH\Database\MySQLi\Connection.php on line 310.
 1 SYSTEMPATH\Database\BaseConnection.php(908): CodeIgniter\Database\MySQLi\Connection->execute()
 2 SYSTEMPATH\Database\BaseConnection.php(825): CodeIgniter\Database\BaseConnection->simpleQuery()
 3 SYSTEMPATH\Database\BaseBuilder.php(2355): CodeIgniter\Database\BaseConnection->query()
 4 SYSTEMPATH\Model.php(357): CodeIgniter\Database\BaseBuilder->insert()
 5 SYSTEMPATH\BaseModel.php(899): CodeIgniter\Model->doInsert()
 6 SYSTEMPATH\Model.php(670): CodeIgniter\BaseModel->insert()
 7 APPPATH\Controllers\Admin\Products.php(169): CodeIgniter\Model->insert()
 8 SYSTEMPATH\CodeIgniter.php(974): App\Controllers\Admin\Products->store()
 9 SYSTEMPATH\CodeIgniter.php(520): CodeIgniter\CodeIgniter->runController()
10 SYSTEMPATH\CodeIgniter.php(363): CodeIgniter\CodeIgniter->handleRequest()
11 SYSTEMPATH\Boot.php(417): CodeIgniter\CodeIgniter->run()
12 SYSTEMPATH\Boot.php(68): CodeIgniter\Boot::runCodeIgniter()
13 FCPATH\index.php(59): CodeIgniter\Boot::bootWeb()
14 SYSTEMPATH\rewrite.php(44): require_once('C:\\Sistemas\\Dias Imports\\Dias Importes - Marketing v2\\dias_imports_v2\\public\\index.php')
CRITICAL - 2026-08-24 12:46:55 --> [Caused by] mysqli_sql_exception: Unknown column 'cta_icon' in 'INSERT INTO'
in SYSTEMPATH\Database\MySQLi\Connection.php on line 300.
 1 SYSTEMPATH\Database\MySQLi\Connection.php(300): mysqli->query()
 2 SYSTEMPATH\Database\BaseConnection.php(908): CodeIgniter\Database\MySQLi\Connection->execute()
 3 SYSTEMPATH\Database\BaseConnection.php(825): CodeIgniter\Database\BaseConnection->simpleQuery()
 4 SYSTEMPATH\Database\BaseBuilder.php(2355): CodeIgniter\Database\BaseConnection->query()
 5 SYSTEMPATH\Model.php(357): CodeIgniter\Database\BaseBuilder->insert()
 6 SYSTEMPATH\BaseModel.php(899): CodeIgniter\Model->doInsert()
 7 SYSTEMPATH\Model.php(670): CodeIgniter\BaseModel->insert()
 8 APPPATH\Controllers\Admin\Products.php(169): CodeIgniter\Model->insert()
 9 SYSTEMPATH\CodeIgniter.php(974): App\Controllers\Admin\Products->store()
10 SYSTEMPATH\CodeIgniter.php(520): CodeIgniter\CodeIgniter->runController()
11 SYSTEMPATH\CodeIgniter.php(363): CodeIgniter\CodeIgniter->handleRequest()
12 SYSTEMPATH\Boot.php(417): CodeIgniter\CodeIgniter->run()
13 SYSTEMPATH\Boot.php(68): CodeIgniter\Boot::runCodeIgniter()
14 FCPATH\index.php(59): CodeIgniter\Boot::bootWeb()
15 SYSTEMPATH\rewrite.php(44): require_once('C:\\Sistemas\\Dias Imports\\Dias Importes - Marketing v2\\dias_imports_v2\\public\\index.php')
ERROR - 2026-08-24 12:47:03 --> Duplicate column name 'seo_title'
in SYSTEMPATH\Database\MySQLi\Connection.php on line 300.
 1 SYSTEMPATH\Database\MySQLi\Connection.php(300): mysqli->query()
 2 SYSTEMPATH\Database\BaseConnection.php(908): CodeIgniter\Database\MySQLi\Connection->execute()
 3 SYSTEMPATH\Database\BaseConnection.php(825): CodeIgniter\Database\BaseConnection->simpleQuery()
 4 SYSTEMPATH\Database\Forge.php(772): CodeIgniter\Database\BaseConnection->query()
 5 APPPATH\Database\Migrations\2026-08-22-040000_AddSeoFieldsToLandingLeadSettings.php(24): CodeIgniter\Database\Forge->addColumn()
 6 SYSTEMPATH\Database\MigrationRunner.php(1014): App\Database\Migrations\AddSeoFieldsToLandingLeadSettings->up()
 7 SYSTEMPATH\Database\MigrationRunner.php(202): CodeIgniter\Database\MigrationRunner->migrate()
 8 SYSTEMPATH\Commands\Database\Migrate.php(89): CodeIgniter\Database\MigrationRunner->latest()
 9 SYSTEMPATH\CLI\SignalTrait.php(245): CodeIgniter\Commands\Database\Migrate::{closure:CodeIgniter\Commands\Database\Migrate::run():88}()
10 SYSTEMPATH\Commands\Database\Migrate.php(88): CodeIgniter\Commands\Database\Migrate->withSignalsBlocked()
11 SYSTEMPATH\CLI\Commands.php(72): CodeIgniter\Commands\Database\Migrate->run()
12 SYSTEMPATH\CLI\Console.php(47): CodeIgniter\CLI\Commands->run()
13 SYSTEMPATH\Boot.php(444): CodeIgniter\CLI\Console->run()
14 SYSTEMPATH\Boot.php(166): CodeIgniter\Boot::runCommand()
15 ROOTPATH\spark(87): CodeIgniter\Boot::bootSpark()
DEBUG - 2026-08-24 12:47:19 --> Session: Class initialized using 'CodeIgniter\Session\Handlers\FileHandler' driver.
INFO - 2026-08-24 12:47:19 --> CSRF token verified.
ERROR - 2026-08-24 12:47:20 --> Unknown column 'cta_icon' in 'INSERT INTO'
in SYSTEMPATH\Database\MySQLi\Connection.php on line 300.
 1 SYSTEMPATH\Database\MySQLi\Connection.php(300): mysqli->query()
 2 SYSTEMPATH\Database\BaseConnection.php(908): CodeIgniter\Database\MySQLi\Connection->execute()
 3 SYSTEMPATH\Database\BaseConnection.php(825): CodeIgniter\Database\BaseConnection->simpleQuery()
 4 SYSTEMPATH\Database\BaseBuilder.php(2355): CodeIgniter\Database\BaseConnection->query()
 5 SYSTEMPATH\Model.php(357): CodeIgniter\Database\BaseBuilder->insert()
 6 SYSTEMPATH\BaseModel.php(899): CodeIgniter\Model->doInsert()
 7 SYSTEMPATH\Model.php(670): CodeIgniter\BaseModel->insert()
 8 APPPATH\Controllers\Admin\Products.php(169): CodeIgniter\Model->insert()
 9 SYSTEMPATH\CodeIgniter.php(974): App\Controllers\Admin\Products->store()
10 SYSTEMPATH\CodeIgniter.php(520): CodeIgniter\CodeIgniter->runController()
11 SYSTEMPATH\CodeIgniter.php(363): CodeIgniter\CodeIgniter->handleRequest()
12 SYSTEMPATH\Boot.php(417): CodeIgniter\CodeIgniter->run()
13 SYSTEMPATH\Boot.php(68): CodeIgniter\Boot::runCodeIgniter()
14 FCPATH\index.php(59): CodeIgniter\Boot::bootWeb()
15 SYSTEMPATH\rewrite.php(44): require_once('C:\\Sistemas\\Dias Imports\\Dias Importes - Marketing v2\\dias_imports_v2\\public\\index.php')
CRITICAL - 2026-08-24 12:47:20 --> CodeIgniter\Database\Exceptions\DatabaseException: Unknown column 'cta_icon' in 'INSERT INTO'
[Method: POST, Route: produtos/novo]
in SYSTEMPATH\Database\BaseConnection.php on line 863.
 1 SYSTEMPATH\Database\BaseBuilder.php(2355): CodeIgniter\Database\BaseConnection->query()
 2 SYSTEMPATH\Model.php(357): CodeIgniter\Database\BaseBuilder->insert()
 3 SYSTEMPATH\BaseModel.php(899): CodeIgniter\Model->doInsert()
 4 SYSTEMPATH\Model.php(670): CodeIgniter\BaseModel->insert()
 5 APPPATH\Controllers\Admin\Products.php(169): CodeIgniter\Model->insert()
 6 SYSTEMPATH\CodeIgniter.php(974): App\Controllers\Admin\Products->store()
 7 SYSTEMPATH\CodeIgniter.php(520): CodeIgniter\CodeIgniter->runController()
 8 SYSTEMPATH\CodeIgniter.php(363): CodeIgniter\CodeIgniter->handleRequest()
 9 SYSTEMPATH\Boot.php(417): CodeIgniter\CodeIgniter->run()
10 SYSTEMPATH\Boot.php(68): CodeIgniter\Boot::runCodeIgniter()
11 FCPATH\index.php(59): CodeIgniter\Boot::bootWeb()
12 SYSTEMPATH\rewrite.php(44): require_once('C:\\Sistemas\\Dias Imports\\Dias Importes - Marketing v2\\dias_imports_v2\\public\\index.php')
CRITICAL - 2026-08-24 12:47:20 --> [Caused by] CodeIgniter\Database\Exceptions\DatabaseException: Unknown column 'cta_icon' in 'INSERT INTO'
in SYSTEMPATH\Database\MySQLi\Connection.php on line 310.
 1 SYSTEMPATH\Database\BaseConnection.php(908): CodeIgniter\Database\MySQLi\Connection->execute()
 2 SYSTEMPATH\Database\BaseConnection.php(825): CodeIgniter\Database\BaseConnection->simpleQuery()
 3 SYSTEMPATH\Database\BaseBuilder.php(2355): CodeIgniter\Database\BaseConnection->query()
 4 SYSTEMPATH\Model.php(357): CodeIgniter\Database\BaseBuilder->insert()
 5 SYSTEMPATH\BaseModel.php(899): CodeIgniter\Model->doInsert()
 6 SYSTEMPATH\Model.php(670): CodeIgniter\BaseModel->insert()
 7 APPPATH\Controllers\Admin\Products.php(169): CodeIgniter\Model->insert()
 8 SYSTEMPATH\CodeIgniter.php(974): App\Controllers\Admin\Products->store()
 9 SYSTEMPATH\CodeIgniter.php(520): CodeIgniter\CodeIgniter->runController()
10 SYSTEMPATH\CodeIgniter.php(363): CodeIgniter\CodeIgniter->handleRequest()
11 SYSTEMPATH\Boot.php(417): CodeIgniter\CodeIgniter->run()
12 SYSTEMPATH\Boot.php(68): CodeIgniter\Boot::runCodeIgniter()
13 FCPATH\index.php(59): CodeIgniter\Boot::bootWeb()
14 SYSTEMPATH\rewrite.php(44): require_once('C:\\Sistemas\\Dias Imports\\Dias Importes - Marketing v2\\dias_imports_v2\\public\\index.php')
CRITICAL - 2026-08-24 12:47:20 --> [Caused by] mysqli_sql_exception: Unknown column 'cta_icon' in 'INSERT INTO'
in SYSTEMPATH\Database\MySQLi\Connection.php on line 300.
 1 SYSTEMPATH\Database\MySQLi\Connection.php(300): mysqli->query()
 2 SYSTEMPATH\Database\BaseConnection.php(908): CodeIgniter\Database\MySQLi\Connection->execute()
 3 SYSTEMPATH\Database\BaseConnection.php(825): CodeIgniter\Database\BaseConnection->simpleQuery()
 4 SYSTEMPATH\Database\BaseBuilder.php(2355): CodeIgniter\Database\BaseConnection->query()
 5 SYSTEMPATH\Model.php(357): CodeIgniter\Database\BaseBuilder->insert()
 6 SYSTEMPATH\BaseModel.php(899): CodeIgniter\Model->doInsert()
 7 SYSTEMPATH\Model.php(670): CodeIgniter\BaseModel->insert()
 8 APPPATH\Controllers\Admin\Products.php(169): CodeIgniter\Model->insert()
 9 SYSTEMPATH\CodeIgniter.php(974): App\Controllers\Admin\Products->store()
10 SYSTEMPATH\CodeIgniter.php(520): CodeIgniter\CodeIgniter->runController()
11 SYSTEMPATH\CodeIgniter.php(363): CodeIgniter\CodeIgniter->handleRequest()
12 SYSTEMPATH\Boot.php(417): CodeIgniter\CodeIgniter->run()
13 SYSTEMPATH\Boot.php(68): CodeIgniter\Boot::runCodeIgniter()
14 FCPATH\index.php(59): CodeIgniter\Boot::bootWeb()
15 SYSTEMPATH\rewrite.php(44): require_once('C:\\Sistemas\\Dias Imports\\Dias Importes - Marketing v2\\dias_imports_v2\\public\\index.php')
ERROR - 2026-08-24 12:47:40 --> Duplicate column name 'role'
in SYSTEMPATH\Database\MySQLi\Connection.php on line 300.
 1 SYSTEMPATH\Database\MySQLi\Connection.php(300): mysqli->query()
 2 SYSTEMPATH\Database\BaseConnection.php(908): CodeIgniter\Database\MySQLi\Connection->execute()
 3 SYSTEMPATH\Database\BaseConnection.php(825): CodeIgniter\Database\BaseConnection->simpleQuery()
 4 SYSTEMPATH\Database\Forge.php(772): CodeIgniter\Database\BaseConnection->query()
 5 APPPATH\Database\Migrations\2026-08-22-115606_AddRoleAndPermissionsToUsers.php(26): CodeIgniter\Database\Forge->addColumn()
 6 SYSTEMPATH\Database\MigrationRunner.php(1014): App\Database\Migrations\AddRoleAndPermissionsToUsers->up()
 7 SYSTEMPATH\Database\MigrationRunner.php(202): CodeIgniter\Database\MigrationRunner->migrate()
 8 SYSTEMPATH\Commands\Database\Migrate.php(89): CodeIgniter\Database\MigrationRunner->latest()
 9 SYSTEMPATH\CLI\SignalTrait.php(245): CodeIgniter\Commands\Database\Migrate::{closure:CodeIgniter\Commands\Database\Migrate::run():88}()
10 SYSTEMPATH\Commands\Database\Migrate.php(88): CodeIgniter\Commands\Database\Migrate->withSignalsBlocked()
11 SYSTEMPATH\CLI\Commands.php(72): CodeIgniter\Commands\Database\Migrate->run()
12 SYSTEMPATH\CLI\Console.php(47): CodeIgniter\CLI\Commands->run()
13 SYSTEMPATH\Boot.php(444): CodeIgniter\CLI\Console->run()
14 SYSTEMPATH\Boot.php(166): CodeIgniter\Boot::runCommand()
15 ROOTPATH\spark(87): CodeIgniter\Boot::bootSpark()
ERROR - 2026-08-24 12:47:59 --> Table 'whatsapp_groups' already exists
in SYSTEMPATH\Database\MySQLi\Connection.php on line 300.
 1 SYSTEMPATH\Database\MySQLi\Connection.php(300): mysqli->query()
 2 SYSTEMPATH\Database\BaseConnection.php(908): CodeIgniter\Database\MySQLi\Connection->execute()
 3 SYSTEMPATH\Database\BaseConnection.php(825): CodeIgniter\Database\BaseConnection->simpleQuery()
 4 SYSTEMPATH\Database\Forge.php(570): CodeIgniter\Database\BaseConnection->query()
 5 APPPATH\Database\Migrations\2026-08-22-141037_CreateWhatsappGroupsTable.php(81): CodeIgniter\Database\Forge->createTable()
 6 SYSTEMPATH\Database\MigrationRunner.php(1014): App\Database\Migrations\CreateWhatsappGroupsTable->up()
 7 SYSTEMPATH\Database\MigrationRunner.php(202): CodeIgniter\Database\MigrationRunner->migrate()
 8 SYSTEMPATH\Commands\Database\Migrate.php(89): CodeIgniter\Database\MigrationRunner->latest()
 9 SYSTEMPATH\CLI\SignalTrait.php(245): CodeIgniter\Commands\Database\Migrate::{closure:CodeIgniter\Commands\Database\Migrate::run():88}()
10 SYSTEMPATH\Commands\Database\Migrate.php(88): CodeIgniter\Commands\Database\Migrate->withSignalsBlocked()
11 SYSTEMPATH\CLI\Commands.php(72): CodeIgniter\Commands\Database\Migrate->run()
12 SYSTEMPATH\CLI\Console.php(47): CodeIgniter\CLI\Commands->run()
13 SYSTEMPATH\Boot.php(444): CodeIgniter\CLI\Console->run()
14 SYSTEMPATH\Boot.php(166): CodeIgniter\Boot::runCommand()
15 ROOTPATH\spark(87): CodeIgniter\Boot::bootSpark()
ERROR - 2026-08-24 12:48:19 --> Table 'products' already exists
in SYSTEMPATH\Database\MySQLi\Connection.php on line 300.
 1 SYSTEMPATH\Database\MySQLi\Connection.php(300): mysqli->query()
 2 SYSTEMPATH\Database\BaseConnection.php(908): CodeIgniter\Database\MySQLi\Connection->execute()
 3 SYSTEMPATH\Database\BaseConnection.php(825): CodeIgniter\Database\BaseConnection->simpleQuery()
 4 SYSTEMPATH\Database\Forge.php(570): CodeIgniter\Database\BaseConnection->query()
 5 APPPATH\Database\Migrations\2026-08-22-221009_CreateProductsTable.php(108): CodeIgniter\Database\Forge->createTable()
 6 SYSTEMPATH\Database\MigrationRunner.php(1014): App\Database\Migrations\CreateProductsTable->up()
 7 SYSTEMPATH\Database\MigrationRunner.php(202): CodeIgniter\Database\MigrationRunner->migrate()
 8 SYSTEMPATH\Commands\Database\Migrate.php(89): CodeIgniter\Database\MigrationRunner->latest()
 9 SYSTEMPATH\CLI\SignalTrait.php(245): CodeIgniter\Commands\Database\Migrate::{closure:CodeIgniter\Commands\Database\Migrate::run():88}()
10 SYSTEMPATH\Commands\Database\Migrate.php(88): CodeIgniter\Commands\Database\Migrate->withSignalsBlocked()
11 SYSTEMPATH\CLI\Commands.php(72): CodeIgniter\Commands\Database\Migrate->run()
12 SYSTEMPATH\CLI\Console.php(47): CodeIgniter\CLI\Commands->run()
13 SYSTEMPATH\Boot.php(444): CodeIgniter\CLI\Console->run()
14 SYSTEMPATH\Boot.php(166): CodeIgniter\Boot::runCommand()
15 ROOTPATH\spark(87): CodeIgniter\Boot::bootSpark()
ERROR - 2026-08-24 12:48:34 --> Duplicate column name 'cta_icon'
in SYSTEMPATH\Database\MySQLi\Connection.php on line 300.
 1 SYSTEMPATH\Database\MySQLi\Connection.php(300): mysqli->query()
 2 SYSTEMPATH\Database\BaseConnection.php(908): CodeIgniter\Database\MySQLi\Connection->execute()
 3 SYSTEMPATH\Database\BaseConnection.php(825): CodeIgniter\Database\BaseConnection->simpleQuery()
 4 APPPATH\Database\Migrations\2026-08-23-234908_AddCtaIconDirectToProducts.php(11): CodeIgniter\Database\BaseConnection->query()
 5 SYSTEMPATH\Database\MigrationRunner.php(1014): App\Database\Migrations\AddCtaIconDirectToProducts->up()
 6 SYSTEMPATH\Database\MigrationRunner.php(202): CodeIgniter\Database\MigrationRunner->migrate()
 7 SYSTEMPATH\Commands\Database\Migrate.php(89): CodeIgniter\Database\MigrationRunner->latest()
 8 SYSTEMPATH\CLI\SignalTrait.php(245): CodeIgniter\Commands\Database\Migrate::{closure:CodeIgniter\Commands\Database\Migrate::run():88}()
 9 SYSTEMPATH\Commands\Database\Migrate.php(88): CodeIgniter\Commands\Database\Migrate->withSignalsBlocked()
10 SYSTEMPATH\CLI\Commands.php(72): CodeIgniter\Commands\Database\Migrate->run()
11 SYSTEMPATH\CLI\Console.php(47): CodeIgniter\CLI\Commands->run()
12 SYSTEMPATH\Boot.php(444): CodeIgniter\CLI\Console->run()
13 SYSTEMPATH\Boot.php(166): CodeIgniter\Boot::runCommand()
14 ROOTPATH\spark(87): CodeIgniter\Boot::bootSpark()
DEBUG - 2026-08-24 12:48:55 --> Session: Class initialized using 'CodeIgniter\Session\Handlers\FileHandler' driver.
INFO - 2026-08-24 12:48:55 --> CSRF token verified.
DEBUG - 2026-08-24 12:48:56 --> Session: Class initialized using 'CodeIgniter\Session\Handlers\FileHandler' driver.
DEBUG - 2026-08-24 12:51:40 --> Session: Class initialized using 'CodeIgniter\Session\Handlers\FileHandler' driver.
CRITICAL - 2026-08-24 12:51:40 --> ErrorException: Undefined property: CodeIgniter\View\View::$request
[Method: GET, Route: produtos/1/editar]
in APPPATH\Views\admin\products\form.php on line 21.
 1 APPPATH\Views\admin\products\form.php(21): CodeIgniter\Debug\Exceptions->errorHandler()
 2 SYSTEMPATH\View\View.php(240): include('C:\\Sistemas\\Dias Imports\\Dias Importes - Marketing v2\\dias_imports_v2\\app\\Views\\admin\\products\\form.php')
 3 SYSTEMPATH\View\View.php(243): CodeIgniter\View\View->{closure:CodeIgniter\View\View::render():237}()
 4 SYSTEMPATH\Common.php(1268): CodeIgniter\View\View->render()
 5 APPPATH\Controllers\Admin\Products.php(47): view()
 6 APPPATH\Controllers\Admin\Products.php(237): App\Controllers\Admin\Products->renderPage()
 7 SYSTEMPATH\CodeIgniter.php(974): App\Controllers\Admin\Products->edit()
 8 SYSTEMPATH\CodeIgniter.php(520): CodeIgniter\CodeIgniter->runController()
 9 SYSTEMPATH\CodeIgniter.php(363): CodeIgniter\CodeIgniter->handleRequest()
10 SYSTEMPATH\Boot.php(417): CodeIgniter\CodeIgniter->run()
11 SYSTEMPATH\Boot.php(68): CodeIgniter\Boot::runCodeIgniter()
12 FCPATH\index.php(59): CodeIgniter\Boot::bootWeb()
13 SYSTEMPATH\rewrite.php(44): require_once('C:\\Sistemas\\Dias Imports\\Dias Importes - Marketing v2\\dias_imports_v2\\public\\index.php')
DEBUG - 2026-08-24 12:51:47 --> Session: Class initialized using 'CodeIgniter\Session\Handlers\FileHandler' driver.
DEBUG - 2026-08-24 12:51:49 --> Session: Class initialized using 'CodeIgniter\Session\Handlers\FileHandler' driver.
CRITICAL - 2026-08-24 12:51:50 --> ErrorException: Undefined property: CodeIgniter\View\View::$request
[Method: GET, Route: produtos/1/editar]
in APPPATH\Views\admin\products\form.php on line 21.
 1 APPPATH\Views\admin\products\form.php(21): CodeIgniter\Debug\Exceptions->errorHandler()
 2 SYSTEMPATH\View\View.php(240): include('C:\\Sistemas\\Dias Imports\\Dias Importes - Marketing v2\\dias_imports_v2\\app\\Views\\admin\\products\\form.php')
 3 SYSTEMPATH\View\View.php(243): CodeIgniter\View\View->{closure:CodeIgniter\View\View::render():237}()
 4 SYSTEMPATH\Common.php(1268): CodeIgniter\View\View->render()
 5 APPPATH\Controllers\Admin\Products.php(47): view()
 6 APPPATH\Controllers\Admin\Products.php(237): App\Controllers\Admin\Products->renderPage()
 7 SYSTEMPATH\CodeIgniter.php(974): App\Controllers\Admin\Products->edit()
 8 SYSTEMPATH\CodeIgniter.php(520): CodeIgniter\CodeIgniter->runController()
 9 SYSTEMPATH\CodeIgniter.php(363): CodeIgniter\CodeIgniter->handleRequest()
10 SYSTEMPATH\Boot.php(417): CodeIgniter\CodeIgniter->run()
11 SYSTEMPATH\Boot.php(68): CodeIgniter\Boot::runCodeIgniter()
12 FCPATH\index.php(59): CodeIgniter\Boot::bootWeb()
13 SYSTEMPATH\rewrite.php(44): require_once('C:\\Sistemas\\Dias Imports\\Dias Importes - Marketing v2\\dias_imports_v2\\public\\index.php')
DEBUG - 2026-08-24 12:52:17 --> Session: Class initialized using 'CodeIgniter\Session\Handlers\FileHandler' driver.
DEBUG - 2026-08-24 12:52:26 --> Session: Class initialized using 'CodeIgniter\Session\Handlers\FileHandler' driver.
INFO - 2026-08-24 12:52:26 --> CSRF token verified.
DEBUG - 2026-08-24 12:52:28 --> Session: Class initialized using 'CodeIgniter\Session\Handlers\FileHandler' driver.
INFO - 2026-08-24 12:52:28 --> CSRF token verified.
DEBUG - 2026-08-24 12:52:28 --> Session: Class initialized using 'CodeIgniter\Session\Handlers\FileHandler' driver.
INFO - 2026-08-24 12:52:28 --> CSRF token verified.
DEBUG - 2026-08-24 12:52:29 --> Session: Class initialized using 'CodeIgniter\Session\Handlers\FileHandler' driver.
INFO - 2026-08-24 12:52:29 --> CSRF token verified.
DEBUG - 2026-08-24 12:52:30 --> Session: Class initialized using 'CodeIgniter\Session\Handlers\FileHandler' driver.
INFO - 2026-08-24 12:52:30 --> CSRF token verified.
DEBUG - 2026-08-24 12:52:31 --> Session: Class initialized using 'CodeIgniter\Session\Handlers\FileHandler' driver.
INFO - 2026-08-24 12:52:31 --> CSRF token verified.
DEBUG - 2026-08-24 12:52:31 --> Session: Class initialized using 'CodeIgniter\Session\Handlers\FileHandler' driver.
INFO - 2026-08-24 12:52:31 --> CSRF token verified.
DEBUG - 2026-08-24 12:52:32 --> Session: Class initialized using 'CodeIgniter\Session\Handlers\FileHandler' driver.
INFO - 2026-08-24 12:52:32 --> CSRF token verified.
DEBUG - 2026-08-24 12:52:33 --> Session: Class initialized using 'CodeIgniter\Session\Handlers\FileHandler' driver.
INFO - 2026-08-24 12:52:33 --> CSRF token verified.
DEBUG - 2026-08-24 12:52:37 --> Session: Class initialized using 'CodeIgniter\Session\Handlers\FileHandler' driver.
INFO - 2026-08-24 12:52:37 --> CSRF token verified.
DEBUG - 2026-08-24 12:52:39 --> Session: Class initialized using 'CodeIgniter\Session\Handlers\FileHandler' driver.
INFO - 2026-08-24 12:52:39 --> CSRF token verified.
DEBUG - 2026-08-24 12:52:39 --> Session: Class initialized using 'CodeIgniter\Session\Handlers\FileHandler' driver.
CRITICAL - 2026-08-24 12:52:56 --> ErrorException: Undefined array key "phone_number"
[Method: GET, Route: p/bone-country-761741]
in APPPATH\Controllers\ProductLanding.php on line 45.
 1 APPPATH\Controllers\ProductLanding.php(45): CodeIgniter\Debug\Exceptions->errorHandler()
 2 SYSTEMPATH\CodeIgniter.php(974): App\Controllers\ProductLanding->show()
 3 SYSTEMPATH\CodeIgniter.php(520): CodeIgniter\CodeIgniter->runController()
 4 SYSTEMPATH\CodeIgniter.php(363): CodeIgniter\CodeIgniter->handleRequest()
 5 SYSTEMPATH\Boot.php(417): CodeIgniter\CodeIgniter->run()
 6 SYSTEMPATH\Boot.php(68): CodeIgniter\Boot::runCodeIgniter()
 7 FCPATH\index.php(59): CodeIgniter\Boot::bootWeb()
 8 SYSTEMPATH\rewrite.php(44): require_once('C:\\Sistemas\\Dias Imports\\Dias Importes - Marketing v2\\dias_imports_v2\\public\\index.php')
DEBUG - 2026-08-24 12:53:57 --> Session: Class initialized using 'CodeIgniter\Session\Handlers\FileHandler' driver.
DEBUG - 2026-08-24 12:54:05 --> Session: Class initialized using 'CodeIgniter\Session\Handlers\FileHandler' driver.
DEBUG - 2026-08-24 12:54:08 --> Session: Class initialized using 'CodeIgniter\Session\Handlers\FileHandler' driver.
DEBUG - 2026-08-24 12:54:13 --> Session: Class initialized using 'CodeIgniter\Session\Handlers\FileHandler' driver.
DEBUG - 2026-08-24 12:54:16 --> Session: Class initialized using 'CodeIgniter\Session\Handlers\FileHandler' driver.
INFO - 2026-08-24 12:54:16 --> CSRF token verified.
DEBUG - 2026-08-24 12:54:16 --> Session: Class initialized using 'CodeIgniter\Session\Handlers\FileHandler' driver.
DEBUG - 2026-08-24 12:54:19 --> Session: Class initialized using 'CodeIgniter\Session\Handlers\FileHandler' driver.
DEBUG - 2026-08-24 12:54:21 --> Session: Class initialized using 'CodeIgniter\Session\Handlers\FileHandler' driver.
INFO - 2026-08-24 12:54:21 --> CSRF token verified.
DEBUG - 2026-08-24 12:54:22 --> Session: Class initialized using 'CodeIgniter\Session\Handlers\FileHandler' driver.
DEBUG - 2026-08-24 12:54:23 --> Session: Class initialized using 'CodeIgniter\Session\Handlers\FileHandler' driver.
DEBUG - 2026-08-24 12:54:27 --> Session: Class initialized using 'CodeIgniter\Session\Handlers\FileHandler' driver.
DEBUG - 2026-08-24 12:54:40 --> Session: Class initialized using 'CodeIgniter\Session\Handlers\FileHandler' driver.
ERROR - 2026-08-24 12:55:05 --> Evolution API transport failed: timeout (CodeIgniter\HTTP\Exceptions\HTTPException)
DEBUG - 2026-08-24 12:55:18 --> Session: Class initialized using 'CodeIgniter\Session\Handlers\FileHandler' driver.
DEBUG - 2026-08-24 12:55:21 --> Session: Class initialized using 'CodeIgniter\Session\Handlers\FileHandler' driver.
DEBUG - 2026-08-24 12:55:27 --> Session: Class initialized using 'CodeIgniter\Session\Handlers\FileHandler' driver.
DEBUG - 2026-08-24 12:55:33 --> Session: Class initialized using 'CodeIgniter\Session\Handlers\FileHandler' driver.
ERROR - 2026-08-24 12:56:10 --> Evolution API transport failed: timeout (CodeIgniter\HTTP\Exceptions\HTTPException)
DEBUG - 2026-08-24 12:56:35 --> Session: Class initialized using 'CodeIgniter\Session\Handlers\FileHandler' driver.
DEBUG - 2026-08-24 12:56:40 --> Session: Class initialized using 'CodeIgniter\Session\Handlers\FileHandler' driver.
INFO - 2026-08-24 12:56:40 --> CSRF token verified.
DEBUG - 2026-08-24 12:56:42 --> Session: Class initialized using 'CodeIgniter\Session\Handlers\FileHandler' driver.
DEBUG - 2026-08-24 12:56:44 --> Session: Class initialized using 'CodeIgniter\Session\Handlers\FileHandler' driver.
DEBUG - 2026-08-24 12:56:50 --> Session: Class initialized using 'CodeIgniter\Session\Handlers\FileHandler' driver.
DEBUG - 2026-08-24 12:56:55 --> Session: Class initialized using 'CodeIgniter\Session\Handlers\FileHandler' driver.
DEBUG - 2026-08-24 12:58:52 --> Session: Class initialized using 'CodeIgniter\Session\Handlers\FileHandler' driver.
DEBUG - 2026-08-24 12:58:54 --> Session: Class initialized using 'CodeIgniter\Session\Handlers\FileHandler' driver.
DEBUG - 2026-08-24 12:58:57 --> Session: Class initialized using 'CodeIgniter\Session\Handlers\FileHandler' driver.
DEBUG - 2026-08-24 12:58:59 --> Session: Class initialized using 'CodeIgniter\Session\Handlers\FileHandler' driver.
INFO - 2026-08-24 12:58:59 --> CSRF token verified.
DEBUG - 2026-08-24 12:59:00 --> Session: Class initialized using 'CodeIgniter\Session\Handlers\FileHandler' driver.
DEBUG - 2026-08-24 12:59:00 --> Session: Class initialized using 'CodeIgniter\Session\Handlers\FileHandler' driver.
DEBUG - 2026-08-24 13:00:32 --> Session: Class initialized using 'CodeIgniter\Session\Handlers\FileHandler' driver.
DEBUG - 2026-08-24 13:01:19 --> Session: Class initialized using 'CodeIgniter\Session\Handlers\FileHandler' driver.
DEBUG - 2026-08-24 13:02:14 --> Session: Class initialized using 'CodeIgniter\Session\Handlers\FileHandler' driver.
DEBUG - 2026-08-24 13:02:16 --> Session: Class initialized using 'CodeIgniter\Session\Handlers\FileHandler' driver.
DEBUG - 2026-08-24 13:02:18 --> Session: Class initialized using 'CodeIgniter\Session\Handlers\FileHandler' driver.
DEBUG - 2026-08-24 13:04:07 --> Session: Class initialized using 'CodeIgniter\Session\Handlers\FileHandler' driver.
DEBUG - 2026-08-24 13:04:43 --> Session: Class initialized using 'CodeIgniter\Session\Handlers\FileHandler' driver.
INFO - 2026-08-24 13:04:43 --> CSRF token verified.
DEBUG - 2026-08-24 13:04:43 --> Session: Class initialized using 'CodeIgniter\Session\Handlers\FileHandler' driver.
DEBUG - 2026-08-24 13:05:01 --> Session: Class initialized using 'CodeIgniter\Session\Handlers\FileHandler' driver.
INFO - 2026-08-24 13:05:01 --> CSRF token verified.
DEBUG - 2026-08-24 13:05:01 --> Session: Class initialized using 'CodeIgniter\Session\Handlers\FileHandler' driver.
DEBUG - 2026-08-24 13:05:12 --> Session: Class initialized using 'CodeIgniter\Session\Handlers\FileHandler' driver.
DEBUG - 2026-08-24 13:05:25 --> Session: Class initialized using 'CodeIgniter\Session\Handlers\FileHandler' driver.
INFO - 2026-08-24 13:05:25 --> CSRF token verified.
DEBUG - 2026-08-24 13:05:28 --> Session: Class initialized using 'CodeIgniter\Session\Handlers\FileHandler' driver.
DEBUG - 2026-08-24 13:05:30 --> Session: Class initialized using 'CodeIgniter\Session\Handlers\FileHandler' driver.
ERROR - 2026-08-24 13:06:20 --> MySQL server has gone away
in SYSTEMPATH\Database\MySQLi\Connection.php on line 300.
 1 SYSTEMPATH\Database\MySQLi\Connection.php(300): mysqli->query()
 2 SYSTEMPATH\Database\BaseConnection.php(908): CodeIgniter\Database\MySQLi\Connection->execute()
 3 SYSTEMPATH\Database\BaseConnection.php(825): CodeIgniter\Database\BaseConnection->simpleQuery()
 4 SYSTEMPATH\Database\BaseBuilder.php(1659): CodeIgniter\Database\BaseConnection->query()
 5 SYSTEMPATH\Model.php(297): CodeIgniter\Database\BaseBuilder->get()
 6 SYSTEMPATH\BaseModel.php(714): CodeIgniter\Model->doFirst()
 7 APPPATH\Libraries\EvolutionApiService.php(21): CodeIgniter\BaseModel->first()
 8 APPPATH\Services\JobCenterService.php(458): App\Libraries\EvolutionApiService->getSettings()
 9 APPPATH\Services\JobCenterService.php(226): App\Services\JobCenterService->handleSendProductToGroup()
10 FCPATH\cron-runner.php(75): App\Services\JobCenterService->processPendingQueue()
ERROR - 2026-08-24 13:06:20 --> MySQL server has gone away
in SYSTEMPATH\Database\MySQLi\Connection.php on line 300.
 1 SYSTEMPATH\Database\MySQLi\Connection.php(300): mysqli->query()
 2 SYSTEMPATH\Database\BaseConnection.php(908): CodeIgniter\Database\MySQLi\Connection->execute()
 3 SYSTEMPATH\Database\BaseConnection.php(825): CodeIgniter\Database\BaseConnection->simpleQuery()
 4 SYSTEMPATH\Database\BaseBuilder.php(2531): CodeIgniter\Database\BaseConnection->query()
 5 SYSTEMPATH\Model.php(408): CodeIgniter\Database\BaseBuilder->update()
 6 SYSTEMPATH\BaseModel.php(1074): CodeIgniter\Model->doUpdate()
 7 SYSTEMPATH\Model.php(711): CodeIgniter\BaseModel->update()
 8 APPPATH\Services\JobCenterService.php(252): CodeIgniter\Model->update()
 9 FCPATH\cron-runner.php(75): App\Services\JobCenterService->processPendingQueue()
CRITICAL - 2026-08-24 13:06:20 --> ErrorException: http_response_code(): Cannot set response code - headers already sent (output started at C:\Sistemas\Dias Imports\Dias Importes - Marketing v2\dias_imports_v2\public\cron-runner.php:66)
[Method: GET, Route: cron-runner.php]
in FCPATH\cron-runner.php on line 116.
 1 [internal function]: CodeIgniter\Debug\Exceptions->errorHandler()
 2 FCPATH\cron-runner.php(116): http_response_code()
DEBUG - 2026-08-24 13:06:20 --> Session: Class initialized using 'CodeIgniter\Session\Handlers\FileHandler' driver.
DEBUG - 2026-08-24 13:08:35 --> Session: Class initialized using 'CodeIgniter\Session\Handlers\FileHandler' driver.
DEBUG - 2026-08-24 13:09:56 --> Session: Class initialized using 'CodeIgniter\Session\Handlers\FileHandler' driver.
DEBUG - 2026-08-24 13:11:06 --> Session: Class initialized using 'CodeIgniter\Session\Handlers\FileHandler' driver.
INFO - 2026-08-24 13:11:06 --> CSRF token verified.
DEBUG - 2026-08-24 13:11:09 --> Session: Class initialized using 'CodeIgniter\Session\Handlers\FileHandler' driver.
DEBUG - 2026-08-24 13:11:10 --> Session: Class initialized using 'CodeIgniter\Session\Handlers\FileHandler' driver.
ERROR - 2026-08-24 13:11:57 --> MySQL server has gone away
in SYSTEMPATH\Database\MySQLi\Connection.php on line 300.
 1 SYSTEMPATH\Database\MySQLi\Connection.php(300): mysqli->query()
 2 SYSTEMPATH\Database\BaseConnection.php(908): CodeIgniter\Database\MySQLi\Connection->execute()
 3 SYSTEMPATH\Database\BaseConnection.php(669): CodeIgniter\Database\BaseConnection->simpleQuery()
 4 SYSTEMPATH\Database\BaseConnection.php(660): CodeIgniter\Database\BaseConnection->_ping()
 5 SYSTEMPATH\Database\BaseConnection.php(638): CodeIgniter\Database\BaseConnection->ping()
 6 APPPATH\Services\JobCenterService.php(220): CodeIgniter\Database\BaseConnection->reconnect()
 7 FCPATH\cron-runner.php(75): App\Services\JobCenterService->processPendingQueue()
WARNING - 2026-08-24 13:11:59 --> Falha ao enviar mídia do produto via Evolution API, tentando texto puro: A Evolution API rejeitou os dados enviados.
ERROR - 2026-08-24 13:12:25 --> MySQL server has gone away
in SYSTEMPATH\Database\MySQLi\Connection.php on line 300.
 1 SYSTEMPATH\Database\MySQLi\Connection.php(300): mysqli->query()
 2 SYSTEMPATH\Database\BaseConnection.php(908): CodeIgniter\Database\MySQLi\Connection->execute()
 3 SYSTEMPATH\Database\BaseConnection.php(669): CodeIgniter\Database\BaseConnection->simpleQuery()
 4 SYSTEMPATH\Database\BaseConnection.php(660): CodeIgniter\Database\BaseConnection->_ping()
 5 SYSTEMPATH\Database\BaseConnection.php(638): CodeIgniter\Database\BaseConnection->ping()
 6 APPPATH\Services\JobCenterService.php(220): CodeIgniter\Database\BaseConnection->reconnect()
 7 FCPATH\cron-runner.php(75): App\Services\JobCenterService->processPendingQueue()
WARNING - 2026-08-24 13:12:26 --> Falha ao enviar mídia do produto via Evolution API, tentando texto puro: A Evolution API rejeitou os dados enviados.
DEBUG - 2026-08-24 13:12:27 --> Session: Class initialized using 'CodeIgniter\Session\Handlers\FileHandler' driver.
DEBUG - 2026-08-24 13:13:01 --> Session: Class initialized using 'CodeIgniter\Session\Handlers\FileHandler' driver.
DEBUG - 2026-08-24 13:13:05 --> Session: Class initialized using 'CodeIgniter\Session\Handlers\FileHandler' driver.
INFO - 2026-08-24 13:13:05 --> CSRF token verified.
DEBUG - 2026-08-24 13:13:05 --> Session: Class initialized using 'CodeIgniter\Session\Handlers\FileHandler' driver.
DEBUG - 2026-08-24 13:13:11 --> Session: Class initialized using 'CodeIgniter\Session\Handlers\FileHandler' driver.
INFO - 2026-08-24 13:13:11 --> CSRF token verified.
DEBUG - 2026-08-24 13:13:11 --> Session: Class initialized using 'CodeIgniter\Session\Handlers\FileHandler' driver.
DEBUG - 2026-08-24 13:13:17 --> Session: Class initialized using 'CodeIgniter\Session\Handlers\FileHandler' driver.
DEBUG - 2026-08-24 13:13:21 --> Session: Class initialized using 'CodeIgniter\Session\Handlers\FileHandler' driver.
DEBUG - 2026-08-24 13:13:24 --> Session: Class initialized using 'CodeIgniter\Session\Handlers\FileHandler' driver.
INFO - 2026-08-24 13:13:24 --> CSRF token verified.
DEBUG - 2026-08-24 13:13:25 --> Session: Class initialized using 'CodeIgniter\Session\Handlers\FileHandler' driver.
DEBUG - 2026-08-24 13:13:28 --> Session: Class initialized using 'CodeIgniter\Session\Handlers\FileHandler' driver.
INFO - 2026-08-24 13:13:28 --> CSRF token verified.
DEBUG - 2026-08-24 13:13:28 --> Session: Class initialized using 'CodeIgniter\Session\Handlers\FileHandler' driver.
DEBUG - 2026-08-24 13:13:31 --> Session: Class initialized using 'CodeIgniter\Session\Handlers\FileHandler' driver.
DEBUG - 2026-08-24 13:14:45 --> Session: Class initialized using 'CodeIgniter\Session\Handlers\FileHandler' driver.
INFO - 2026-08-24 13:14:45 --> CSRF token verified.
DEBUG - 2026-08-24 13:14:47 --> Session: Class initialized using 'CodeIgniter\Session\Handlers\FileHandler' driver.
DEBUG - 2026-08-24 13:14:49 --> Session: Class initialized using 'CodeIgniter\Session\Handlers\FileHandler' driver.
INFO - 2026-08-24 13:14:49 --> CSRF token verified.
DEBUG - 2026-08-24 13:14:51 --> Session: Class initialized using 'CodeIgniter\Session\Handlers\FileHandler' driver.
DEBUG - 2026-08-24 13:14:55 --> Session: Class initialized using 'CodeIgniter\Session\Handlers\FileHandler' driver.
DEBUG - 2026-08-24 13:15:09 --> Session: Class initialized using 'CodeIgniter\Session\Handlers\FileHandler' driver.
INFO - 2026-08-24 13:15:09 --> CSRF token verified.
DEBUG - 2026-08-24 13:15:09 --> Session: Class initialized using 'CodeIgniter\Session\Handlers\FileHandler' driver.
ERROR - 2026-08-24 13:15:49 --> MySQL server has gone away
in SYSTEMPATH\Database\MySQLi\Connection.php on line 300.
 1 SYSTEMPATH\Database\MySQLi\Connection.php(300): mysqli->query()
 2 SYSTEMPATH\Database\BaseConnection.php(908): CodeIgniter\Database\MySQLi\Connection->execute()
 3 SYSTEMPATH\Database\BaseConnection.php(669): CodeIgniter\Database\BaseConnection->simpleQuery()
 4 SYSTEMPATH\Database\BaseConnection.php(660): CodeIgniter\Database\BaseConnection->_ping()
 5 SYSTEMPATH\Database\BaseConnection.php(638): CodeIgniter\Database\BaseConnection->ping()
 6 APPPATH\Services\JobCenterService.php(220): CodeIgniter\Database\BaseConnection->reconnect()
 7 FCPATH\cron-runner.php(79): App\Services\JobCenterService->processPendingQueue()
ERROR - 2026-08-24 13:15:59 --> Evolution API transport failed: timeout (CodeIgniter\HTTP\Exceptions\HTTPException)
WARNING - 2026-08-24 13:16:00 --> Falha ao enviar mídia do produto via Evolution API, tentando texto puro: A Evolution API rejeitou os dados enviados.
ERROR - 2026-08-24 13:16:45 --> MySQL server has gone away
in SYSTEMPATH\Database\MySQLi\Connection.php on line 300.
 1 SYSTEMPATH\Database\MySQLi\Connection.php(300): mysqli->query()
 2 SYSTEMPATH\Database\BaseConnection.php(908): CodeIgniter\Database\MySQLi\Connection->execute()
 3 SYSTEMPATH\Database\BaseConnection.php(669): CodeIgniter\Database\BaseConnection->simpleQuery()
 4 SYSTEMPATH\Database\BaseConnection.php(660): CodeIgniter\Database\BaseConnection->_ping()
 5 SYSTEMPATH\Database\BaseConnection.php(638): CodeIgniter\Database\BaseConnection->ping()
 6 APPPATH\Services\JobCenterService.php(220): CodeIgniter\Database\BaseConnection->reconnect()
 7 FCPATH\cron-runner.php(79): App\Services\JobCenterService->processPendingQueue()
ERROR - 2026-08-24 13:16:56 --> Evolution API transport failed: timeout (CodeIgniter\HTTP\Exceptions\HTTPException)
WARNING - 2026-08-24 13:16:56 --> Falha ao enviar mídia do produto via Evolution API, tentando texto puro: A Evolution API não respondeu a tempo (timeout). Verifique servidor, proxy e firewall.
DEBUG - 2026-08-24 13:17:04 --> Session: Class initialized using 'CodeIgniter\Session\Handlers\FileHandler' driver.
DEBUG - 2026-08-24 13:17:04 --> Session: Class initialized using 'CodeIgniter\Session\Handlers\FileHandler' driver.
DEBUG - 2026-08-24 13:17:48 --> Session: Class initialized using 'CodeIgniter\Session\Handlers\FileHandler' driver.
DEBUG - 2026-08-24 13:17:50 --> Session: Class initialized using 'CodeIgniter\Session\Handlers\FileHandler' driver.
DEBUG - 2026-08-24 13:18:09 --> Session: Class initialized using 'CodeIgniter\Session\Handlers\FileHandler' driver.
DEBUG - 2026-08-24 13:18:13 --> Session: Class initialized using 'CodeIgniter\Session\Handlers\FileHandler' driver.
INFO - 2026-08-24 13:18:13 --> CSRF token verified.
DEBUG - 2026-08-24 13:18:16 --> Session: Class initialized using 'CodeIgniter\Session\Handlers\FileHandler' driver.
ERROR - 2026-08-24 13:18:48 --> MySQL server has gone away
in SYSTEMPATH\Database\MySQLi\Connection.php on line 300.
 1 SYSTEMPATH\Database\MySQLi\Connection.php(300): mysqli->query()
 2 SYSTEMPATH\Database\BaseConnection.php(908): CodeIgniter\Database\MySQLi\Connection->execute()
 3 SYSTEMPATH\Database\BaseConnection.php(669): CodeIgniter\Database\BaseConnection->simpleQuery()
 4 SYSTEMPATH\Database\BaseConnection.php(660): CodeIgniter\Database\BaseConnection->_ping()
 5 SYSTEMPATH\Database\BaseConnection.php(638): CodeIgniter\Database\BaseConnection->ping()
 6 APPPATH\Services\JobCenterService.php(220): CodeIgniter\Database\BaseConnection->reconnect()
 7 FCPATH\cron-runner.php(79): App\Services\JobCenterService->processPendingQueue()
ERROR - 2026-08-24 13:18:58 --> Evolution API transport failed: timeout (CodeIgniter\HTTP\Exceptions\HTTPException)
WARNING - 2026-08-24 13:18:58 --> Falha ao enviar mídia do produto via Evolution API, tentando texto puro: A Evolution API rejeitou os dados enviados.
DEBUG - 2026-08-24 13:20:18 --> Session: Class initialized using 'CodeIgniter\Session\Handlers\FileHandler' driver.
DEBUG - 2026-08-24 13:20:23 --> Session: Class initialized using 'CodeIgniter\Session\Handlers\FileHandler' driver.
INFO - 2026-08-24 13:20:23 --> CSRF token verified.
DEBUG - 2026-08-24 13:20:26 --> Session: Class initialized using 'CodeIgniter\Session\Handlers\FileHandler' driver.
ERROR - 2026-08-24 13:20:51 --> MySQL server has gone away
in SYSTEMPATH\Database\MySQLi\Connection.php on line 300.
 1 SYSTEMPATH\Database\MySQLi\Connection.php(300): mysqli->query()
 2 SYSTEMPATH\Database\BaseConnection.php(908): CodeIgniter\Database\MySQLi\Connection->execute()
 3 SYSTEMPATH\Database\BaseConnection.php(669): CodeIgniter\Database\BaseConnection->simpleQuery()
 4 SYSTEMPATH\Database\BaseConnection.php(660): CodeIgniter\Database\BaseConnection->_ping()
 5 SYSTEMPATH\Database\BaseConnection.php(638): CodeIgniter\Database\BaseConnection->ping()
 6 APPPATH\Services\JobCenterService.php(220): CodeIgniter\Database\BaseConnection->reconnect()
 7 FCPATH\cron-runner.php(79): App\Services\JobCenterService->processPendingQueue()
WARNING - 2026-08-24 13:20:53 --> Falha ao enviar mídia do produto via Evolution API, tentando texto puro: A Evolution API rejeitou os dados enviados.
ERROR - 2026-08-24 13:21:03 --> Evolution API transport failed: timeout (CodeIgniter\HTTP\Exceptions\HTTPException)
DEBUG - 2026-08-24 13:21:27 --> Session: Class initialized using 'CodeIgniter\Session\Handlers\FileHandler' driver.
DEBUG - 2026-08-24 13:21:36 --> Session: Class initialized using 'CodeIgniter\Session\Handlers\FileHandler' driver.
INFO - 2026-08-24 13:21:36 --> CSRF token verified.
DEBUG - 2026-08-24 13:21:36 --> Session: Class initialized using 'CodeIgniter\Session\Handlers\FileHandler' driver.
DEBUG - 2026-08-24 13:22:06 --> Session: Class initialized using 'CodeIgniter\Session\Handlers\FileHandler' driver.
