DEBUG - 2026-08-23 07:02:52 --> Session: Class initialized using 'CodeIgniter\Session\Handlers\FileHandler' driver.
DEBUG - 2026-08-23 07:02:52 --> Session: Class initialized using 'CodeIgniter\Session\Handlers\FileHandler' driver.
INFO - 2026-08-23 07:03:00 --> CSRF token verified.
DEBUG - 2026-08-23 07:03:02 --> Session: Class initialized using 'CodeIgniter\Session\Handlers\FileHandler' driver.
DEBUG - 2026-08-23 07:03:02 --> Session: Class initialized using 'CodeIgniter\Session\Handlers\FileHandler' driver.
DEBUG - 2026-08-23 07:03:03 --> Session: Class initialized using 'CodeIgniter\Session\Handlers\FileHandler' driver.
DEBUG - 2026-08-23 07:03:06 --> Session: Class initialized using 'CodeIgniter\Session\Handlers\FileHandler' driver.
DEBUG - 2026-08-23 07:03:07 --> Session: Class initialized using 'CodeIgniter\Session\Handlers\FileHandler' driver.
DEBUG - 2026-08-23 07:03:37 --> Session: Class initialized using 'CodeIgniter\Session\Handlers\FileHandler' driver.
DEBUG - 2026-08-23 07:04:07 --> Session: Class initialized using 'CodeIgniter\Session\Handlers\FileHandler' driver.
DEBUG - 2026-08-23 07:04:19 --> Session: Class initialized using 'CodeIgniter\Session\Handlers\FileHandler' driver.
DEBUG - 2026-08-23 07:04:21 --> Session: Class initialized using 'CodeIgniter\Session\Handlers\FileHandler' driver.
DEBUG - 2026-08-23 07:04:51 --> Session: Class initialized using 'CodeIgniter\Session\Handlers\FileHandler' driver.
DEBUG - 2026-08-23 07:05:21 --> Session: Class initialized using 'CodeIgniter\Session\Handlers\FileHandler' driver.
DEBUG - 2026-08-23 07:05:51 --> Session: Class initialized using 'CodeIgniter\Session\Handlers\FileHandler' driver.
DEBUG - 2026-08-23 07:06:21 --> Session: Class initialized using 'CodeIgniter\Session\Handlers\FileHandler' driver.
DEBUG - 2026-08-23 07:06:51 --> Session: Class initialized using 'CodeIgniter\Session\Handlers\FileHandler' driver.
DEBUG - 2026-08-23 07:07:21 --> Session: Class initialized using 'CodeIgniter\Session\Handlers\FileHandler' driver.
DEBUG - 2026-08-23 07:07:51 --> Session: Class initialized using 'CodeIgniter\Session\Handlers\FileHandler' driver.
DEBUG - 2026-08-23 07:08:21 --> Session: Class initialized using 'CodeIgniter\Session\Handlers\FileHandler' driver.
INFO - 2026-08-23 07:08:21 --> CSRF token verified.
DEBUG - 2026-08-23 07:08:21 --> Session: Class initialized using 'CodeIgniter\Session\Handlers\FileHandler' driver.
DEBUG - 2026-08-23 07:08:24 --> Session: Class initialized using 'CodeIgniter\Session\Handlers\FileHandler' driver.
INFO - 2026-08-23 07:08:32 --> CSRF token verified.
DEBUG - 2026-08-23 07:08:33 --> Session: Class initialized using 'CodeIgniter\Session\Handlers\FileHandler' driver.
DEBUG - 2026-08-23 07:08:33 --> Session: Class initialized using 'CodeIgniter\Session\Handlers\FileHandler' driver.
DEBUG - 2026-08-23 07:08:34 --> Session: Class initialized using 'CodeIgniter\Session\Handlers\FileHandler' driver.
DEBUG - 2026-08-23 07:08:48 --> Session: Class initialized using 'CodeIgniter\Session\Handlers\FileHandler' driver.
DEBUG - 2026-08-23 07:08:49 --> Session: Class initialized using 'CodeIgniter\Session\Handlers\FileHandler' driver.
DEBUG - 2026-08-23 07:09:19 --> Session: Class initialized using 'CodeIgniter\Session\Handlers\FileHandler' driver.
DEBUG - 2026-08-23 07:09:49 --> Session: Class initialized using 'CodeIgniter\Session\Handlers\FileHandler' driver.
DEBUG - 2026-08-23 07:10:19 --> Session: Class initialized using 'CodeIgniter\Session\Handlers\FileHandler' driver.
DEBUG - 2026-08-23 07:10:43 --> Session: Class initialized using 'CodeIgniter\Session\Handlers\FileHandler' driver.
DEBUG - 2026-08-23 07:10:44 --> Session: Class initialized using 'CodeIgniter\Session\Handlers\FileHandler' driver.
DEBUG - 2026-08-23 07:10:45 --> Session: Class initialized using 'CodeIgniter\Session\Handlers\FileHandler' driver.
DEBUG - 2026-08-23 07:10:48 --> Session: Class initialized using 'CodeIgniter\Session\Handlers\FileHandler' driver.
DEBUG - 2026-08-23 07:10:49 --> Session: Class initialized using 'CodeIgniter\Session\Handlers\FileHandler' driver.
DEBUG - 2026-08-23 07:10:51 --> Session: Class initialized using 'CodeIgniter\Session\Handlers\FileHandler' driver.
DEBUG - 2026-08-23 07:10:52 --> Session: Class initialized using 'CodeIgniter\Session\Handlers\FileHandler' driver.
DEBUG - 2026-08-23 07:10:55 --> Session: Class initialized using 'CodeIgniter\Session\Handlers\FileHandler' driver.
DEBUG - 2026-08-23 07:10:56 --> Session: Class initialized using 'CodeIgniter\Session\Handlers\FileHandler' driver.
DEBUG - 2026-08-23 07:11:06 --> Session: Class initialized using 'CodeIgniter\Session\Handlers\FileHandler' driver.
DEBUG - 2026-08-23 07:11:18 --> Session: Class initialized using 'CodeIgniter\Session\Handlers\FileHandler' driver.
DEBUG - 2026-08-23 07:11:26 --> Session: Class initialized using 'CodeIgniter\Session\Handlers\FileHandler' driver.
DEBUG - 2026-08-23 07:11:29 --> Session: Class initialized using 'CodeIgniter\Session\Handlers\FileHandler' driver.
DEBUG - 2026-08-23 07:11:41 --> Session: Class initialized using 'CodeIgniter\Session\Handlers\FileHandler' driver.
DEBUG - 2026-08-23 07:11:52 --> Session: Class initialized using 'CodeIgniter\Session\Handlers\FileHandler' driver.
DEBUG - 2026-08-23 07:11:56 --> Session: Class initialized using 'CodeIgniter\Session\Handlers\FileHandler' driver.
DEBUG - 2026-08-23 07:12:03 --> Session: Class initialized using 'CodeIgniter\Session\Handlers\FileHandler' driver.
DEBUG - 2026-08-23 07:12:14 --> Session: Class initialized using 'CodeIgniter\Session\Handlers\FileHandler' driver.
DEBUG - 2026-08-23 07:12:26 --> Session: Class initialized using 'CodeIgniter\Session\Handlers\FileHandler' driver.
DEBUG - 2026-08-23 07:12:27 --> Session: Class initialized using 'CodeIgniter\Session\Handlers\FileHandler' driver.
DEBUG - 2026-08-23 07:12:37 --> Session: Class initialized using 'CodeIgniter\Session\Handlers\FileHandler' driver.
DEBUG - 2026-08-23 07:12:48 --> Session: Class initialized using 'CodeIgniter\Session\Handlers\FileHandler' driver.
DEBUG - 2026-08-23 07:12:56 --> Session: Class initialized using 'CodeIgniter\Session\Handlers\FileHandler' driver.
DEBUG - 2026-08-23 07:13:00 --> Session: Class initialized using 'CodeIgniter\Session\Handlers\FileHandler' driver.
DEBUG - 2026-08-23 07:13:27 --> Session: Class initialized using 'CodeIgniter\Session\Handlers\FileHandler' driver.
DEBUG - 2026-08-23 07:13:57 --> Session: Class initialized using 'CodeIgniter\Session\Handlers\FileHandler' driver.
DEBUG - 2026-08-23 07:14:18 --> Session: Class initialized using 'CodeIgniter\Session\Handlers\FileHandler' driver.
DEBUG - 2026-08-23 07:15:18 --> Session: Class initialized using 'CodeIgniter\Session\Handlers\FileHandler' driver.
DEBUG - 2026-08-23 07:16:18 --> Session: Class initialized using 'CodeIgniter\Session\Handlers\FileHandler' driver.
DEBUG - 2026-08-23 07:17:18 --> Session: Class initialized using 'CodeIgniter\Session\Handlers\FileHandler' driver.
DEBUG - 2026-08-23 07:18:18 --> Session: Class initialized using 'CodeIgniter\Session\Handlers\FileHandler' driver.
DEBUG - 2026-08-23 07:19:18 --> Session: Class initialized using 'CodeIgniter\Session\Handlers\FileHandler' driver.
DEBUG - 2026-08-23 07:20:18 --> Session: Class initialized using 'CodeIgniter\Session\Handlers\FileHandler' driver.
DEBUG - 2026-08-23 07:21:18 --> Session: Class initialized using 'CodeIgniter\Session\Handlers\FileHandler' driver.
DEBUG - 2026-08-23 07:21:42 --> Session: Class initialized using 'CodeIgniter\Session\Handlers\FileHandler' driver.
DEBUG - 2026-08-23 07:21:45 --> Session: Class initialized using 'CodeIgniter\Session\Handlers\FileHandler' driver.
DEBUG - 2026-08-23 07:21:46 --> Session: Class initialized using 'CodeIgniter\Session\Handlers\FileHandler' driver.
DEBUG - 2026-08-23 07:21:48 --> Session: Class initialized using 'CodeIgniter\Session\Handlers\FileHandler' driver.
INFO - 2026-08-23 07:21:48 --> CSRF token verified.
ERROR - 2026-08-23 07:22:01 --> Error connecting to the database: mysqli_sql_exception: Uma tentativa de conexão falhou porque o componente conectado não respondeu
corretamente após um período de tempo ou a conexão estabelecida falhou
porque o host conectado não respondeu in C:\Sistemas\Dias Imports\Dias Importes - Marketing v2\dias_imports_v2\system\Database\MySQLi\Connection.php:201
Stack trace:
#0 C:\Sistemas\Dias Imports\Dias Importes - Marketing v2\dias_imports_v2\system\Database\MySQLi\Connection.php(201): mysqli->real_connect()
#1 C:\Sistemas\Dias Imports\Dias Importes - Marketing v2\dias_imports_v2\system\Database\BaseConnection.php(555): CodeIgniter\Database\MySQLi\Connection->connect()
#2 C:\Sistemas\Dias Imports\Dias Importes - Marketing v2\dias_imports_v2\system\Database\BaseConnection.php(795): CodeIgniter\Database\BaseConnection->initialize()
#3 C:\Sistemas\Dias Imports\Dias Importes - Marketing v2\dias_imports_v2\system\Database\BaseBuilder.php(1659): CodeIgniter\Database\BaseConnection->query()
#4 C:\Sistemas\Dias Imports\Dias Importes - Marketing v2\dias_imports_v2\app\Models\SystemJobQueueModel.php(38): CodeIgniter\Database\BaseBuilder->get()
#5 C:\Sistemas\Dias Imports\Dias Importes - Marketing v2\dias_imports_v2\app\Controllers\JobCenter.php(27): App\Models\SystemJobQueueModel->getQueueStats()
#6 C:\Sistemas\Dias Imports\Dias Importes - Marketing v2\dias_imports_v2\system\CodeIgniter.php(974): App\Controllers\JobCenter->index()
#7 C:\Sistemas\Dias Imports\Dias Importes - Marketing v2\dias_imports_v2\system\CodeIgniter.php(520): CodeIgniter\CodeIgniter->runController()
#8 C:\Sistemas\Dias Imports\Dias Importes - Marketing v2\dias_imports_v2\system\CodeIgniter.php(363): CodeIgniter\CodeIgniter->handleRequest()
#9 C:\Sistemas\Dias Imports\Dias Importes - Marketing v2\dias_imports_v2\system\Boot.php(417): CodeIgniter\CodeIgniter->run()
#10 C:\Sistemas\Dias Imports\Dias Importes - Marketing v2\dias_imports_v2\system\Boot.php(68): CodeIgniter\Boot::runCodeIgniter()
#11 C:\Sistemas\Dias Imports\Dias Importes - Marketing v2\dias_imports_v2\public\index.php(59): CodeIgniter\Boot::bootWeb()
#12 C:\Sistemas\Dias Imports\Dias Importes - Marketing v2\dias_imports_v2\system\rewrite.php(44): require_once('...')
#13 {main}

Next CodeIgniter\Database\Exceptions\DatabaseException: Uma tentativa de conexão falhou porque o componente conectado não respondeu
corretamente após um período de tempo ou a conexão estabelecida falhou
porque o host conectado não respondeu in C:\Sistemas\Dias Imports\Dias Importes - Marketing v2\dias_imports_v2\system\Database\MySQLi\Connection.php:231
Stack trace:
#0 C:\Sistemas\Dias Imports\Dias Importes - Marketing v2\dias_imports_v2\system\Database\BaseConnection.php(555): CodeIgniter\Database\MySQLi\Connection->connect()
#1 C:\Sistemas\Dias Imports\Dias Importes - Marketing v2\dias_imports_v2\system\Database\BaseConnection.php(795): CodeIgniter\Database\BaseConnection->initialize()
#2 C:\Sistemas\Dias Imports\Dias Importes - Marketing v2\dias_imports_v2\system\Database\BaseBuilder.php(1659): CodeIgniter\Database\BaseConnection->query()
#3 C:\Sistemas\Dias Imports\Dias Importes - Marketing v2\dias_imports_v2\app\Models\SystemJobQueueModel.php(38): CodeIgniter\Database\BaseBuilder->get()
#4 C:\Sistemas\Dias Imports\Dias Importes - Marketing v2\dias_imports_v2\app\Controllers\JobCenter.php(27): App\Models\SystemJobQueueModel->getQueueStats()
#5 C:\Sistemas\Dias Imports\Dias Importes - Marketing v2\dias_imports_v2\system\CodeIgniter.php(974): App\Controllers\JobCenter->index()
#6 C:\Sistemas\Dias Imports\Dias Importes - Marketing v2\dias_imports_v2\system\CodeIgniter.php(520): CodeIgniter\CodeIgniter->runController()
#7 C:\Sistemas\Dias Imports\Dias Importes - Marketing v2\dias_imports_v2\system\CodeIgniter.php(363): CodeIgniter\CodeIgniter->handleRequest()
#8 C:\Sistemas\Dias Imports\Dias Importes - Marketing v2\dias_imports_v2\system\Boot.php(417): CodeIgniter\CodeIgniter->run()
#9 C:\Sistemas\Dias Imports\Dias Importes - Marketing v2\dias_imports_v2\system\Boot.php(68): CodeIgniter\Boot::runCodeIgniter()
#10 C:\Sistemas\Dias Imports\Dias Importes - Marketing v2\dias_imports_v2\public\index.php(59): CodeIgniter\Boot::bootWeb()
#11 C:\Sistemas\Dias Imports\Dias Importes - Marketing v2\dias_imports_v2\system\rewrite.php(44): require_once('...')
#12 {main}
CRITICAL - 2026-08-23 07:22:01 --> CodeIgniter\Database\Exceptions\DatabaseException: Unable to connect to the database.
Main connection [MySQLi]: Uma tentativa de conexão falhou porque o componente conectado não respondeu
corretamente após um período de tempo ou a conexão estabelecida falhou
porque o host conectado não respondeu
[Method: GET, Route: central-trabalho]
in SYSTEMPATH\Database\BaseConnection.php on line 606.
 1 SYSTEMPATH\Database\BaseConnection.php(795): CodeIgniter\Database\BaseConnection->initialize()
 2 SYSTEMPATH\Database\BaseBuilder.php(1659): CodeIgniter\Database\BaseConnection->query()
 3 APPPATH\Models\SystemJobQueueModel.php(38): CodeIgniter\Database\BaseBuilder->get()
 4 APPPATH\Controllers\JobCenter.php(27): App\Models\SystemJobQueueModel->getQueueStats()
 5 SYSTEMPATH\CodeIgniter.php(974): App\Controllers\JobCenter->index()
 6 SYSTEMPATH\CodeIgniter.php(520): CodeIgniter\CodeIgniter->runController()
 7 SYSTEMPATH\CodeIgniter.php(363): CodeIgniter\CodeIgniter->handleRequest()
 8 SYSTEMPATH\Boot.php(417): CodeIgniter\CodeIgniter->run()
 9 SYSTEMPATH\Boot.php(68): CodeIgniter\Boot::runCodeIgniter()
10 FCPATH\index.php(59): CodeIgniter\Boot::bootWeb()
11 SYSTEMPATH\rewrite.php(44): require_once('C:\\Sistemas\\Dias Imports\\Dias Importes - Marketing v2\\dias_imports_v2\\public\\index.php')
ERROR - 2026-08-23 07:22:11 --> Error connecting to the database: mysqli_sql_exception: Uma tentativa de conexão falhou porque o componente conectado não respondeu
corretamente após um período de tempo ou a conexão estabelecida falhou
porque o host conectado não respondeu in C:\Sistemas\Dias Imports\Dias Importes - Marketing v2\dias_imports_v2\system\Database\MySQLi\Connection.php:201
Stack trace:
#0 C:\Sistemas\Dias Imports\Dias Importes - Marketing v2\dias_imports_v2\system\Database\MySQLi\Connection.php(201): mysqli->real_connect()
#1 C:\Sistemas\Dias Imports\Dias Importes - Marketing v2\dias_imports_v2\system\Database\BaseConnection.php(555): CodeIgniter\Database\MySQLi\Connection->connect()
#2 C:\Sistemas\Dias Imports\Dias Importes - Marketing v2\dias_imports_v2\system\Database\BaseConnection.php(795): CodeIgniter\Database\BaseConnection->initialize()
#3 C:\Sistemas\Dias Imports\Dias Importes - Marketing v2\dias_imports_v2\system\Database\BaseBuilder.php(1659): CodeIgniter\Database\BaseConnection->query()
#4 C:\Sistemas\Dias Imports\Dias Importes - Marketing v2\dias_imports_v2\app\Models\SystemJobQueueModel.php(38): CodeIgniter\Database\BaseBuilder->get()
#5 C:\Sistemas\Dias Imports\Dias Importes - Marketing v2\dias_imports_v2\app\Controllers\JobCenter.php(27): App\Models\SystemJobQueueModel->getQueueStats()
#6 C:\Sistemas\Dias Imports\Dias Importes - Marketing v2\dias_imports_v2\system\CodeIgniter.php(974): App\Controllers\JobCenter->index()
#7 C:\Sistemas\Dias Imports\Dias Importes - Marketing v2\dias_imports_v2\system\CodeIgniter.php(520): CodeIgniter\CodeIgniter->runController()
#8 C:\Sistemas\Dias Imports\Dias Importes - Marketing v2\dias_imports_v2\system\CodeIgniter.php(363): CodeIgniter\CodeIgniter->handleRequest()
#9 C:\Sistemas\Dias Imports\Dias Importes - Marketing v2\dias_imports_v2\system\Boot.php(417): CodeIgniter\CodeIgniter->run()
#10 C:\Sistemas\Dias Imports\Dias Importes - Marketing v2\dias_imports_v2\system\Boot.php(68): CodeIgniter\Boot::runCodeIgniter()
#11 C:\Sistemas\Dias Imports\Dias Importes - Marketing v2\dias_imports_v2\public\index.php(59): CodeIgniter\Boot::bootWeb()
#12 C:\Sistemas\Dias Imports\Dias Importes - Marketing v2\dias_imports_v2\system\rewrite.php(44): require_once('...')
#13 {main}

Next CodeIgniter\Database\Exceptions\DatabaseException: Uma tentativa de conexão falhou porque o componente conectado não respondeu
corretamente após um período de tempo ou a conexão estabelecida falhou
porque o host conectado não respondeu in C:\Sistemas\Dias Imports\Dias Importes - Marketing v2\dias_imports_v2\system\Database\MySQLi\Connection.php:231
Stack trace:
#0 C:\Sistemas\Dias Imports\Dias Importes - Marketing v2\dias_imports_v2\system\Database\BaseConnection.php(555): CodeIgniter\Database\MySQLi\Connection->connect()
#1 C:\Sistemas\Dias Imports\Dias Importes - Marketing v2\dias_imports_v2\system\Database\BaseConnection.php(795): CodeIgniter\Database\BaseConnection->initialize()
#2 C:\Sistemas\Dias Imports\Dias Importes - Marketing v2\dias_imports_v2\system\Database\BaseBuilder.php(1659): CodeIgniter\Database\BaseConnection->query()
#3 C:\Sistemas\Dias Imports\Dias Importes - Marketing v2\dias_imports_v2\app\Models\SystemJobQueueModel.php(38): CodeIgniter\Database\BaseBuilder->get()
#4 C:\Sistemas\Dias Imports\Dias Importes - Marketing v2\dias_imports_v2\app\Controllers\JobCenter.php(27): App\Models\SystemJobQueueModel->getQueueStats()
#5 C:\Sistemas\Dias Imports\Dias Importes - Marketing v2\dias_imports_v2\system\CodeIgniter.php(974): App\Controllers\JobCenter->index()
#6 C:\Sistemas\Dias Imports\Dias Importes - Marketing v2\dias_imports_v2\system\CodeIgniter.php(520): CodeIgniter\CodeIgniter->runController()
#7 C:\Sistemas\Dias Imports\Dias Importes - Marketing v2\dias_imports_v2\system\CodeIgniter.php(363): CodeIgniter\CodeIgniter->handleRequest()
#8 C:\Sistemas\Dias Imports\Dias Importes - Marketing v2\dias_imports_v2\system\Boot.php(417): CodeIgniter\CodeIgniter->run()
#9 C:\Sistemas\Dias Imports\Dias Importes - Marketing v2\dias_imports_v2\system\Boot.php(68): CodeIgniter\Boot::runCodeIgniter()
#10 C:\Sistemas\Dias Imports\Dias Importes - Marketing v2\dias_imports_v2\public\index.php(59): CodeIgniter\Boot::bootWeb()
#11 C:\Sistemas\Dias Imports\Dias Importes - Marketing v2\dias_imports_v2\system\rewrite.php(44): require_once('...')
#12 {main}
CRITICAL - 2026-08-23 07:22:11 --> CodeIgniter\Database\Exceptions\DatabaseException: Unable to connect to the database.
Main connection [MySQLi]: Uma tentativa de conexão falhou porque o componente conectado não respondeu
corretamente após um período de tempo ou a conexão estabelecida falhou
porque o host conectado não respondeu
[Method: GET, Route: central-trabalho]
in SYSTEMPATH\Database\BaseConnection.php on line 606.
 1 SYSTEMPATH\Database\BaseConnection.php(795): CodeIgniter\Database\BaseConnection->initialize()
 2 SYSTEMPATH\Database\BaseBuilder.php(1659): CodeIgniter\Database\BaseConnection->query()
 3 APPPATH\Models\SystemJobQueueModel.php(38): CodeIgniter\Database\BaseBuilder->get()
 4 APPPATH\Controllers\JobCenter.php(27): App\Models\SystemJobQueueModel->getQueueStats()
 5 SYSTEMPATH\CodeIgniter.php(974): App\Controllers\JobCenter->index()
 6 SYSTEMPATH\CodeIgniter.php(520): CodeIgniter\CodeIgniter->runController()
 7 SYSTEMPATH\CodeIgniter.php(363): CodeIgniter\CodeIgniter->handleRequest()
 8 SYSTEMPATH\Boot.php(417): CodeIgniter\CodeIgniter->run()
 9 SYSTEMPATH\Boot.php(68): CodeIgniter\Boot::runCodeIgniter()
10 FCPATH\index.php(59): CodeIgniter\Boot::bootWeb()
11 SYSTEMPATH\rewrite.php(44): require_once('C:\\Sistemas\\Dias Imports\\Dias Importes - Marketing v2\\dias_imports_v2\\public\\index.php')
ERROR - 2026-08-23 07:22:25 --> Error connecting to the database: mysqli_sql_exception: Uma tentativa de conexão falhou porque o componente conectado não respondeu
corretamente após um período de tempo ou a conexão estabelecida falhou
porque o host conectado não respondeu in C:\Sistemas\Dias Imports\Dias Importes - Marketing v2\dias_imports_v2\system\Database\MySQLi\Connection.php:201
Stack trace:
#0 C:\Sistemas\Dias Imports\Dias Importes - Marketing v2\dias_imports_v2\system\Database\MySQLi\Connection.php(201): mysqli->real_connect()
#1 C:\Sistemas\Dias Imports\Dias Importes - Marketing v2\dias_imports_v2\system\Database\BaseConnection.php(555): CodeIgniter\Database\MySQLi\Connection->connect()
#2 C:\Sistemas\Dias Imports\Dias Importes - Marketing v2\dias_imports_v2\system\Database\BaseConnection.php(795): CodeIgniter\Database\BaseConnection->initialize()
#3 C:\Sistemas\Dias Imports\Dias Importes - Marketing v2\dias_imports_v2\system\Database\BaseBuilder.php(1659): CodeIgniter\Database\BaseConnection->query()
#4 C:\Sistemas\Dias Imports\Dias Importes - Marketing v2\dias_imports_v2\app\Models\SystemJobQueueModel.php(38): CodeIgniter\Database\BaseBuilder->get()
#5 C:\Sistemas\Dias Imports\Dias Importes - Marketing v2\dias_imports_v2\app\Controllers\JobCenter.php(27): App\Models\SystemJobQueueModel->getQueueStats()
#6 C:\Sistemas\Dias Imports\Dias Importes - Marketing v2\dias_imports_v2\system\CodeIgniter.php(974): App\Controllers\JobCenter->index()
#7 C:\Sistemas\Dias Imports\Dias Importes - Marketing v2\dias_imports_v2\system\CodeIgniter.php(520): CodeIgniter\CodeIgniter->runController()
#8 C:\Sistemas\Dias Imports\Dias Importes - Marketing v2\dias_imports_v2\system\CodeIgniter.php(363): CodeIgniter\CodeIgniter->handleRequest()
#9 C:\Sistemas\Dias Imports\Dias Importes - Marketing v2\dias_imports_v2\system\Boot.php(417): CodeIgniter\CodeIgniter->run()
#10 C:\Sistemas\Dias Imports\Dias Importes - Marketing v2\dias_imports_v2\system\Boot.php(68): CodeIgniter\Boot::runCodeIgniter()
#11 C:\Sistemas\Dias Imports\Dias Importes - Marketing v2\dias_imports_v2\public\index.php(59): CodeIgniter\Boot::bootWeb()
#12 C:\Sistemas\Dias Imports\Dias Importes - Marketing v2\dias_imports_v2\system\rewrite.php(44): require_once('...')
#13 {main}

Next CodeIgniter\Database\Exceptions\DatabaseException: Uma tentativa de conexão falhou porque o componente conectado não respondeu
corretamente após um período de tempo ou a conexão estabelecida falhou
porque o host conectado não respondeu in C:\Sistemas\Dias Imports\Dias Importes - Marketing v2\dias_imports_v2\system\Database\MySQLi\Connection.php:231
Stack trace:
#0 C:\Sistemas\Dias Imports\Dias Importes - Marketing v2\dias_imports_v2\system\Database\BaseConnection.php(555): CodeIgniter\Database\MySQLi\Connection->connect()
#1 C:\Sistemas\Dias Imports\Dias Importes - Marketing v2\dias_imports_v2\system\Database\BaseConnection.php(795): CodeIgniter\Database\BaseConnection->initialize()
#2 C:\Sistemas\Dias Imports\Dias Importes - Marketing v2\dias_imports_v2\system\Database\BaseBuilder.php(1659): CodeIgniter\Database\BaseConnection->query()
#3 C:\Sistemas\Dias Imports\Dias Importes - Marketing v2\dias_imports_v2\app\Models\SystemJobQueueModel.php(38): CodeIgniter\Database\BaseBuilder->get()
#4 C:\Sistemas\Dias Imports\Dias Importes - Marketing v2\dias_imports_v2\app\Controllers\JobCenter.php(27): App\Models\SystemJobQueueModel->getQueueStats()
#5 C:\Sistemas\Dias Imports\Dias Importes - Marketing v2\dias_imports_v2\system\CodeIgniter.php(974): App\Controllers\JobCenter->index()
#6 C:\Sistemas\Dias Imports\Dias Importes - Marketing v2\dias_imports_v2\system\CodeIgniter.php(520): CodeIgniter\CodeIgniter->runController()
#7 C:\Sistemas\Dias Imports\Dias Importes - Marketing v2\dias_imports_v2\system\CodeIgniter.php(363): CodeIgniter\CodeIgniter->handleRequest()
#8 C:\Sistemas\Dias Imports\Dias Importes - Marketing v2\dias_imports_v2\system\Boot.php(417): CodeIgniter\CodeIgniter->run()
#9 C:\Sistemas\Dias Imports\Dias Importes - Marketing v2\dias_imports_v2\system\Boot.php(68): CodeIgniter\Boot::runCodeIgniter()
#10 C:\Sistemas\Dias Imports\Dias Importes - Marketing v2\dias_imports_v2\public\index.php(59): CodeIgniter\Boot::bootWeb()
#11 C:\Sistemas\Dias Imports\Dias Importes - Marketing v2\dias_imports_v2\system\rewrite.php(44): require_once('...')
#12 {main}
CRITICAL - 2026-08-23 07:22:25 --> CodeIgniter\Database\Exceptions\DatabaseException: Unable to connect to the database.
Main connection [MySQLi]: Uma tentativa de conexão falhou porque o componente conectado não respondeu
corretamente após um período de tempo ou a conexão estabelecida falhou
porque o host conectado não respondeu
[Method: GET, Route: central-trabalho]
in SYSTEMPATH\Database\BaseConnection.php on line 606.
 1 SYSTEMPATH\Database\BaseConnection.php(795): CodeIgniter\Database\BaseConnection->initialize()
 2 SYSTEMPATH\Database\BaseBuilder.php(1659): CodeIgniter\Database\BaseConnection->query()
 3 APPPATH\Models\SystemJobQueueModel.php(38): CodeIgniter\Database\BaseBuilder->get()
 4 APPPATH\Controllers\JobCenter.php(27): App\Models\SystemJobQueueModel->getQueueStats()
 5 SYSTEMPATH\CodeIgniter.php(974): App\Controllers\JobCenter->index()
 6 SYSTEMPATH\CodeIgniter.php(520): CodeIgniter\CodeIgniter->runController()
 7 SYSTEMPATH\CodeIgniter.php(363): CodeIgniter\CodeIgniter->handleRequest()
 8 SYSTEMPATH\Boot.php(417): CodeIgniter\CodeIgniter->run()
 9 SYSTEMPATH\Boot.php(68): CodeIgniter\Boot::runCodeIgniter()
10 FCPATH\index.php(59): CodeIgniter\Boot::bootWeb()
11 SYSTEMPATH\rewrite.php(44): require_once('C:\\Sistemas\\Dias Imports\\Dias Importes - Marketing v2\\dias_imports_v2\\public\\index.php')
ERROR - 2026-08-23 07:22:40 --> Error connecting to the database: mysqli_sql_exception: Uma tentativa de conexão falhou porque o componente conectado não respondeu
corretamente após um período de tempo ou a conexão estabelecida falhou
porque o host conectado não respondeu in C:\Sistemas\Dias Imports\Dias Importes - Marketing v2\dias_imports_v2\system\Database\MySQLi\Connection.php:201
Stack trace:
#0 C:\Sistemas\Dias Imports\Dias Importes - Marketing v2\dias_imports_v2\system\Database\MySQLi\Connection.php(201): mysqli->real_connect()
#1 C:\Sistemas\Dias Imports\Dias Importes - Marketing v2\dias_imports_v2\system\Database\BaseConnection.php(555): CodeIgniter\Database\MySQLi\Connection->connect()
#2 C:\Sistemas\Dias Imports\Dias Importes - Marketing v2\dias_imports_v2\system\Database\BaseConnection.php(795): CodeIgniter\Database\BaseConnection->initialize()
#3 C:\Sistemas\Dias Imports\Dias Importes - Marketing v2\dias_imports_v2\system\Database\BaseBuilder.php(1659): CodeIgniter\Database\BaseConnection->query()
#4 C:\Sistemas\Dias Imports\Dias Importes - Marketing v2\dias_imports_v2\app\Models\SystemJobQueueModel.php(38): CodeIgniter\Database\BaseBuilder->get()
#5 C:\Sistemas\Dias Imports\Dias Importes - Marketing v2\dias_imports_v2\app\Controllers\JobCenter.php(27): App\Models\SystemJobQueueModel->getQueueStats()
#6 C:\Sistemas\Dias Imports\Dias Importes - Marketing v2\dias_imports_v2\system\CodeIgniter.php(974): App\Controllers\JobCenter->index()
#7 C:\Sistemas\Dias Imports\Dias Importes - Marketing v2\dias_imports_v2\system\CodeIgniter.php(520): CodeIgniter\CodeIgniter->runController()
#8 C:\Sistemas\Dias Imports\Dias Importes - Marketing v2\dias_imports_v2\system\CodeIgniter.php(363): CodeIgniter\CodeIgniter->handleRequest()
#9 C:\Sistemas\Dias Imports\Dias Importes - Marketing v2\dias_imports_v2\system\Boot.php(417): CodeIgniter\CodeIgniter->run()
#10 C:\Sistemas\Dias Imports\Dias Importes - Marketing v2\dias_imports_v2\system\Boot.php(68): CodeIgniter\Boot::runCodeIgniter()
#11 C:\Sistemas\Dias Imports\Dias Importes - Marketing v2\dias_imports_v2\public\index.php(59): CodeIgniter\Boot::bootWeb()
#12 C:\Sistemas\Dias Imports\Dias Importes - Marketing v2\dias_imports_v2\system\rewrite.php(44): require_once('...')
#13 {main}

Next CodeIgniter\Database\Exceptions\DatabaseException: Uma tentativa de conexão falhou porque o componente conectado não respondeu
corretamente após um período de tempo ou a conexão estabelecida falhou
porque o host conectado não respondeu in C:\Sistemas\Dias Imports\Dias Importes - Marketing v2\dias_imports_v2\system\Database\MySQLi\Connection.php:231
Stack trace:
#0 C:\Sistemas\Dias Imports\Dias Importes - Marketing v2\dias_imports_v2\system\Database\BaseConnection.php(555): CodeIgniter\Database\MySQLi\Connection->connect()
#1 C:\Sistemas\Dias Imports\Dias Importes - Marketing v2\dias_imports_v2\system\Database\BaseConnection.php(795): CodeIgniter\Database\BaseConnection->initialize()
#2 C:\Sistemas\Dias Imports\Dias Importes - Marketing v2\dias_imports_v2\system\Database\BaseBuilder.php(1659): CodeIgniter\Database\BaseConnection->query()
#3 C:\Sistemas\Dias Imports\Dias Importes - Marketing v2\dias_imports_v2\app\Models\SystemJobQueueModel.php(38): CodeIgniter\Database\BaseBuilder->get()
#4 C:\Sistemas\Dias Imports\Dias Importes - Marketing v2\dias_imports_v2\app\Controllers\JobCenter.php(27): App\Models\SystemJobQueueModel->getQueueStats()
#5 C:\Sistemas\Dias Imports\Dias Importes - Marketing v2\dias_imports_v2\system\CodeIgniter.php(974): App\Controllers\JobCenter->index()
#6 C:\Sistemas\Dias Imports\Dias Importes - Marketing v2\dias_imports_v2\system\CodeIgniter.php(520): CodeIgniter\CodeIgniter->runController()
#7 C:\Sistemas\Dias Imports\Dias Importes - Marketing v2\dias_imports_v2\system\CodeIgniter.php(363): CodeIgniter\CodeIgniter->handleRequest()
#8 C:\Sistemas\Dias Imports\Dias Importes - Marketing v2\dias_imports_v2\system\Boot.php(417): CodeIgniter\CodeIgniter->run()
#9 C:\Sistemas\Dias Imports\Dias Importes - Marketing v2\dias_imports_v2\system\Boot.php(68): CodeIgniter\Boot::runCodeIgniter()
#10 C:\Sistemas\Dias Imports\Dias Importes - Marketing v2\dias_imports_v2\public\index.php(59): CodeIgniter\Boot::bootWeb()
#11 C:\Sistemas\Dias Imports\Dias Importes - Marketing v2\dias_imports_v2\system\rewrite.php(44): require_once('...')
#12 {main}
CRITICAL - 2026-08-23 07:22:40 --> CodeIgniter\Database\Exceptions\DatabaseException: Unable to connect to the database.
Main connection [MySQLi]: Uma tentativa de conexão falhou porque o componente conectado não respondeu
corretamente após um período de tempo ou a conexão estabelecida falhou
porque o host conectado não respondeu
[Method: GET, Route: central-trabalho]
in SYSTEMPATH\Database\BaseConnection.php on line 606.
 1 SYSTEMPATH\Database\BaseConnection.php(795): CodeIgniter\Database\BaseConnection->initialize()
 2 SYSTEMPATH\Database\BaseBuilder.php(1659): CodeIgniter\Database\BaseConnection->query()
 3 APPPATH\Models\SystemJobQueueModel.php(38): CodeIgniter\Database\BaseBuilder->get()
 4 APPPATH\Controllers\JobCenter.php(27): App\Models\SystemJobQueueModel->getQueueStats()
 5 SYSTEMPATH\CodeIgniter.php(974): App\Controllers\JobCenter->index()
 6 SYSTEMPATH\CodeIgniter.php(520): CodeIgniter\CodeIgniter->runController()
 7 SYSTEMPATH\CodeIgniter.php(363): CodeIgniter\CodeIgniter->handleRequest()
 8 SYSTEMPATH\Boot.php(417): CodeIgniter\CodeIgniter->run()
 9 SYSTEMPATH\Boot.php(68): CodeIgniter\Boot::runCodeIgniter()
10 FCPATH\index.php(59): CodeIgniter\Boot::bootWeb()
11 SYSTEMPATH\rewrite.php(44): require_once('C:\\Sistemas\\Dias Imports\\Dias Importes - Marketing v2\\dias_imports_v2\\public\\index.php')
ERROR - 2026-08-23 07:23:04 --> Error connecting to the database: mysqli_sql_exception: Uma tentativa de conexão falhou porque o componente conectado não respondeu
corretamente após um período de tempo ou a conexão estabelecida falhou
porque o host conectado não respondeu in C:\Sistemas\Dias Imports\Dias Importes - Marketing v2\dias_imports_v2\system\Database\MySQLi\Connection.php:201
Stack trace:
#0 C:\Sistemas\Dias Imports\Dias Importes - Marketing v2\dias_imports_v2\system\Database\MySQLi\Connection.php(201): mysqli->real_connect()
#1 C:\Sistemas\Dias Imports\Dias Importes - Marketing v2\dias_imports_v2\system\Database\BaseConnection.php(555): CodeIgniter\Database\MySQLi\Connection->connect()
#2 C:\Sistemas\Dias Imports\Dias Importes - Marketing v2\dias_imports_v2\system\Database\BaseConnection.php(795): CodeIgniter\Database\BaseConnection->initialize()
#3 C:\Sistemas\Dias Imports\Dias Importes - Marketing v2\dias_imports_v2\system\Database\BaseBuilder.php(1659): CodeIgniter\Database\BaseConnection->query()
#4 C:\Sistemas\Dias Imports\Dias Importes - Marketing v2\dias_imports_v2\system\Model.php(297): CodeIgniter\Database\BaseBuilder->get()
#5 C:\Sistemas\Dias Imports\Dias Importes - Marketing v2\dias_imports_v2\system\BaseModel.php(714): CodeIgniter\Model->doFirst()
#6 C:\Sistemas\Dias Imports\Dias Importes - Marketing v2\dias_imports_v2\app\Controllers\Home.php(412): CodeIgniter\BaseModel->first()
#7 C:\Sistemas\Dias Imports\Dias Importes - Marketing v2\dias_imports_v2\app\Controllers\Home.php(82): App\Controllers\Home->renderPage()
#8 C:\Sistemas\Dias Imports\Dias Importes - Marketing v2\dias_imports_v2\system\CodeIgniter.php(974): App\Controllers\Home->index()
#9 C:\Sistemas\Dias Imports\Dias Importes - Marketing v2\dias_imports_v2\system\CodeIgniter.php(520): CodeIgniter\CodeIgniter->runController()
#10 C:\Sistemas\Dias Imports\Dias Importes - Marketing v2\dias_imports_v2\system\CodeIgniter.php(363): CodeIgniter\CodeIgniter->handleRequest()
#11 C:\Sistemas\Dias Imports\Dias Importes - Marketing v2\dias_imports_v2\system\Boot.php(417): CodeIgniter\CodeIgniter->run()
#12 C:\Sistemas\Dias Imports\Dias Importes - Marketing v2\dias_imports_v2\system\Boot.php(68): CodeIgniter\Boot::runCodeIgniter()
#13 C:\Sistemas\Dias Imports\Dias Importes - Marketing v2\dias_imports_v2\public\index.php(59): CodeIgniter\Boot::bootWeb()
#14 C:\Sistemas\Dias Imports\Dias Importes - Marketing v2\dias_imports_v2\system\rewrite.php(44): require_once('...')
#15 {main}

Next CodeIgniter\Database\Exceptions\DatabaseException: Uma tentativa de conexão falhou porque o componente conectado não respondeu
corretamente após um período de tempo ou a conexão estabelecida falhou
porque o host conectado não respondeu in C:\Sistemas\Dias Imports\Dias Importes - Marketing v2\dias_imports_v2\system\Database\MySQLi\Connection.php:231
Stack trace:
#0 C:\Sistemas\Dias Imports\Dias Importes - Marketing v2\dias_imports_v2\system\Database\BaseConnection.php(555): CodeIgniter\Database\MySQLi\Connection->connect()
#1 C:\Sistemas\Dias Imports\Dias Importes - Marketing v2\dias_imports_v2\system\Database\BaseConnection.php(795): CodeIgniter\Database\BaseConnection->initialize()
#2 C:\Sistemas\Dias Imports\Dias Importes - Marketing v2\dias_imports_v2\system\Database\BaseBuilder.php(1659): CodeIgniter\Database\BaseConnection->query()
#3 C:\Sistemas\Dias Imports\Dias Importes - Marketing v2\dias_imports_v2\system\Model.php(297): CodeIgniter\Database\BaseBuilder->get()
#4 C:\Sistemas\Dias Imports\Dias Importes - Marketing v2\dias_imports_v2\system\BaseModel.php(714): CodeIgniter\Model->doFirst()
#5 C:\Sistemas\Dias Imports\Dias Importes - Marketing v2\dias_imports_v2\app\Controllers\Home.php(412): CodeIgniter\BaseModel->first()
#6 C:\Sistemas\Dias Imports\Dias Importes - Marketing v2\dias_imports_v2\app\Controllers\Home.php(82): App\Controllers\Home->renderPage()
#7 C:\Sistemas\Dias Imports\Dias Importes - Marketing v2\dias_imports_v2\system\CodeIgniter.php(974): App\Controllers\Home->index()
#8 C:\Sistemas\Dias Imports\Dias Importes - Marketing v2\dias_imports_v2\system\CodeIgniter.php(520): CodeIgniter\CodeIgniter->runController()
#9 C:\Sistemas\Dias Imports\Dias Importes - Marketing v2\dias_imports_v2\system\CodeIgniter.php(363): CodeIgniter\CodeIgniter->handleRequest()
#10 C:\Sistemas\Dias Imports\Dias Importes - Marketing v2\dias_imports_v2\system\Boot.php(417): CodeIgniter\CodeIgniter->run()
#11 C:\Sistemas\Dias Imports\Dias Importes - Marketing v2\dias_imports_v2\system\Boot.php(68): CodeIgniter\Boot::runCodeIgniter()
#12 C:\Sistemas\Dias Imports\Dias Importes - Marketing v2\dias_imports_v2\public\index.php(59): CodeIgniter\Boot::bootWeb()
#13 C:\Sistemas\Dias Imports\Dias Importes - Marketing v2\dias_imports_v2\system\rewrite.php(44): require_once('...')
#14 {main}
CRITICAL - 2026-08-23 07:23:04 --> CodeIgniter\Database\Exceptions\DatabaseException: Unable to connect to the database.
Main connection [MySQLi]: Uma tentativa de conexão falhou porque o componente conectado não respondeu
corretamente após um período de tempo ou a conexão estabelecida falhou
porque o host conectado não respondeu
[Method: GET, Route: /]
in SYSTEMPATH\Database\BaseConnection.php on line 606.
 1 SYSTEMPATH\Database\BaseConnection.php(795): CodeIgniter\Database\BaseConnection->initialize()
 2 SYSTEMPATH\Database\BaseBuilder.php(1659): CodeIgniter\Database\BaseConnection->query()
 3 SYSTEMPATH\Model.php(297): CodeIgniter\Database\BaseBuilder->get()
 4 SYSTEMPATH\BaseModel.php(714): CodeIgniter\Model->doFirst()
 5 APPPATH\Controllers\Home.php(412): CodeIgniter\BaseModel->first()
 6 APPPATH\Controllers\Home.php(82): App\Controllers\Home->renderPage()
 7 SYSTEMPATH\CodeIgniter.php(974): App\Controllers\Home->index()
 8 SYSTEMPATH\CodeIgniter.php(520): CodeIgniter\CodeIgniter->runController()
 9 SYSTEMPATH\CodeIgniter.php(363): CodeIgniter\CodeIgniter->handleRequest()
10 SYSTEMPATH\Boot.php(417): CodeIgniter\CodeIgniter->run()
11 SYSTEMPATH\Boot.php(68): CodeIgniter\Boot::runCodeIgniter()
12 FCPATH\index.php(59): CodeIgniter\Boot::bootWeb()
13 SYSTEMPATH\rewrite.php(44): require_once('C:\\Sistemas\\Dias Imports\\Dias Importes - Marketing v2\\dias_imports_v2\\public\\index.php')
DEBUG - 2026-08-23 07:23:17 --> Session: Class initialized using 'CodeIgniter\Session\Handlers\FileHandler' driver.
ERROR - 2026-08-23 07:23:27 --> Error connecting to the database: mysqli_sql_exception: Uma tentativa de conexão falhou porque o componente conectado não respondeu
corretamente após um período de tempo ou a conexão estabelecida falhou
porque o host conectado não respondeu in C:\Sistemas\Dias Imports\Dias Importes - Marketing v2\dias_imports_v2\system\Database\MySQLi\Connection.php:201
Stack trace:
#0 C:\Sistemas\Dias Imports\Dias Importes - Marketing v2\dias_imports_v2\system\Database\MySQLi\Connection.php(201): mysqli->real_connect()
#1 C:\Sistemas\Dias Imports\Dias Importes - Marketing v2\dias_imports_v2\system\Database\BaseConnection.php(555): CodeIgniter\Database\MySQLi\Connection->connect()
#2 C:\Sistemas\Dias Imports\Dias Importes - Marketing v2\dias_imports_v2\system\Database\BaseConnection.php(795): CodeIgniter\Database\BaseConnection->initialize()
#3 C:\Sistemas\Dias Imports\Dias Importes - Marketing v2\dias_imports_v2\system\Database\BaseBuilder.php(1659): CodeIgniter\Database\BaseConnection->query()
#4 C:\Sistemas\Dias Imports\Dias Importes - Marketing v2\dias_imports_v2\system\Model.php(297): CodeIgniter\Database\BaseBuilder->get()
#5 C:\Sistemas\Dias Imports\Dias Importes - Marketing v2\dias_imports_v2\system\BaseModel.php(714): CodeIgniter\Model->doFirst()
#6 C:\Sistemas\Dias Imports\Dias Importes - Marketing v2\dias_imports_v2\app\Controllers\Home.php(412): CodeIgniter\BaseModel->first()
#7 C:\Sistemas\Dias Imports\Dias Importes - Marketing v2\dias_imports_v2\app\Controllers\Home.php(82): App\Controllers\Home->renderPage()
#8 C:\Sistemas\Dias Imports\Dias Importes - Marketing v2\dias_imports_v2\system\CodeIgniter.php(974): App\Controllers\Home->index()
#9 C:\Sistemas\Dias Imports\Dias Importes - Marketing v2\dias_imports_v2\system\CodeIgniter.php(520): CodeIgniter\CodeIgniter->runController()
#10 C:\Sistemas\Dias Imports\Dias Importes - Marketing v2\dias_imports_v2\system\CodeIgniter.php(363): CodeIgniter\CodeIgniter->handleRequest()
#11 C:\Sistemas\Dias Imports\Dias Importes - Marketing v2\dias_imports_v2\system\Boot.php(417): CodeIgniter\CodeIgniter->run()
#12 C:\Sistemas\Dias Imports\Dias Importes - Marketing v2\dias_imports_v2\system\Boot.php(68): CodeIgniter\Boot::runCodeIgniter()
#13 C:\Sistemas\Dias Imports\Dias Importes - Marketing v2\dias_imports_v2\public\index.php(59): CodeIgniter\Boot::bootWeb()
#14 C:\Sistemas\Dias Imports\Dias Importes - Marketing v2\dias_imports_v2\system\rewrite.php(44): require_once('...')
#15 {main}

Next CodeIgniter\Database\Exceptions\DatabaseException: Uma tentativa de conexão falhou porque o componente conectado não respondeu
corretamente após um período de tempo ou a conexão estabelecida falhou
porque o host conectado não respondeu in C:\Sistemas\Dias Imports\Dias Importes - Marketing v2\dias_imports_v2\system\Database\MySQLi\Connection.php:231
Stack trace:
#0 C:\Sistemas\Dias Imports\Dias Importes - Marketing v2\dias_imports_v2\system\Database\BaseConnection.php(555): CodeIgniter\Database\MySQLi\Connection->connect()
#1 C:\Sistemas\Dias Imports\Dias Importes - Marketing v2\dias_imports_v2\system\Database\BaseConnection.php(795): CodeIgniter\Database\BaseConnection->initialize()
#2 C:\Sistemas\Dias Imports\Dias Importes - Marketing v2\dias_imports_v2\system\Database\BaseBuilder.php(1659): CodeIgniter\Database\BaseConnection->query()
#3 C:\Sistemas\Dias Imports\Dias Importes - Marketing v2\dias_imports_v2\system\Model.php(297): CodeIgniter\Database\BaseBuilder->get()
#4 C:\Sistemas\Dias Imports\Dias Importes - Marketing v2\dias_imports_v2\system\BaseModel.php(714): CodeIgniter\Model->doFirst()
#5 C:\Sistemas\Dias Imports\Dias Importes - Marketing v2\dias_imports_v2\app\Controllers\Home.php(412): CodeIgniter\BaseModel->first()
#6 C:\Sistemas\Dias Imports\Dias Importes - Marketing v2\dias_imports_v2\app\Controllers\Home.php(82): App\Controllers\Home->renderPage()
#7 C:\Sistemas\Dias Imports\Dias Importes - Marketing v2\dias_imports_v2\system\CodeIgniter.php(974): App\Controllers\Home->index()
#8 C:\Sistemas\Dias Imports\Dias Importes - Marketing v2\dias_imports_v2\system\CodeIgniter.php(520): CodeIgniter\CodeIgniter->runController()
#9 C:\Sistemas\Dias Imports\Dias Importes - Marketing v2\dias_imports_v2\system\CodeIgniter.php(363): CodeIgniter\CodeIgniter->handleRequest()
#10 C:\Sistemas\Dias Imports\Dias Importes - Marketing v2\dias_imports_v2\system\Boot.php(417): CodeIgniter\CodeIgniter->run()
#11 C:\Sistemas\Dias Imports\Dias Importes - Marketing v2\dias_imports_v2\system\Boot.php(68): CodeIgniter\Boot::runCodeIgniter()
#12 C:\Sistemas\Dias Imports\Dias Importes - Marketing v2\dias_imports_v2\public\index.php(59): CodeIgniter\Boot::bootWeb()
#13 C:\Sistemas\Dias Imports\Dias Importes - Marketing v2\dias_imports_v2\system\rewrite.php(44): require_once('...')
#14 {main}
CRITICAL - 2026-08-23 07:23:27 --> CodeIgniter\Database\Exceptions\DatabaseException: Unable to connect to the database.
Main connection [MySQLi]: Uma tentativa de conexão falhou porque o componente conectado não respondeu
corretamente após um período de tempo ou a conexão estabelecida falhou
porque o host conectado não respondeu
[Method: GET, Route: /]
in SYSTEMPATH\Database\BaseConnection.php on line 606.
 1 SYSTEMPATH\Database\BaseConnection.php(795): CodeIgniter\Database\BaseConnection->initialize()
 2 SYSTEMPATH\Database\BaseBuilder.php(1659): CodeIgniter\Database\BaseConnection->query()
 3 SYSTEMPATH\Model.php(297): CodeIgniter\Database\BaseBuilder->get()
 4 SYSTEMPATH\BaseModel.php(714): CodeIgniter\Model->doFirst()
 5 APPPATH\Controllers\Home.php(412): CodeIgniter\BaseModel->first()
 6 APPPATH\Controllers\Home.php(82): App\Controllers\Home->renderPage()
 7 SYSTEMPATH\CodeIgniter.php(974): App\Controllers\Home->index()
 8 SYSTEMPATH\CodeIgniter.php(520): CodeIgniter\CodeIgniter->runController()
 9 SYSTEMPATH\CodeIgniter.php(363): CodeIgniter\CodeIgniter->handleRequest()
10 SYSTEMPATH\Boot.php(417): CodeIgniter\CodeIgniter->run()
11 SYSTEMPATH\Boot.php(68): CodeIgniter\Boot::runCodeIgniter()
12 FCPATH\index.php(59): CodeIgniter\Boot::bootWeb()
13 SYSTEMPATH\rewrite.php(44): require_once('C:\\Sistemas\\Dias Imports\\Dias Importes - Marketing v2\\dias_imports_v2\\public\\index.php')
DEBUG - 2026-08-23 07:24:03 --> Session: Class initialized using 'CodeIgniter\Session\Handlers\FileHandler' driver.
ERROR - 2026-08-23 07:24:14 --> Error connecting to the database: mysqli_sql_exception: Uma tentativa de conexão falhou porque o componente conectado não respondeu
corretamente após um período de tempo ou a conexão estabelecida falhou
porque o host conectado não respondeu in C:\Sistemas\Dias Imports\Dias Importes - Marketing v2\dias_imports_v2\system\Database\MySQLi\Connection.php:201
Stack trace:
#0 C:\Sistemas\Dias Imports\Dias Importes - Marketing v2\dias_imports_v2\system\Database\MySQLi\Connection.php(201): mysqli->real_connect()
#1 C:\Sistemas\Dias Imports\Dias Importes - Marketing v2\dias_imports_v2\system\Database\BaseConnection.php(555): CodeIgniter\Database\MySQLi\Connection->connect()
#2 C:\Sistemas\Dias Imports\Dias Importes - Marketing v2\dias_imports_v2\system\Database\BaseConnection.php(795): CodeIgniter\Database\BaseConnection->initialize()
#3 C:\Sistemas\Dias Imports\Dias Importes - Marketing v2\dias_imports_v2\system\Database\BaseBuilder.php(1659): CodeIgniter\Database\BaseConnection->query()
#4 C:\Sistemas\Dias Imports\Dias Importes - Marketing v2\dias_imports_v2\system\Model.php(297): CodeIgniter\Database\BaseBuilder->get()
#5 C:\Sistemas\Dias Imports\Dias Importes - Marketing v2\dias_imports_v2\system\BaseModel.php(714): CodeIgniter\Model->doFirst()
#6 C:\Sistemas\Dias Imports\Dias Importes - Marketing v2\dias_imports_v2\app\Controllers\Home.php(412): CodeIgniter\BaseModel->first()
#7 C:\Sistemas\Dias Imports\Dias Importes - Marketing v2\dias_imports_v2\app\Controllers\Home.php(82): App\Controllers\Home->renderPage()
#8 C:\Sistemas\Dias Imports\Dias Importes - Marketing v2\dias_imports_v2\system\CodeIgniter.php(974): App\Controllers\Home->index()
#9 C:\Sistemas\Dias Imports\Dias Importes - Marketing v2\dias_imports_v2\system\CodeIgniter.php(520): CodeIgniter\CodeIgniter->runController()
#10 C:\Sistemas\Dias Imports\Dias Importes - Marketing v2\dias_imports_v2\system\CodeIgniter.php(363): CodeIgniter\CodeIgniter->handleRequest()
#11 C:\Sistemas\Dias Imports\Dias Importes - Marketing v2\dias_imports_v2\system\Boot.php(417): CodeIgniter\CodeIgniter->run()
#12 C:\Sistemas\Dias Imports\Dias Importes - Marketing v2\dias_imports_v2\system\Boot.php(68): CodeIgniter\Boot::runCodeIgniter()
#13 C:\Sistemas\Dias Imports\Dias Importes - Marketing v2\dias_imports_v2\public\index.php(59): CodeIgniter\Boot::bootWeb()
#14 C:\Sistemas\Dias Imports\Dias Importes - Marketing v2\dias_imports_v2\system\rewrite.php(44): require_once('...')
#15 {main}

Next CodeIgniter\Database\Exceptions\DatabaseException: Uma tentativa de conexão falhou porque o componente conectado não respondeu
corretamente após um período de tempo ou a conexão estabelecida falhou
porque o host conectado não respondeu in C:\Sistemas\Dias Imports\Dias Importes - Marketing v2\dias_imports_v2\system\Database\MySQLi\Connection.php:231
Stack trace:
#0 C:\Sistemas\Dias Imports\Dias Importes - Marketing v2\dias_imports_v2\system\Database\BaseConnection.php(555): CodeIgniter\Database\MySQLi\Connection->connect()
#1 C:\Sistemas\Dias Imports\Dias Importes - Marketing v2\dias_imports_v2\system\Database\BaseConnection.php(795): CodeIgniter\Database\BaseConnection->initialize()
#2 C:\Sistemas\Dias Imports\Dias Importes - Marketing v2\dias_imports_v2\system\Database\BaseBuilder.php(1659): CodeIgniter\Database\BaseConnection->query()
#3 C:\Sistemas\Dias Imports\Dias Importes - Marketing v2\dias_imports_v2\system\Model.php(297): CodeIgniter\Database\BaseBuilder->get()
#4 C:\Sistemas\Dias Imports\Dias Importes - Marketing v2\dias_imports_v2\system\BaseModel.php(714): CodeIgniter\Model->doFirst()
#5 C:\Sistemas\Dias Imports\Dias Importes - Marketing v2\dias_imports_v2\app\Controllers\Home.php(412): CodeIgniter\BaseModel->first()
#6 C:\Sistemas\Dias Imports\Dias Importes - Marketing v2\dias_imports_v2\app\Controllers\Home.php(82): App\Controllers\Home->renderPage()
#7 C:\Sistemas\Dias Imports\Dias Importes - Marketing v2\dias_imports_v2\system\CodeIgniter.php(974): App\Controllers\Home->index()
#8 C:\Sistemas\Dias Imports\Dias Importes - Marketing v2\dias_imports_v2\system\CodeIgniter.php(520): CodeIgniter\CodeIgniter->runController()
#9 C:\Sistemas\Dias Imports\Dias Importes - Marketing v2\dias_imports_v2\system\CodeIgniter.php(363): CodeIgniter\CodeIgniter->handleRequest()
#10 C:\Sistemas\Dias Imports\Dias Importes - Marketing v2\dias_imports_v2\system\Boot.php(417): CodeIgniter\CodeIgniter->run()
#11 C:\Sistemas\Dias Imports\Dias Importes - Marketing v2\dias_imports_v2\system\Boot.php(68): CodeIgniter\Boot::runCodeIgniter()
#12 C:\Sistemas\Dias Imports\Dias Importes - Marketing v2\dias_imports_v2\public\index.php(59): CodeIgniter\Boot::bootWeb()
#13 C:\Sistemas\Dias Imports\Dias Importes - Marketing v2\dias_imports_v2\system\rewrite.php(44): require_once('...')
#14 {main}
CRITICAL - 2026-08-23 07:24:14 --> CodeIgniter\Database\Exceptions\DatabaseException: Unable to connect to the database.
Main connection [MySQLi]: Uma tentativa de conexão falhou porque o componente conectado não respondeu
corretamente após um período de tempo ou a conexão estabelecida falhou
porque o host conectado não respondeu
[Method: GET, Route: /]
in SYSTEMPATH\Database\BaseConnection.php on line 606.
 1 SYSTEMPATH\Database\BaseConnection.php(795): CodeIgniter\Database\BaseConnection->initialize()
 2 SYSTEMPATH\Database\BaseBuilder.php(1659): CodeIgniter\Database\BaseConnection->query()
 3 SYSTEMPATH\Model.php(297): CodeIgniter\Database\BaseBuilder->get()
 4 SYSTEMPATH\BaseModel.php(714): CodeIgniter\Model->doFirst()
 5 APPPATH\Controllers\Home.php(412): CodeIgniter\BaseModel->first()
 6 APPPATH\Controllers\Home.php(82): App\Controllers\Home->renderPage()
 7 SYSTEMPATH\CodeIgniter.php(974): App\Controllers\Home->index()
 8 SYSTEMPATH\CodeIgniter.php(520): CodeIgniter\CodeIgniter->runController()
 9 SYSTEMPATH\CodeIgniter.php(363): CodeIgniter\CodeIgniter->handleRequest()
10 SYSTEMPATH\Boot.php(417): CodeIgniter\CodeIgniter->run()
11 SYSTEMPATH\Boot.php(68): CodeIgniter\Boot::runCodeIgniter()
12 FCPATH\index.php(59): CodeIgniter\Boot::bootWeb()
13 SYSTEMPATH\rewrite.php(44): require_once('C:\\Sistemas\\Dias Imports\\Dias Importes - Marketing v2\\dias_imports_v2\\public\\index.php')
DEBUG - 2026-08-23 07:24:47 --> Session: Class initialized using 'CodeIgniter\Session\Handlers\FileHandler' driver.
DEBUG - 2026-08-23 07:24:49 --> Session: Class initialized using 'CodeIgniter\Session\Handlers\FileHandler' driver.
DEBUG - 2026-08-23 07:24:53 --> Session: Class initialized using 'CodeIgniter\Session\Handlers\FileHandler' driver.
INFO - 2026-08-23 07:24:53 --> CSRF token verified.
DEBUG - 2026-08-23 07:24:54 --> Session: Class initialized using 'CodeIgniter\Session\Handlers\FileHandler' driver.
INFO - 2026-08-23 07:25:00 --> CSRF token verified.
DEBUG - 2026-08-23 07:25:00 --> Session: Class initialized using 'CodeIgniter\Session\Handlers\FileHandler' driver.
DEBUG - 2026-08-23 07:25:01 --> Session: Class initialized using 'CodeIgniter\Session\Handlers\FileHandler' driver.
INFO - 2026-08-23 07:25:05 --> CSRF token verified.
DEBUG - 2026-08-23 07:25:05 --> Session: Class initialized using 'CodeIgniter\Session\Handlers\FileHandler' driver.
DEBUG - 2026-08-23 07:25:05 --> Session: Class initialized using 'CodeIgniter\Session\Handlers\FileHandler' driver.
INFO - 2026-08-23 07:25:56 --> CSRF token verified.
DEBUG - 2026-08-23 07:25:57 --> Session: Class initialized using 'CodeIgniter\Session\Handlers\FileHandler' driver.
DEBUG - 2026-08-23 07:25:57 --> Session: Class initialized using 'CodeIgniter\Session\Handlers\FileHandler' driver.
DEBUG - 2026-08-23 07:25:57 --> Session: Class initialized using 'CodeIgniter\Session\Handlers\FileHandler' driver.
DEBUG - 2026-08-23 07:25:59 --> Session: Class initialized using 'CodeIgniter\Session\Handlers\FileHandler' driver.
DEBUG - 2026-08-23 07:25:59 --> Session: Class initialized using 'CodeIgniter\Session\Handlers\FileHandler' driver.
DEBUG - 2026-08-23 07:26:02 --> Session: Class initialized using 'CodeIgniter\Session\Handlers\FileHandler' driver.
DEBUG - 2026-08-23 07:26:02 --> Session: Class initialized using 'CodeIgniter\Session\Handlers\FileHandler' driver.
DEBUG - 2026-08-23 07:26:03 --> Session: Class initialized using 'CodeIgniter\Session\Handlers\FileHandler' driver.
DEBUG - 2026-08-23 07:26:03 --> Session: Class initialized using 'CodeIgniter\Session\Handlers\FileHandler' driver.
DEBUG - 2026-08-23 07:26:05 --> Session: Class initialized using 'CodeIgniter\Session\Handlers\FileHandler' driver.
DEBUG - 2026-08-23 07:26:05 --> Session: Class initialized using 'CodeIgniter\Session\Handlers\FileHandler' driver.
DEBUG - 2026-08-23 07:26:06 --> Session: Class initialized using 'CodeIgniter\Session\Handlers\FileHandler' driver.
DEBUG - 2026-08-23 07:26:07 --> Session: Class initialized using 'CodeIgniter\Session\Handlers\FileHandler' driver.
DEBUG - 2026-08-23 07:26:10 --> Session: Class initialized using 'CodeIgniter\Session\Handlers\FileHandler' driver.
DEBUG - 2026-08-23 07:26:11 --> Session: Class initialized using 'CodeIgniter\Session\Handlers\FileHandler' driver.
DEBUG - 2026-08-23 07:26:41 --> Session: Class initialized using 'CodeIgniter\Session\Handlers\FileHandler' driver.
DEBUG - 2026-08-23 07:27:07 --> Session: Class initialized using 'CodeIgniter\Session\Handlers\FileHandler' driver.
INFO - 2026-08-23 07:27:07 --> CSRF token verified.
DEBUG - 2026-08-23 07:27:07 --> Session: Class initialized using 'CodeIgniter\Session\Handlers\FileHandler' driver.
DEBUG - 2026-08-23 07:27:07 --> Session: Class initialized using 'CodeIgniter\Session\Handlers\FileHandler' driver.
DEBUG - 2026-08-23 07:27:13 --> Session: Class initialized using 'CodeIgniter\Session\Handlers\FileHandler' driver.
DEBUG - 2026-08-23 07:27:13 --> Session: Class initialized using 'CodeIgniter\Session\Handlers\FileHandler' driver.
DEBUG - 2026-08-23 07:27:23 --> Session: Class initialized using 'CodeIgniter\Session\Handlers\FileHandler' driver.
DEBUG - 2026-08-23 07:27:24 --> Session: Class initialized using 'CodeIgniter\Session\Handlers\FileHandler' driver.
DEBUG - 2026-08-23 07:27:26 --> Session: Class initialized using 'CodeIgniter\Session\Handlers\FileHandler' driver.
DEBUG - 2026-08-23 07:27:43 --> Session: Class initialized using 'CodeIgniter\Session\Handlers\FileHandler' driver.
DEBUG - 2026-08-23 07:28:07 --> Session: Class initialized using 'CodeIgniter\Session\Handlers\FileHandler' driver.
INFO - 2026-08-23 07:28:07 --> CSRF token verified.
DEBUG - 2026-08-23 07:28:08 --> Session: Class initialized using 'CodeIgniter\Session\Handlers\FileHandler' driver.
DEBUG - 2026-08-23 07:28:09 --> Session: Class initialized using 'CodeIgniter\Session\Handlers\FileHandler' driver.
DEBUG - 2026-08-23 07:28:11 --> Session: Class initialized using 'CodeIgniter\Session\Handlers\FileHandler' driver.
INFO - 2026-08-23 07:28:11 --> CSRF token verified.
DEBUG - 2026-08-23 07:28:11 --> Session: Class initialized using 'CodeIgniter\Session\Handlers\FileHandler' driver.
DEBUG - 2026-08-23 07:28:12 --> Session: Class initialized using 'CodeIgniter\Session\Handlers\FileHandler' driver.
DEBUG - 2026-08-23 07:28:17 --> Session: Class initialized using 'CodeIgniter\Session\Handlers\FileHandler' driver.
DEBUG - 2026-08-23 07:28:23 --> Session: Class initialized using 'CodeIgniter\Session\Handlers\FileHandler' driver.
DEBUG - 2026-08-23 07:28:27 --> Session: Class initialized using 'CodeIgniter\Session\Handlers\FileHandler' driver.
INFO - 2026-08-23 07:28:27 --> CSRF token verified.
DEBUG - 2026-08-23 07:28:28 --> Session: Class initialized using 'CodeIgniter\Session\Handlers\FileHandler' driver.
DEBUG - 2026-08-23 07:28:29 --> Session: Class initialized using 'CodeIgniter\Session\Handlers\FileHandler' driver.
DEBUG - 2026-08-23 07:28:30 --> Session: Class initialized using 'CodeIgniter\Session\Handlers\FileHandler' driver.
DEBUG - 2026-08-23 07:28:56 --> Session: Class initialized using 'CodeIgniter\Session\Handlers\FileHandler' driver.
INFO - 2026-08-23 07:28:56 --> CSRF token verified.
DEBUG - 2026-08-23 07:28:56 --> Session: Class initialized using 'CodeIgniter\Session\Handlers\FileHandler' driver.
DEBUG - 2026-08-23 07:28:57 --> Session: Class initialized using 'CodeIgniter\Session\Handlers\FileHandler' driver.
DEBUG - 2026-08-23 07:28:59 --> Session: Class initialized using 'CodeIgniter\Session\Handlers\FileHandler' driver.
INFO - 2026-08-23 07:28:59 --> CSRF token verified.
DEBUG - 2026-08-23 07:29:00 --> Session: Class initialized using 'CodeIgniter\Session\Handlers\FileHandler' driver.
DEBUG - 2026-08-23 07:29:00 --> Session: Class initialized using 'CodeIgniter\Session\Handlers\FileHandler' driver.
DEBUG - 2026-08-23 07:29:23 --> Session: Class initialized using 'CodeIgniter\Session\Handlers\FileHandler' driver.
DEBUG - 2026-08-23 07:29:23 --> Session: Class initialized using 'CodeIgniter\Session\Handlers\FileHandler' driver.
DEBUG - 2026-08-23 07:29:27 --> Session: Class initialized using 'CodeIgniter\Session\Handlers\FileHandler' driver.
DEBUG - 2026-08-23 07:29:27 --> Session: Class initialized using 'CodeIgniter\Session\Handlers\FileHandler' driver.
DEBUG - 2026-08-23 07:29:30 --> Session: Class initialized using 'CodeIgniter\Session\Handlers\FileHandler' driver.
DEBUG - 2026-08-23 07:29:30 --> Session: Class initialized using 'CodeIgniter\Session\Handlers\FileHandler' driver.
DEBUG - 2026-08-23 07:29:32 --> Session: Class initialized using 'CodeIgniter\Session\Handlers\FileHandler' driver.
DEBUG - 2026-08-23 07:29:32 --> Session: Class initialized using 'CodeIgniter\Session\Handlers\FileHandler' driver.
DEBUG - 2026-08-23 07:29:33 --> Session: Class initialized using 'CodeIgniter\Session\Handlers\FileHandler' driver.
DEBUG - 2026-08-23 07:29:43 --> Session: Class initialized using 'CodeIgniter\Session\Handlers\FileHandler' driver.
INFO - 2026-08-23 07:29:43 --> CSRF token verified.
DEBUG - 2026-08-23 07:29:43 --> Session: Class initialized using 'CodeIgniter\Session\Handlers\FileHandler' driver.
DEBUG - 2026-08-23 07:29:46 --> Session: Class initialized using 'CodeIgniter\Session\Handlers\FileHandler' driver.
INFO - 2026-08-23 07:29:46 --> CSRF token verified.
DEBUG - 2026-08-23 07:29:47 --> Session: Class initialized using 'CodeIgniter\Session\Handlers\FileHandler' driver.
DEBUG - 2026-08-23 07:29:47 --> Session: Class initialized using 'CodeIgniter\Session\Handlers\FileHandler' driver.
DEBUG - 2026-08-23 07:29:47 --> Session: Class initialized using 'CodeIgniter\Session\Handlers\FileHandler' driver.
DEBUG - 2026-08-23 07:29:52 --> Session: Class initialized using 'CodeIgniter\Session\Handlers\FileHandler' driver.
DEBUG - 2026-08-23 07:29:57 --> Session: Class initialized using 'CodeIgniter\Session\Handlers\FileHandler' driver.
DEBUG - 2026-08-23 07:30:02 --> Session: Class initialized using 'CodeIgniter\Session\Handlers\FileHandler' driver.
DEBUG - 2026-08-23 07:30:07 --> Session: Class initialized using 'CodeIgniter\Session\Handlers\FileHandler' driver.
DEBUG - 2026-08-23 07:30:12 --> Session: Class initialized using 'CodeIgniter\Session\Handlers\FileHandler' driver.
DEBUG - 2026-08-23 07:30:17 --> Session: Class initialized using 'CodeIgniter\Session\Handlers\FileHandler' driver.
DEBUG - 2026-08-23 07:30:19 --> Session: Class initialized using 'CodeIgniter\Session\Handlers\FileHandler' driver.
DEBUG - 2026-08-23 07:30:22 --> Session: Class initialized using 'CodeIgniter\Session\Handlers\FileHandler' driver.
DEBUG - 2026-08-23 07:30:27 --> Session: Class initialized using 'CodeIgniter\Session\Handlers\FileHandler' driver.
DEBUG - 2026-08-23 07:30:32 --> Session: Class initialized using 'CodeIgniter\Session\Handlers\FileHandler' driver.
DEBUG - 2026-08-23 07:30:37 --> Session: Class initialized using 'CodeIgniter\Session\Handlers\FileHandler' driver.
DEBUG - 2026-08-23 07:30:42 --> Session: Class initialized using 'CodeIgniter\Session\Handlers\FileHandler' driver.
DEBUG - 2026-08-23 07:30:47 --> Session: Class initialized using 'CodeIgniter\Session\Handlers\FileHandler' driver.
DEBUG - 2026-08-23 07:30:49 --> Session: Class initialized using 'CodeIgniter\Session\Handlers\FileHandler' driver.
DEBUG - 2026-08-23 07:30:52 --> Session: Class initialized using 'CodeIgniter\Session\Handlers\FileHandler' driver.
DEBUG - 2026-08-23 07:30:57 --> Session: Class initialized using 'CodeIgniter\Session\Handlers\FileHandler' driver.
DEBUG - 2026-08-23 07:31:02 --> Session: Class initialized using 'CodeIgniter\Session\Handlers\FileHandler' driver.
DEBUG - 2026-08-23 07:31:07 --> Session: Class initialized using 'CodeIgniter\Session\Handlers\FileHandler' driver.
DEBUG - 2026-08-23 07:31:12 --> Session: Class initialized using 'CodeIgniter\Session\Handlers\FileHandler' driver.
DEBUG - 2026-08-23 07:31:17 --> Session: Class initialized using 'CodeIgniter\Session\Handlers\FileHandler' driver.
DEBUG - 2026-08-23 07:31:19 --> Session: Class initialized using 'CodeIgniter\Session\Handlers\FileHandler' driver.
DEBUG - 2026-08-23 07:31:22 --> Session: Class initialized using 'CodeIgniter\Session\Handlers\FileHandler' driver.
DEBUG - 2026-08-23 07:31:46 --> Session: Class initialized using 'CodeIgniter\Session\Handlers\FileHandler' driver.
DEBUG - 2026-08-23 07:31:47 --> Session: Class initialized using 'CodeIgniter\Session\Handlers\FileHandler' driver.
DEBUG - 2026-08-23 07:31:47 --> Session: Class initialized using 'CodeIgniter\Session\Handlers\FileHandler' driver.
DEBUG - 2026-08-23 07:32:18 --> Session: Class initialized using 'CodeIgniter\Session\Handlers\FileHandler' driver.
DEBUG - 2026-08-23 07:32:48 --> Session: Class initialized using 'CodeIgniter\Session\Handlers\FileHandler' driver.
DEBUG - 2026-08-23 07:33:18 --> Session: Class initialized using 'CodeIgniter\Session\Handlers\FileHandler' driver.
DEBUG - 2026-08-23 07:33:23 --> Session: Class initialized using 'CodeIgniter\Session\Handlers\FileHandler' driver.
DEBUG - 2026-08-23 07:33:23 --> Session: Class initialized using 'CodeIgniter\Session\Handlers\FileHandler' driver.
DEBUG - 2026-08-23 07:33:28 --> Session: Class initialized using 'CodeIgniter\Session\Handlers\FileHandler' driver.
DEBUG - 2026-08-23 07:33:33 --> Session: Class initialized using 'CodeIgniter\Session\Handlers\FileHandler' driver.
DEBUG - 2026-08-23 07:33:35 --> Session: Class initialized using 'CodeIgniter\Session\Handlers\FileHandler' driver.
DEBUG - 2026-08-23 07:33:36 --> Session: Class initialized using 'CodeIgniter\Session\Handlers\FileHandler' driver.
DEBUG - 2026-08-23 07:33:40 --> Session: Class initialized using 'CodeIgniter\Session\Handlers\FileHandler' driver.
INFO - 2026-08-23 07:33:40 --> CSRF token verified.
DEBUG - 2026-08-23 07:33:42 --> Session: Class initialized using 'CodeIgniter\Session\Handlers\FileHandler' driver.
DEBUG - 2026-08-23 07:33:42 --> Session: Class initialized using 'CodeIgniter\Session\Handlers\FileHandler' driver.
DEBUG - 2026-08-23 07:33:47 --> Session: Class initialized using 'CodeIgniter\Session\Handlers\FileHandler' driver.
DEBUG - 2026-08-23 07:33:52 --> Session: Class initialized using 'CodeIgniter\Session\Handlers\FileHandler' driver.
DEBUG - 2026-08-23 07:33:57 --> Session: Class initialized using 'CodeIgniter\Session\Handlers\FileHandler' driver.
DEBUG - 2026-08-23 07:33:58 --> Session: Class initialized using 'CodeIgniter\Session\Handlers\FileHandler' driver.
DEBUG - 2026-08-23 07:34:02 --> Session: Class initialized using 'CodeIgniter\Session\Handlers\FileHandler' driver.
DEBUG - 2026-08-23 07:34:07 --> Session: Class initialized using 'CodeIgniter\Session\Handlers\FileHandler' driver.
DEBUG - 2026-08-23 07:34:12 --> Session: Class initialized using 'CodeIgniter\Session\Handlers\FileHandler' driver.
DEBUG - 2026-08-23 07:34:13 --> Session: Class initialized using 'CodeIgniter\Session\Handlers\FileHandler' driver.
DEBUG - 2026-08-23 07:34:17 --> Session: Class initialized using 'CodeIgniter\Session\Handlers\FileHandler' driver.
DEBUG - 2026-08-23 07:34:22 --> Session: Class initialized using 'CodeIgniter\Session\Handlers\FileHandler' driver.
DEBUG - 2026-08-23 07:34:27 --> Session: Class initialized using 'CodeIgniter\Session\Handlers\FileHandler' driver.
DEBUG - 2026-08-23 07:34:28 --> Session: Class initialized using 'CodeIgniter\Session\Handlers\FileHandler' driver.
DEBUG - 2026-08-23 07:34:32 --> Session: Class initialized using 'CodeIgniter\Session\Handlers\FileHandler' driver.
DEBUG - 2026-08-23 07:34:37 --> Session: Class initialized using 'CodeIgniter\Session\Handlers\FileHandler' driver.
DEBUG - 2026-08-23 07:34:42 --> Session: Class initialized using 'CodeIgniter\Session\Handlers\FileHandler' driver.
DEBUG - 2026-08-23 07:34:43 --> Session: Class initialized using 'CodeIgniter\Session\Handlers\FileHandler' driver.
DEBUG - 2026-08-23 07:34:47 --> Session: Class initialized using 'CodeIgniter\Session\Handlers\FileHandler' driver.
DEBUG - 2026-08-23 07:34:52 --> Session: Class initialized using 'CodeIgniter\Session\Handlers\FileHandler' driver.
DEBUG - 2026-08-23 07:34:57 --> Session: Class initialized using 'CodeIgniter\Session\Handlers\FileHandler' driver.
DEBUG - 2026-08-23 07:34:58 --> Session: Class initialized using 'CodeIgniter\Session\Handlers\FileHandler' driver.
DEBUG - 2026-08-23 07:35:02 --> Session: Class initialized using 'CodeIgniter\Session\Handlers\FileHandler' driver.
DEBUG - 2026-08-23 07:35:07 --> Session: Class initialized using 'CodeIgniter\Session\Handlers\FileHandler' driver.
DEBUG - 2026-08-23 07:35:12 --> Session: Class initialized using 'CodeIgniter\Session\Handlers\FileHandler' driver.
DEBUG - 2026-08-23 07:35:13 --> Session: Class initialized using 'CodeIgniter\Session\Handlers\FileHandler' driver.
DEBUG - 2026-08-23 07:35:17 --> Session: Class initialized using 'CodeIgniter\Session\Handlers\FileHandler' driver.
DEBUG - 2026-08-23 07:35:22 --> Session: Class initialized using 'CodeIgniter\Session\Handlers\FileHandler' driver.
DEBUG - 2026-08-23 07:35:27 --> Session: Class initialized using 'CodeIgniter\Session\Handlers\FileHandler' driver.
DEBUG - 2026-08-23 07:35:28 --> Session: Class initialized using 'CodeIgniter\Session\Handlers\FileHandler' driver.
DEBUG - 2026-08-23 07:35:32 --> Session: Class initialized using 'CodeIgniter\Session\Handlers\FileHandler' driver.
DEBUG - 2026-08-23 07:35:37 --> Session: Class initialized using 'CodeIgniter\Session\Handlers\FileHandler' driver.
DEBUG - 2026-08-23 07:35:42 --> Session: Class initialized using 'CodeIgniter\Session\Handlers\FileHandler' driver.
DEBUG - 2026-08-23 07:35:43 --> Session: Class initialized using 'CodeIgniter\Session\Handlers\FileHandler' driver.
DEBUG - 2026-08-23 07:35:47 --> Session: Class initialized using 'CodeIgniter\Session\Handlers\FileHandler' driver.
DEBUG - 2026-08-23 07:35:52 --> Session: Class initialized using 'CodeIgniter\Session\Handlers\FileHandler' driver.
DEBUG - 2026-08-23 07:35:57 --> Session: Class initialized using 'CodeIgniter\Session\Handlers\FileHandler' driver.
DEBUG - 2026-08-23 07:35:58 --> Session: Class initialized using 'CodeIgniter\Session\Handlers\FileHandler' driver.
DEBUG - 2026-08-23 07:36:02 --> Session: Class initialized using 'CodeIgniter\Session\Handlers\FileHandler' driver.
DEBUG - 2026-08-23 07:36:07 --> Session: Class initialized using 'CodeIgniter\Session\Handlers\FileHandler' driver.
DEBUG - 2026-08-23 07:36:12 --> Session: Class initialized using 'CodeIgniter\Session\Handlers\FileHandler' driver.
DEBUG - 2026-08-23 07:36:13 --> Session: Class initialized using 'CodeIgniter\Session\Handlers\FileHandler' driver.
DEBUG - 2026-08-23 07:36:17 --> Session: Class initialized using 'CodeIgniter\Session\Handlers\FileHandler' driver.
DEBUG - 2026-08-23 07:36:22 --> Session: Class initialized using 'CodeIgniter\Session\Handlers\FileHandler' driver.
DEBUG - 2026-08-23 07:36:27 --> Session: Class initialized using 'CodeIgniter\Session\Handlers\FileHandler' driver.
DEBUG - 2026-08-23 07:36:28 --> Session: Class initialized using 'CodeIgniter\Session\Handlers\FileHandler' driver.
DEBUG - 2026-08-23 07:36:32 --> Session: Class initialized using 'CodeIgniter\Session\Handlers\FileHandler' driver.
DEBUG - 2026-08-23 07:36:37 --> Session: Class initialized using 'CodeIgniter\Session\Handlers\FileHandler' driver.
DEBUG - 2026-08-23 07:36:42 --> Session: Class initialized using 'CodeIgniter\Session\Handlers\FileHandler' driver.
DEBUG - 2026-08-23 07:36:43 --> Session: Class initialized using 'CodeIgniter\Session\Handlers\FileHandler' driver.
DEBUG - 2026-08-23 07:36:47 --> Session: Class initialized using 'CodeIgniter\Session\Handlers\FileHandler' driver.
DEBUG - 2026-08-23 07:36:52 --> Session: Class initialized using 'CodeIgniter\Session\Handlers\FileHandler' driver.
DEBUG - 2026-08-23 07:36:57 --> Session: Class initialized using 'CodeIgniter\Session\Handlers\FileHandler' driver.
DEBUG - 2026-08-23 07:36:58 --> Session: Class initialized using 'CodeIgniter\Session\Handlers\FileHandler' driver.
DEBUG - 2026-08-23 07:37:02 --> Session: Class initialized using 'CodeIgniter\Session\Handlers\FileHandler' driver.
DEBUG - 2026-08-23 07:37:07 --> Session: Class initialized using 'CodeIgniter\Session\Handlers\FileHandler' driver.
DEBUG - 2026-08-23 07:37:12 --> Session: Class initialized using 'CodeIgniter\Session\Handlers\FileHandler' driver.
DEBUG - 2026-08-23 07:37:13 --> Session: Class initialized using 'CodeIgniter\Session\Handlers\FileHandler' driver.
DEBUG - 2026-08-23 07:37:17 --> Session: Class initialized using 'CodeIgniter\Session\Handlers\FileHandler' driver.
DEBUG - 2026-08-23 07:37:22 --> Session: Class initialized using 'CodeIgniter\Session\Handlers\FileHandler' driver.
DEBUG - 2026-08-23 07:37:27 --> Session: Class initialized using 'CodeIgniter\Session\Handlers\FileHandler' driver.
DEBUG - 2026-08-23 07:37:28 --> Session: Class initialized using 'CodeIgniter\Session\Handlers\FileHandler' driver.
DEBUG - 2026-08-23 07:37:32 --> Session: Class initialized using 'CodeIgniter\Session\Handlers\FileHandler' driver.
DEBUG - 2026-08-23 07:37:37 --> Session: Class initialized using 'CodeIgniter\Session\Handlers\FileHandler' driver.
DEBUG - 2026-08-23 07:37:42 --> Session: Class initialized using 'CodeIgniter\Session\Handlers\FileHandler' driver.
DEBUG - 2026-08-23 07:37:43 --> Session: Class initialized using 'CodeIgniter\Session\Handlers\FileHandler' driver.
DEBUG - 2026-08-23 07:37:47 --> Session: Class initialized using 'CodeIgniter\Session\Handlers\FileHandler' driver.
DEBUG - 2026-08-23 07:37:52 --> Session: Class initialized using 'CodeIgniter\Session\Handlers\FileHandler' driver.
DEBUG - 2026-08-23 07:37:57 --> Session: Class initialized using 'CodeIgniter\Session\Handlers\FileHandler' driver.
DEBUG - 2026-08-23 07:37:58 --> Session: Class initialized using 'CodeIgniter\Session\Handlers\FileHandler' driver.
DEBUG - 2026-08-23 07:38:02 --> Session: Class initialized using 'CodeIgniter\Session\Handlers\FileHandler' driver.
DEBUG - 2026-08-23 07:38:07 --> Session: Class initialized using 'CodeIgniter\Session\Handlers\FileHandler' driver.
DEBUG - 2026-08-23 07:38:12 --> Session: Class initialized using 'CodeIgniter\Session\Handlers\FileHandler' driver.
DEBUG - 2026-08-23 07:38:13 --> Session: Class initialized using 'CodeIgniter\Session\Handlers\FileHandler' driver.
DEBUG - 2026-08-23 07:38:17 --> Session: Class initialized using 'CodeIgniter\Session\Handlers\FileHandler' driver.
DEBUG - 2026-08-23 07:38:22 --> Session: Class initialized using 'CodeIgniter\Session\Handlers\FileHandler' driver.
DEBUG - 2026-08-23 07:38:27 --> Session: Class initialized using 'CodeIgniter\Session\Handlers\FileHandler' driver.
DEBUG - 2026-08-23 07:38:28 --> Session: Class initialized using 'CodeIgniter\Session\Handlers\FileHandler' driver.
DEBUG - 2026-08-23 07:38:32 --> Session: Class initialized using 'CodeIgniter\Session\Handlers\FileHandler' driver.
DEBUG - 2026-08-23 07:38:37 --> Session: Class initialized using 'CodeIgniter\Session\Handlers\FileHandler' driver.
DEBUG - 2026-08-23 07:38:42 --> Session: Class initialized using 'CodeIgniter\Session\Handlers\FileHandler' driver.
DEBUG - 2026-08-23 07:38:43 --> Session: Class initialized using 'CodeIgniter\Session\Handlers\FileHandler' driver.
DEBUG - 2026-08-23 07:38:47 --> Session: Class initialized using 'CodeIgniter\Session\Handlers\FileHandler' driver.
DEBUG - 2026-08-23 07:38:52 --> Session: Class initialized using 'CodeIgniter\Session\Handlers\FileHandler' driver.
DEBUG - 2026-08-23 07:38:57 --> Session: Class initialized using 'CodeIgniter\Session\Handlers\FileHandler' driver.
DEBUG - 2026-08-23 07:38:58 --> Session: Class initialized using 'CodeIgniter\Session\Handlers\FileHandler' driver.
DEBUG - 2026-08-23 07:39:02 --> Session: Class initialized using 'CodeIgniter\Session\Handlers\FileHandler' driver.
DEBUG - 2026-08-23 07:39:07 --> Session: Class initialized using 'CodeIgniter\Session\Handlers\FileHandler' driver.
DEBUG - 2026-08-23 07:39:12 --> Session: Class initialized using 'CodeIgniter\Session\Handlers\FileHandler' driver.
DEBUG - 2026-08-23 07:39:13 --> Session: Class initialized using 'CodeIgniter\Session\Handlers\FileHandler' driver.
DEBUG - 2026-08-23 07:39:17 --> Session: Class initialized using 'CodeIgniter\Session\Handlers\FileHandler' driver.
DEBUG - 2026-08-23 07:39:22 --> Session: Class initialized using 'CodeIgniter\Session\Handlers\FileHandler' driver.
DEBUG - 2026-08-23 07:39:27 --> Session: Class initialized using 'CodeIgniter\Session\Handlers\FileHandler' driver.
DEBUG - 2026-08-23 07:39:28 --> Session: Class initialized using 'CodeIgniter\Session\Handlers\FileHandler' driver.
DEBUG - 2026-08-23 07:39:32 --> Session: Class initialized using 'CodeIgniter\Session\Handlers\FileHandler' driver.
DEBUG - 2026-08-23 07:39:37 --> Session: Class initialized using 'CodeIgniter\Session\Handlers\FileHandler' driver.
DEBUG - 2026-08-23 07:39:42 --> Session: Class initialized using 'CodeIgniter\Session\Handlers\FileHandler' driver.
DEBUG - 2026-08-23 07:39:43 --> Session: Class initialized using 'CodeIgniter\Session\Handlers\FileHandler' driver.
DEBUG - 2026-08-23 07:39:47 --> Session: Class initialized using 'CodeIgniter\Session\Handlers\FileHandler' driver.
DEBUG - 2026-08-23 07:39:52 --> Session: Class initialized using 'CodeIgniter\Session\Handlers\FileHandler' driver.
DEBUG - 2026-08-23 07:39:57 --> Session: Class initialized using 'CodeIgniter\Session\Handlers\FileHandler' driver.
DEBUG - 2026-08-23 07:39:58 --> Session: Class initialized using 'CodeIgniter\Session\Handlers\FileHandler' driver.
DEBUG - 2026-08-23 07:40:02 --> Session: Class initialized using 'CodeIgniter\Session\Handlers\FileHandler' driver.
DEBUG - 2026-08-23 07:40:07 --> Session: Class initialized using 'CodeIgniter\Session\Handlers\FileHandler' driver.
DEBUG - 2026-08-23 07:40:12 --> Session: Class initialized using 'CodeIgniter\Session\Handlers\FileHandler' driver.
DEBUG - 2026-08-23 07:40:13 --> Session: Class initialized using 'CodeIgniter\Session\Handlers\FileHandler' driver.
DEBUG - 2026-08-23 07:40:17 --> Session: Class initialized using 'CodeIgniter\Session\Handlers\FileHandler' driver.
DEBUG - 2026-08-23 07:40:22 --> Session: Class initialized using 'CodeIgniter\Session\Handlers\FileHandler' driver.
DEBUG - 2026-08-23 07:40:27 --> Session: Class initialized using 'CodeIgniter\Session\Handlers\FileHandler' driver.
DEBUG - 2026-08-23 07:40:28 --> Session: Class initialized using 'CodeIgniter\Session\Handlers\FileHandler' driver.
DEBUG - 2026-08-23 07:40:32 --> Session: Class initialized using 'CodeIgniter\Session\Handlers\FileHandler' driver.
DEBUG - 2026-08-23 07:40:37 --> Session: Class initialized using 'CodeIgniter\Session\Handlers\FileHandler' driver.
DEBUG - 2026-08-23 07:40:42 --> Session: Class initialized using 'CodeIgniter\Session\Handlers\FileHandler' driver.
DEBUG - 2026-08-23 07:40:43 --> Session: Class initialized using 'CodeIgniter\Session\Handlers\FileHandler' driver.
DEBUG - 2026-08-23 07:40:47 --> Session: Class initialized using 'CodeIgniter\Session\Handlers\FileHandler' driver.
DEBUG - 2026-08-23 07:40:52 --> Session: Class initialized using 'CodeIgniter\Session\Handlers\FileHandler' driver.
DEBUG - 2026-08-23 07:40:57 --> Session: Class initialized using 'CodeIgniter\Session\Handlers\FileHandler' driver.
DEBUG - 2026-08-23 07:40:58 --> Session: Class initialized using 'CodeIgniter\Session\Handlers\FileHandler' driver.
DEBUG - 2026-08-23 07:41:02 --> Session: Class initialized using 'CodeIgniter\Session\Handlers\FileHandler' driver.
DEBUG - 2026-08-23 07:41:07 --> Session: Class initialized using 'CodeIgniter\Session\Handlers\FileHandler' driver.
DEBUG - 2026-08-23 07:41:12 --> Session: Class initialized using 'CodeIgniter\Session\Handlers\FileHandler' driver.
DEBUG - 2026-08-23 07:41:13 --> Session: Class initialized using 'CodeIgniter\Session\Handlers\FileHandler' driver.
DEBUG - 2026-08-23 07:41:17 --> Session: Class initialized using 'CodeIgniter\Session\Handlers\FileHandler' driver.
DEBUG - 2026-08-23 07:41:22 --> Session: Class initialized using 'CodeIgniter\Session\Handlers\FileHandler' driver.
DEBUG - 2026-08-23 07:41:27 --> Session: Class initialized using 'CodeIgniter\Session\Handlers\FileHandler' driver.
DEBUG - 2026-08-23 07:41:28 --> Session: Class initialized using 'CodeIgniter\Session\Handlers\FileHandler' driver.
DEBUG - 2026-08-23 07:41:32 --> Session: Class initialized using 'CodeIgniter\Session\Handlers\FileHandler' driver.
DEBUG - 2026-08-23 07:41:37 --> Session: Class initialized using 'CodeIgniter\Session\Handlers\FileHandler' driver.
DEBUG - 2026-08-23 07:42:02 --> Session: Class initialized using 'CodeIgniter\Session\Handlers\FileHandler' driver.
DEBUG - 2026-08-23 07:42:03 --> Session: Class initialized using 'CodeIgniter\Session\Handlers\FileHandler' driver.
DEBUG - 2026-08-23 07:42:03 --> Session: Class initialized using 'CodeIgniter\Session\Handlers\FileHandler' driver.
DEBUG - 2026-08-23 07:42:03 --> Session: Class initialized using 'CodeIgniter\Session\Handlers\FileHandler' driver.
DEBUG - 2026-08-23 07:42:04 --> Session: Class initialized using 'CodeIgniter\Session\Handlers\FileHandler' driver.
DEBUG - 2026-08-23 07:42:05 --> Session: Class initialized using 'CodeIgniter\Session\Handlers\FileHandler' driver.
DEBUG - 2026-08-23 07:42:10 --> Session: Class initialized using 'CodeIgniter\Session\Handlers\FileHandler' driver.
DEBUG - 2026-08-23 07:42:12 --> Session: Class initialized using 'CodeIgniter\Session\Handlers\FileHandler' driver.
DEBUG - 2026-08-23 07:42:15 --> Session: Class initialized using 'CodeIgniter\Session\Handlers\FileHandler' driver.
DEBUG - 2026-08-23 07:42:20 --> Session: Class initialized using 'CodeIgniter\Session\Handlers\FileHandler' driver.
DEBUG - 2026-08-23 07:42:25 --> Session: Class initialized using 'CodeIgniter\Session\Handlers\FileHandler' driver.
DEBUG - 2026-08-23 07:42:27 --> Session: Class initialized using 'CodeIgniter\Session\Handlers\FileHandler' driver.
DEBUG - 2026-08-23 07:42:30 --> Session: Class initialized using 'CodeIgniter\Session\Handlers\FileHandler' driver.
DEBUG - 2026-08-23 07:42:35 --> Session: Class initialized using 'CodeIgniter\Session\Handlers\FileHandler' driver.
DEBUG - 2026-08-23 07:42:40 --> Session: Class initialized using 'CodeIgniter\Session\Handlers\FileHandler' driver.
DEBUG - 2026-08-23 07:42:42 --> Session: Class initialized using 'CodeIgniter\Session\Handlers\FileHandler' driver.
DEBUG - 2026-08-23 07:42:45 --> Session: Class initialized using 'CodeIgniter\Session\Handlers\FileHandler' driver.
DEBUG - 2026-08-23 07:42:50 --> Session: Class initialized using 'CodeIgniter\Session\Handlers\FileHandler' driver.
DEBUG - 2026-08-23 07:42:55 --> Session: Class initialized using 'CodeIgniter\Session\Handlers\FileHandler' driver.
DEBUG - 2026-08-23 07:42:57 --> Session: Class initialized using 'CodeIgniter\Session\Handlers\FileHandler' driver.
DEBUG - 2026-08-23 07:43:00 --> Session: Class initialized using 'CodeIgniter\Session\Handlers\FileHandler' driver.
DEBUG - 2026-08-23 07:43:05 --> Session: Class initialized using 'CodeIgniter\Session\Handlers\FileHandler' driver.
DEBUG - 2026-08-23 07:43:10 --> Session: Class initialized using 'CodeIgniter\Session\Handlers\FileHandler' driver.
DEBUG - 2026-08-23 07:43:12 --> Session: Class initialized using 'CodeIgniter\Session\Handlers\FileHandler' driver.
DEBUG - 2026-08-23 07:43:15 --> Session: Class initialized using 'CodeIgniter\Session\Handlers\FileHandler' driver.
DEBUG - 2026-08-23 07:43:20 --> Session: Class initialized using 'CodeIgniter\Session\Handlers\FileHandler' driver.
DEBUG - 2026-08-23 07:43:25 --> Session: Class initialized using 'CodeIgniter\Session\Handlers\FileHandler' driver.
DEBUG - 2026-08-23 07:43:27 --> Session: Class initialized using 'CodeIgniter\Session\Handlers\FileHandler' driver.
DEBUG - 2026-08-23 07:43:30 --> Session: Class initialized using 'CodeIgniter\Session\Handlers\FileHandler' driver.
DEBUG - 2026-08-23 07:43:35 --> Session: Class initialized using 'CodeIgniter\Session\Handlers\FileHandler' driver.
DEBUG - 2026-08-23 07:43:40 --> Session: Class initialized using 'CodeIgniter\Session\Handlers\FileHandler' driver.
DEBUG - 2026-08-23 07:43:42 --> Session: Class initialized using 'CodeIgniter\Session\Handlers\FileHandler' driver.
DEBUG - 2026-08-23 07:43:45 --> Session: Class initialized using 'CodeIgniter\Session\Handlers\FileHandler' driver.
DEBUG - 2026-08-23 07:43:50 --> Session: Class initialized using 'CodeIgniter\Session\Handlers\FileHandler' driver.
DEBUG - 2026-08-23 07:43:55 --> Session: Class initialized using 'CodeIgniter\Session\Handlers\FileHandler' driver.
DEBUG - 2026-08-23 07:43:57 --> Session: Class initialized using 'CodeIgniter\Session\Handlers\FileHandler' driver.
DEBUG - 2026-08-23 07:44:00 --> Session: Class initialized using 'CodeIgniter\Session\Handlers\FileHandler' driver.
DEBUG - 2026-08-23 07:44:05 --> Session: Class initialized using 'CodeIgniter\Session\Handlers\FileHandler' driver.
DEBUG - 2026-08-23 07:44:10 --> Session: Class initialized using 'CodeIgniter\Session\Handlers\FileHandler' driver.
DEBUG - 2026-08-23 07:44:12 --> Session: Class initialized using 'CodeIgniter\Session\Handlers\FileHandler' driver.
DEBUG - 2026-08-23 07:44:15 --> Session: Class initialized using 'CodeIgniter\Session\Handlers\FileHandler' driver.
DEBUG - 2026-08-23 07:44:20 --> Session: Class initialized using 'CodeIgniter\Session\Handlers\FileHandler' driver.
DEBUG - 2026-08-23 07:44:25 --> Session: Class initialized using 'CodeIgniter\Session\Handlers\FileHandler' driver.
DEBUG - 2026-08-23 07:44:27 --> Session: Class initialized using 'CodeIgniter\Session\Handlers\FileHandler' driver.
DEBUG - 2026-08-23 07:44:30 --> Session: Class initialized using 'CodeIgniter\Session\Handlers\FileHandler' driver.
DEBUG - 2026-08-23 07:44:35 --> Session: Class initialized using 'CodeIgniter\Session\Handlers\FileHandler' driver.
DEBUG - 2026-08-23 07:44:40 --> Session: Class initialized using 'CodeIgniter\Session\Handlers\FileHandler' driver.
DEBUG - 2026-08-23 07:44:42 --> Session: Class initialized using 'CodeIgniter\Session\Handlers\FileHandler' driver.
DEBUG - 2026-08-23 07:44:45 --> Session: Class initialized using 'CodeIgniter\Session\Handlers\FileHandler' driver.
DEBUG - 2026-08-23 07:44:50 --> Session: Class initialized using 'CodeIgniter\Session\Handlers\FileHandler' driver.
DEBUG - 2026-08-23 07:44:55 --> Session: Class initialized using 'CodeIgniter\Session\Handlers\FileHandler' driver.
DEBUG - 2026-08-23 07:44:57 --> Session: Class initialized using 'CodeIgniter\Session\Handlers\FileHandler' driver.
DEBUG - 2026-08-23 07:45:00 --> Session: Class initialized using 'CodeIgniter\Session\Handlers\FileHandler' driver.
DEBUG - 2026-08-23 07:45:05 --> Session: Class initialized using 'CodeIgniter\Session\Handlers\FileHandler' driver.
DEBUG - 2026-08-23 07:45:10 --> Session: Class initialized using 'CodeIgniter\Session\Handlers\FileHandler' driver.
DEBUG - 2026-08-23 07:45:12 --> Session: Class initialized using 'CodeIgniter\Session\Handlers\FileHandler' driver.
DEBUG - 2026-08-23 07:45:15 --> Session: Class initialized using 'CodeIgniter\Session\Handlers\FileHandler' driver.
DEBUG - 2026-08-23 07:45:20 --> Session: Class initialized using 'CodeIgniter\Session\Handlers\FileHandler' driver.
DEBUG - 2026-08-23 07:45:25 --> Session: Class initialized using 'CodeIgniter\Session\Handlers\FileHandler' driver.
DEBUG - 2026-08-23 07:45:27 --> Session: Class initialized using 'CodeIgniter\Session\Handlers\FileHandler' driver.
DEBUG - 2026-08-23 07:45:30 --> Session: Class initialized using 'CodeIgniter\Session\Handlers\FileHandler' driver.
DEBUG - 2026-08-23 07:45:35 --> Session: Class initialized using 'CodeIgniter\Session\Handlers\FileHandler' driver.
DEBUG - 2026-08-23 07:45:40 --> Session: Class initialized using 'CodeIgniter\Session\Handlers\FileHandler' driver.
DEBUG - 2026-08-23 07:45:42 --> Session: Class initialized using 'CodeIgniter\Session\Handlers\FileHandler' driver.
DEBUG - 2026-08-23 07:45:45 --> Session: Class initialized using 'CodeIgniter\Session\Handlers\FileHandler' driver.
DEBUG - 2026-08-23 07:45:50 --> Session: Class initialized using 'CodeIgniter\Session\Handlers\FileHandler' driver.
DEBUG - 2026-08-23 07:45:55 --> Session: Class initialized using 'CodeIgniter\Session\Handlers\FileHandler' driver.
DEBUG - 2026-08-23 07:45:57 --> Session: Class initialized using 'CodeIgniter\Session\Handlers\FileHandler' driver.
DEBUG - 2026-08-23 07:46:00 --> Session: Class initialized using 'CodeIgniter\Session\Handlers\FileHandler' driver.
DEBUG - 2026-08-23 07:46:05 --> Session: Class initialized using 'CodeIgniter\Session\Handlers\FileHandler' driver.
DEBUG - 2026-08-23 07:46:10 --> Session: Class initialized using 'CodeIgniter\Session\Handlers\FileHandler' driver.
DEBUG - 2026-08-23 07:46:12 --> Session: Class initialized using 'CodeIgniter\Session\Handlers\FileHandler' driver.
DEBUG - 2026-08-23 07:46:15 --> Session: Class initialized using 'CodeIgniter\Session\Handlers\FileHandler' driver.
DEBUG - 2026-08-23 07:46:20 --> Session: Class initialized using 'CodeIgniter\Session\Handlers\FileHandler' driver.
DEBUG - 2026-08-23 07:46:25 --> Session: Class initialized using 'CodeIgniter\Session\Handlers\FileHandler' driver.
DEBUG - 2026-08-23 07:46:27 --> Session: Class initialized using 'CodeIgniter\Session\Handlers\FileHandler' driver.
DEBUG - 2026-08-23 07:46:30 --> Session: Class initialized using 'CodeIgniter\Session\Handlers\FileHandler' driver.
DEBUG - 2026-08-23 07:46:42 --> Session: Class initialized using 'CodeIgniter\Session\Handlers\FileHandler' driver.
DEBUG - 2026-08-23 07:46:57 --> Session: Class initialized using 'CodeIgniter\Session\Handlers\FileHandler' driver.
DEBUG - 2026-08-23 07:47:12 --> Session: Class initialized using 'CodeIgniter\Session\Handlers\FileHandler' driver.
DEBUG - 2026-08-23 07:47:27 --> Session: Class initialized using 'CodeIgniter\Session\Handlers\FileHandler' driver.
DEBUG - 2026-08-23 07:48:18 --> Session: Class initialized using 'CodeIgniter\Session\Handlers\FileHandler' driver.
DEBUG - 2026-08-23 07:49:18 --> Session: Class initialized using 'CodeIgniter\Session\Handlers\FileHandler' driver.
DEBUG - 2026-08-23 07:50:18 --> Session: Class initialized using 'CodeIgniter\Session\Handlers\FileHandler' driver.
DEBUG - 2026-08-23 07:51:18 --> Session: Class initialized using 'CodeIgniter\Session\Handlers\FileHandler' driver.
DEBUG - 2026-08-23 07:52:18 --> Session: Class initialized using 'CodeIgniter\Session\Handlers\FileHandler' driver.
DEBUG - 2026-08-23 07:53:18 --> Session: Class initialized using 'CodeIgniter\Session\Handlers\FileHandler' driver.
DEBUG - 2026-08-23 07:54:18 --> Session: Class initialized using 'CodeIgniter\Session\Handlers\FileHandler' driver.
DEBUG - 2026-08-23 07:55:18 --> Session: Class initialized using 'CodeIgniter\Session\Handlers\FileHandler' driver.
DEBUG - 2026-08-23 07:56:18 --> Session: Class initialized using 'CodeIgniter\Session\Handlers\FileHandler' driver.
DEBUG - 2026-08-23 07:57:18 --> Session: Class initialized using 'CodeIgniter\Session\Handlers\FileHandler' driver.
DEBUG - 2026-08-23 07:57:48 --> Session: Class initialized using 'CodeIgniter\Session\Handlers\FileHandler' driver.
DEBUG - 2026-08-23 07:57:49 --> Session: Class initialized using 'CodeIgniter\Session\Handlers\FileHandler' driver.
DEBUG - 2026-08-23 07:57:50 --> Session: Class initialized using 'CodeIgniter\Session\Handlers\FileHandler' driver.
DEBUG - 2026-08-23 07:57:51 --> Session: Class initialized using 'CodeIgniter\Session\Handlers\FileHandler' driver.
DEBUG - 2026-08-23 07:57:52 --> Session: Class initialized using 'CodeIgniter\Session\Handlers\FileHandler' driver.
DEBUG - 2026-08-23 07:57:52 --> Session: Class initialized using 'CodeIgniter\Session\Handlers\FileHandler' driver.
DEBUG - 2026-08-23 07:58:07 --> Session: Class initialized using 'CodeIgniter\Session\Handlers\FileHandler' driver.
DEBUG - 2026-08-23 07:58:22 --> Session: Class initialized using 'CodeIgniter\Session\Handlers\FileHandler' driver.
DEBUG - 2026-08-23 07:58:37 --> Session: Class initialized using 'CodeIgniter\Session\Handlers\FileHandler' driver.
DEBUG - 2026-08-23 07:58:52 --> Session: Class initialized using 'CodeIgniter\Session\Handlers\FileHandler' driver.
DEBUG - 2026-08-23 07:59:07 --> Session: Class initialized using 'CodeIgniter\Session\Handlers\FileHandler' driver.
DEBUG - 2026-08-23 07:59:22 --> Session: Class initialized using 'CodeIgniter\Session\Handlers\FileHandler' driver.
DEBUG - 2026-08-23 07:59:37 --> Session: Class initialized using 'CodeIgniter\Session\Handlers\FileHandler' driver.
DEBUG - 2026-08-23 07:59:52 --> Session: Class initialized using 'CodeIgniter\Session\Handlers\FileHandler' driver.
DEBUG - 2026-08-23 08:00:07 --> Session: Class initialized using 'CodeIgniter\Session\Handlers\FileHandler' driver.
DEBUG - 2026-08-23 08:00:22 --> Session: Class initialized using 'CodeIgniter\Session\Handlers\FileHandler' driver.
DEBUG - 2026-08-23 08:00:37 --> Session: Class initialized using 'CodeIgniter\Session\Handlers\FileHandler' driver.
DEBUG - 2026-08-23 08:00:52 --> Session: Class initialized using 'CodeIgniter\Session\Handlers\FileHandler' driver.
DEBUG - 2026-08-23 08:01:18 --> Session: Class initialized using 'CodeIgniter\Session\Handlers\FileHandler' driver.
DEBUG - 2026-08-23 08:02:08 --> Session: Class initialized using 'CodeIgniter\Session\Handlers\FileHandler' driver.
DEBUG - 2026-08-23 08:02:10 --> Session: Class initialized using 'CodeIgniter\Session\Handlers\FileHandler' driver.
DEBUG - 2026-08-23 08:02:10 --> Session: Class initialized using 'CodeIgniter\Session\Handlers\FileHandler' driver.
DEBUG - 2026-08-23 08:02:12 --> Session: Class initialized using 'CodeIgniter\Session\Handlers\FileHandler' driver.
DEBUG - 2026-08-23 08:02:12 --> Session: Class initialized using 'CodeIgniter\Session\Handlers\FileHandler' driver.
DEBUG - 2026-08-23 08:02:18 --> Session: Class initialized using 'CodeIgniter\Session\Handlers\FileHandler' driver.
DEBUG - 2026-08-23 08:02:18 --> Session: Class initialized using 'CodeIgniter\Session\Handlers\FileHandler' driver.
DEBUG - 2026-08-23 08:02:20 --> Session: Class initialized using 'CodeIgniter\Session\Handlers\FileHandler' driver.
DEBUG - 2026-08-23 08:02:21 --> Session: Class initialized using 'CodeIgniter\Session\Handlers\FileHandler' driver.
DEBUG - 2026-08-23 08:02:22 --> Session: Class initialized using 'CodeIgniter\Session\Handlers\FileHandler' driver.
DEBUG - 2026-08-23 08:02:22 --> Session: Class initialized using 'CodeIgniter\Session\Handlers\FileHandler' driver.
DEBUG - 2026-08-23 08:02:23 --> Session: Class initialized using 'CodeIgniter\Session\Handlers\FileHandler' driver.
DEBUG - 2026-08-23 08:02:23 --> Session: Class initialized using 'CodeIgniter\Session\Handlers\FileHandler' driver.
DEBUG - 2026-08-23 08:02:24 --> Session: Class initialized using 'CodeIgniter\Session\Handlers\FileHandler' driver.
DEBUG - 2026-08-23 08:02:25 --> Session: Class initialized using 'CodeIgniter\Session\Handlers\FileHandler' driver.
DEBUG - 2026-08-23 08:02:40 --> Session: Class initialized using 'CodeIgniter\Session\Handlers\FileHandler' driver.
DEBUG - 2026-08-23 08:02:55 --> Session: Class initialized using 'CodeIgniter\Session\Handlers\FileHandler' driver.
DEBUG - 2026-08-23 08:03:10 --> Session: Class initialized using 'CodeIgniter\Session\Handlers\FileHandler' driver.
DEBUG - 2026-08-23 08:03:10 --> Session: Class initialized using 'CodeIgniter\Session\Handlers\FileHandler' driver.
DEBUG - 2026-08-23 08:03:11 --> Session: Class initialized using 'CodeIgniter\Session\Handlers\FileHandler' driver.
DEBUG - 2026-08-23 08:03:14 --> Session: Class initialized using 'CodeIgniter\Session\Handlers\FileHandler' driver.
INFO - 2026-08-23 08:03:14 --> CSRF token verified.
DEBUG - 2026-08-23 08:03:14 --> Session: Class initialized using 'CodeIgniter\Session\Handlers\FileHandler' driver.
DEBUG - 2026-08-23 08:03:15 --> Session: Class initialized using 'CodeIgniter\Session\Handlers\FileHandler' driver.
DEBUG - 2026-08-23 08:03:17 --> Session: Class initialized using 'CodeIgniter\Session\Handlers\FileHandler' driver.
DEBUG - 2026-08-23 08:03:18 --> Session: Class initialized using 'CodeIgniter\Session\Handlers\FileHandler' driver.
DEBUG - 2026-08-23 08:03:24 --> Session: Class initialized using 'CodeIgniter\Session\Handlers\FileHandler' driver.
DEBUG - 2026-08-23 08:03:25 --> Session: Class initialized using 'CodeIgniter\Session\Handlers\FileHandler' driver.
DEBUG - 2026-08-23 08:03:26 --> Session: Class initialized using 'CodeIgniter\Session\Handlers\FileHandler' driver.
DEBUG - 2026-08-23 08:03:27 --> Session: Class initialized using 'CodeIgniter\Session\Handlers\FileHandler' driver.
DEBUG - 2026-08-23 08:03:42 --> Session: Class initialized using 'CodeIgniter\Session\Handlers\FileHandler' driver.
DEBUG - 2026-08-23 08:03:57 --> Session: Class initialized using 'CodeIgniter\Session\Handlers\FileHandler' driver.
DEBUG - 2026-08-23 08:04:12 --> Session: Class initialized using 'CodeIgniter\Session\Handlers\FileHandler' driver.
ERROR - 2026-08-23 08:04:12 --> Error connecting to the database: mysqli_sql_exception: User 'u215145685_dias_imports' has exceeded the 'max_connections_per_hour' resource (current value: 500) in C:\Sistemas\Dias Imports\Dias Importes - Marketing v2\dias_imports_v2\system\Database\MySQLi\Connection.php:201
Stack trace:
#0 C:\Sistemas\Dias Imports\Dias Importes - Marketing v2\dias_imports_v2\system\Database\MySQLi\Connection.php(201): mysqli->real_connect()
#1 C:\Sistemas\Dias Imports\Dias Importes - Marketing v2\dias_imports_v2\system\Database\BaseConnection.php(555): CodeIgniter\Database\MySQLi\Connection->connect()
#2 C:\Sistemas\Dias Imports\Dias Importes - Marketing v2\dias_imports_v2\system\Database\BaseConnection.php(795): CodeIgniter\Database\BaseConnection->initialize()
#3 C:\Sistemas\Dias Imports\Dias Importes - Marketing v2\dias_imports_v2\system\Database\BaseBuilder.php(1659): CodeIgniter\Database\BaseConnection->query()
#4 C:\Sistemas\Dias Imports\Dias Importes - Marketing v2\dias_imports_v2\system\Model.php(297): CodeIgniter\Database\BaseBuilder->get()
#5 C:\Sistemas\Dias Imports\Dias Importes - Marketing v2\dias_imports_v2\system\BaseModel.php(714): CodeIgniter\Model->doFirst()
#6 C:\Sistemas\Dias Imports\Dias Importes - Marketing v2\dias_imports_v2\app\Libraries\EvolutionApiService.php(21): CodeIgniter\BaseModel->first()
#7 C:\Sistemas\Dias Imports\Dias Importes - Marketing v2\dias_imports_v2\app\Libraries\EvolutionApiService.php(39): App\Libraries\EvolutionApiService->getSettings()
#8 C:\Sistemas\Dias Imports\Dias Importes - Marketing v2\dias_imports_v2\app\Controllers\Health.php(33): App\Libraries\EvolutionApiService->isConfigured()
#9 C:\Sistemas\Dias Imports\Dias Importes - Marketing v2\dias_imports_v2\system\CodeIgniter.php(974): App\Controllers\Health->check()
#10 C:\Sistemas\Dias Imports\Dias Importes - Marketing v2\dias_imports_v2\system\CodeIgniter.php(520): CodeIgniter\CodeIgniter->runController()
#11 C:\Sistemas\Dias Imports\Dias Importes - Marketing v2\dias_imports_v2\system\CodeIgniter.php(363): CodeIgniter\CodeIgniter->handleRequest()
#12 C:\Sistemas\Dias Imports\Dias Importes - Marketing v2\dias_imports_v2\system\Boot.php(417): CodeIgniter\CodeIgniter->run()
#13 C:\Sistemas\Dias Imports\Dias Importes - Marketing v2\dias_imports_v2\system\Boot.php(68): CodeIgniter\Boot::runCodeIgniter()
#14 C:\Sistemas\Dias Imports\Dias Importes - Marketing v2\dias_imports_v2\public\index.php(59): CodeIgniter\Boot::bootWeb()
#15 C:\Sistemas\Dias Imports\Dias Importes - Marketing v2\dias_imports_v2\system\rewrite.php(44): require_once('...')
#16 {main}

Next CodeIgniter\Database\Exceptions\DatabaseException: User '****' has exceeded the 'max_connections_per_hour' resource (current value: 500) in C:\Sistemas\Dias Imports\Dias Importes - Marketing v2\dias_imports_v2\system\Database\MySQLi\Connection.php:231
Stack trace:
#0 C:\Sistemas\Dias Imports\Dias Importes - Marketing v2\dias_imports_v2\system\Database\BaseConnection.php(555): CodeIgniter\Database\MySQLi\Connection->connect()
#1 C:\Sistemas\Dias Imports\Dias Importes - Marketing v2\dias_imports_v2\system\Database\BaseConnection.php(795): CodeIgniter\Database\BaseConnection->initialize()
#2 C:\Sistemas\Dias Imports\Dias Importes - Marketing v2\dias_imports_v2\system\Database\BaseBuilder.php(1659): CodeIgniter\Database\BaseConnection->query()
#3 C:\Sistemas\Dias Imports\Dias Importes - Marketing v2\dias_imports_v2\system\Model.php(297): CodeIgniter\Database\BaseBuilder->get()
#4 C:\Sistemas\Dias Imports\Dias Importes - Marketing v2\dias_imports_v2\system\BaseModel.php(714): CodeIgniter\Model->doFirst()
#5 C:\Sistemas\Dias Imports\Dias Importes - Marketing v2\dias_imports_v2\app\Libraries\EvolutionApiService.php(21): CodeIgniter\BaseModel->first()
#6 C:\Sistemas\Dias Imports\Dias Importes - Marketing v2\dias_imports_v2\app\Libraries\EvolutionApiService.php(39): App\Libraries\EvolutionApiService->getSettings()
#7 C:\Sistemas\Dias Imports\Dias Importes - Marketing v2\dias_imports_v2\app\Controllers\Health.php(33): App\Libraries\EvolutionApiService->isConfigured()
#8 C:\Sistemas\Dias Imports\Dias Importes - Marketing v2\dias_imports_v2\system\CodeIgniter.php(974): App\Controllers\Health->check()
#9 C:\Sistemas\Dias Imports\Dias Importes - Marketing v2\dias_imports_v2\system\CodeIgniter.php(520): CodeIgniter\CodeIgniter->runController()
#10 C:\Sistemas\Dias Imports\Dias Importes - Marketing v2\dias_imports_v2\system\CodeIgniter.php(363): CodeIgniter\CodeIgniter->handleRequest()
#11 C:\Sistemas\Dias Imports\Dias Importes - Marketing v2\dias_imports_v2\system\Boot.php(417): CodeIgniter\CodeIgniter->run()
#12 C:\Sistemas\Dias Imports\Dias Importes - Marketing v2\dias_imports_v2\system\Boot.php(68): CodeIgniter\Boot::runCodeIgniter()
#13 C:\Sistemas\Dias Imports\Dias Importes - Marketing v2\dias_imports_v2\public\index.php(59): CodeIgniter\Boot::bootWeb()
#14 C:\Sistemas\Dias Imports\Dias Importes - Marketing v2\dias_imports_v2\system\rewrite.php(44): require_once('...')
#15 {main}
ERROR - 2026-08-23 08:04:12 --> Error connecting to the database: mysqli_sql_exception: User 'u215145685_dias_imports' has exceeded the 'max_connections_per_hour' resource (current value: 500) in C:\Sistemas\Dias Imports\Dias Importes - Marketing v2\dias_imports_v2\system\Database\MySQLi\Connection.php:201
Stack trace:
#0 C:\Sistemas\Dias Imports\Dias Importes - Marketing v2\dias_imports_v2\system\Database\MySQLi\Connection.php(201): mysqli->real_connect()
#1 C:\Sistemas\Dias Imports\Dias Importes - Marketing v2\dias_imports_v2\system\Database\BaseConnection.php(555): CodeIgniter\Database\MySQLi\Connection->connect()
#2 C:\Sistemas\Dias Imports\Dias Importes - Marketing v2\dias_imports_v2\system\Database\BaseConnection.php(795): CodeIgniter\Database\BaseConnection->initialize()
#3 C:\Sistemas\Dias Imports\Dias Importes - Marketing v2\dias_imports_v2\system\Database\BaseBuilder.php(1659): CodeIgniter\Database\BaseConnection->query()
#4 C:\Sistemas\Dias Imports\Dias Importes - Marketing v2\dias_imports_v2\app\Models\SystemJobQueueModel.php(38): CodeIgniter\Database\BaseBuilder->get()
#5 C:\Sistemas\Dias Imports\Dias Importes - Marketing v2\dias_imports_v2\app\Controllers\Health.php(68): App\Models\SystemJobQueueModel->getQueueStats()
#6 C:\Sistemas\Dias Imports\Dias Importes - Marketing v2\dias_imports_v2\system\CodeIgniter.php(974): App\Controllers\Health->check()
#7 C:\Sistemas\Dias Imports\Dias Importes - Marketing v2\dias_imports_v2\system\CodeIgniter.php(520): CodeIgniter\CodeIgniter->runController()
#8 C:\Sistemas\Dias Imports\Dias Importes - Marketing v2\dias_imports_v2\system\CodeIgniter.php(363): CodeIgniter\CodeIgniter->handleRequest()
#9 C:\Sistemas\Dias Imports\Dias Importes - Marketing v2\dias_imports_v2\system\Boot.php(417): CodeIgniter\CodeIgniter->run()
#10 C:\Sistemas\Dias Imports\Dias Importes - Marketing v2\dias_imports_v2\system\Boot.php(68): CodeIgniter\Boot::runCodeIgniter()
#11 C:\Sistemas\Dias Imports\Dias Importes - Marketing v2\dias_imports_v2\public\index.php(59): CodeIgniter\Boot::bootWeb()
#12 C:\Sistemas\Dias Imports\Dias Importes - Marketing v2\dias_imports_v2\system\rewrite.php(44): require_once('...')
#13 {main}

Next CodeIgniter\Database\Exceptions\DatabaseException: User '****' has exceeded the 'max_connections_per_hour' resource (current value: 500) in C:\Sistemas\Dias Imports\Dias Importes - Marketing v2\dias_imports_v2\system\Database\MySQLi\Connection.php:231
Stack trace:
#0 C:\Sistemas\Dias Imports\Dias Importes - Marketing v2\dias_imports_v2\system\Database\BaseConnection.php(555): CodeIgniter\Database\MySQLi\Connection->connect()
#1 C:\Sistemas\Dias Imports\Dias Importes - Marketing v2\dias_imports_v2\system\Database\BaseConnection.php(795): CodeIgniter\Database\BaseConnection->initialize()
#2 C:\Sistemas\Dias Imports\Dias Importes - Marketing v2\dias_imports_v2\system\Database\BaseBuilder.php(1659): CodeIgniter\Database\BaseConnection->query()
#3 C:\Sistemas\Dias Imports\Dias Importes - Marketing v2\dias_imports_v2\app\Models\SystemJobQueueModel.php(38): CodeIgniter\Database\BaseBuilder->get()
#4 C:\Sistemas\Dias Imports\Dias Importes - Marketing v2\dias_imports_v2\app\Controllers\Health.php(68): App\Models\SystemJobQueueModel->getQueueStats()
#5 C:\Sistemas\Dias Imports\Dias Importes - Marketing v2\dias_imports_v2\system\CodeIgniter.php(974): App\Controllers\Health->check()
#6 C:\Sistemas\Dias Imports\Dias Importes - Marketing v2\dias_imports_v2\system\CodeIgniter.php(520): CodeIgniter\CodeIgniter->runController()
#7 C:\Sistemas\Dias Imports\Dias Importes - Marketing v2\dias_imports_v2\system\CodeIgniter.php(363): CodeIgniter\CodeIgniter->handleRequest()
#8 C:\Sistemas\Dias Imports\Dias Importes - Marketing v2\dias_imports_v2\system\Boot.php(417): CodeIgniter\CodeIgniter->run()
#9 C:\Sistemas\Dias Imports\Dias Importes - Marketing v2\dias_imports_v2\system\Boot.php(68): CodeIgniter\Boot::runCodeIgniter()
#10 C:\Sistemas\Dias Imports\Dias Importes - Marketing v2\dias_imports_v2\public\index.php(59): CodeIgniter\Boot::bootWeb()
#11 C:\Sistemas\Dias Imports\Dias Importes - Marketing v2\dias_imports_v2\system\rewrite.php(44): require_once('...')
#12 {main}
DEBUG - 2026-08-23 08:04:27 --> Session: Class initialized using 'CodeIgniter\Session\Handlers\FileHandler' driver.
ERROR - 2026-08-23 08:04:27 --> Error connecting to the database: mysqli_sql_exception: User 'u215145685_dias_imports' has exceeded the 'max_connections_per_hour' resource (current value: 500) in C:\Sistemas\Dias Imports\Dias Importes - Marketing v2\dias_imports_v2\system\Database\MySQLi\Connection.php:201
Stack trace:
#0 C:\Sistemas\Dias Imports\Dias Importes - Marketing v2\dias_imports_v2\system\Database\MySQLi\Connection.php(201): mysqli->real_connect()
#1 C:\Sistemas\Dias Imports\Dias Importes - Marketing v2\dias_imports_v2\system\Database\BaseConnection.php(555): CodeIgniter\Database\MySQLi\Connection->connect()
#2 C:\Sistemas\Dias Imports\Dias Importes - Marketing v2\dias_imports_v2\system\Database\BaseConnection.php(795): CodeIgniter\Database\BaseConnection->initialize()
#3 C:\Sistemas\Dias Imports\Dias Importes - Marketing v2\dias_imports_v2\system\Database\BaseBuilder.php(1659): CodeIgniter\Database\BaseConnection->query()
#4 C:\Sistemas\Dias Imports\Dias Importes - Marketing v2\dias_imports_v2\system\Model.php(297): CodeIgniter\Database\BaseBuilder->get()
#5 C:\Sistemas\Dias Imports\Dias Importes - Marketing v2\dias_imports_v2\system\BaseModel.php(714): CodeIgniter\Model->doFirst()
#6 C:\Sistemas\Dias Imports\Dias Importes - Marketing v2\dias_imports_v2\app\Libraries\EvolutionApiService.php(21): CodeIgniter\BaseModel->first()
#7 C:\Sistemas\Dias Imports\Dias Importes - Marketing v2\dias_imports_v2\app\Libraries\EvolutionApiService.php(39): App\Libraries\EvolutionApiService->getSettings()
#8 C:\Sistemas\Dias Imports\Dias Importes - Marketing v2\dias_imports_v2\app\Controllers\Health.php(33): App\Libraries\EvolutionApiService->isConfigured()
#9 C:\Sistemas\Dias Imports\Dias Importes - Marketing v2\dias_imports_v2\system\CodeIgniter.php(974): App\Controllers\Health->check()
#10 C:\Sistemas\Dias Imports\Dias Importes - Marketing v2\dias_imports_v2\system\CodeIgniter.php(520): CodeIgniter\CodeIgniter->runController()
#11 C:\Sistemas\Dias Imports\Dias Importes - Marketing v2\dias_imports_v2\system\CodeIgniter.php(363): CodeIgniter\CodeIgniter->handleRequest()
#12 C:\Sistemas\Dias Imports\Dias Importes - Marketing v2\dias_imports_v2\system\Boot.php(417): CodeIgniter\CodeIgniter->run()
#13 C:\Sistemas\Dias Imports\Dias Importes - Marketing v2\dias_imports_v2\system\Boot.php(68): CodeIgniter\Boot::runCodeIgniter()
#14 C:\Sistemas\Dias Imports\Dias Importes - Marketing v2\dias_imports_v2\public\index.php(59): CodeIgniter\Boot::bootWeb()
#15 C:\Sistemas\Dias Imports\Dias Importes - Marketing v2\dias_imports_v2\system\rewrite.php(44): require_once('...')
#16 {main}

Next CodeIgniter\Database\Exceptions\DatabaseException: User '****' has exceeded the 'max_connections_per_hour' resource (current value: 500) in C:\Sistemas\Dias Imports\Dias Importes - Marketing v2\dias_imports_v2\system\Database\MySQLi\Connection.php:231
Stack trace:
#0 C:\Sistemas\Dias Imports\Dias Importes - Marketing v2\dias_imports_v2\system\Database\BaseConnection.php(555): CodeIgniter\Database\MySQLi\Connection->connect()
#1 C:\Sistemas\Dias Imports\Dias Importes - Marketing v2\dias_imports_v2\system\Database\BaseConnection.php(795): CodeIgniter\Database\BaseConnection->initialize()
#2 C:\Sistemas\Dias Imports\Dias Importes - Marketing v2\dias_imports_v2\system\Database\BaseBuilder.php(1659): CodeIgniter\Database\BaseConnection->query()
#3 C:\Sistemas\Dias Imports\Dias Importes - Marketing v2\dias_imports_v2\system\Model.php(297): CodeIgniter\Database\BaseBuilder->get()
#4 C:\Sistemas\Dias Imports\Dias Importes - Marketing v2\dias_imports_v2\system\BaseModel.php(714): CodeIgniter\Model->doFirst()
#5 C:\Sistemas\Dias Imports\Dias Importes - Marketing v2\dias_imports_v2\app\Libraries\EvolutionApiService.php(21): CodeIgniter\BaseModel->first()
#6 C:\Sistemas\Dias Imports\Dias Importes - Marketing v2\dias_imports_v2\app\Libraries\EvolutionApiService.php(39): App\Libraries\EvolutionApiService->getSettings()
#7 C:\Sistemas\Dias Imports\Dias Importes - Marketing v2\dias_imports_v2\app\Controllers\Health.php(33): App\Libraries\EvolutionApiService->isConfigured()
#8 C:\Sistemas\Dias Imports\Dias Importes - Marketing v2\dias_imports_v2\system\CodeIgniter.php(974): App\Controllers\Health->check()
#9 C:\Sistemas\Dias Imports\Dias Importes - Marketing v2\dias_imports_v2\system\CodeIgniter.php(520): CodeIgniter\CodeIgniter->runController()
#10 C:\Sistemas\Dias Imports\Dias Importes - Marketing v2\dias_imports_v2\system\CodeIgniter.php(363): CodeIgniter\CodeIgniter->handleRequest()
#11 C:\Sistemas\Dias Imports\Dias Importes - Marketing v2\dias_imports_v2\system\Boot.php(417): CodeIgniter\CodeIgniter->run()
#12 C:\Sistemas\Dias Imports\Dias Importes - Marketing v2\dias_imports_v2\system\Boot.php(68): CodeIgniter\Boot::runCodeIgniter()
#13 C:\Sistemas\Dias Imports\Dias Importes - Marketing v2\dias_imports_v2\public\index.php(59): CodeIgniter\Boot::bootWeb()
#14 C:\Sistemas\Dias Imports\Dias Importes - Marketing v2\dias_imports_v2\system\rewrite.php(44): require_once('...')
#15 {main}
ERROR - 2026-08-23 08:04:27 --> Error connecting to the database: mysqli_sql_exception: User 'u215145685_dias_imports' has exceeded the 'max_connections_per_hour' resource (current value: 500) in C:\Sistemas\Dias Imports\Dias Importes - Marketing v2\dias_imports_v2\system\Database\MySQLi\Connection.php:201
Stack trace:
#0 C:\Sistemas\Dias Imports\Dias Importes - Marketing v2\dias_imports_v2\system\Database\MySQLi\Connection.php(201): mysqli->real_connect()
#1 C:\Sistemas\Dias Imports\Dias Importes - Marketing v2\dias_imports_v2\system\Database\BaseConnection.php(555): CodeIgniter\Database\MySQLi\Connection->connect()
#2 C:\Sistemas\Dias Imports\Dias Importes - Marketing v2\dias_imports_v2\system\Database\BaseConnection.php(795): CodeIgniter\Database\BaseConnection->initialize()
#3 C:\Sistemas\Dias Imports\Dias Importes - Marketing v2\dias_imports_v2\system\Database\BaseBuilder.php(1659): CodeIgniter\Database\BaseConnection->query()
#4 C:\Sistemas\Dias Imports\Dias Importes - Marketing v2\dias_imports_v2\app\Models\SystemJobQueueModel.php(38): CodeIgniter\Database\BaseBuilder->get()
#5 C:\Sistemas\Dias Imports\Dias Importes - Marketing v2\dias_imports_v2\app\Controllers\Health.php(68): App\Models\SystemJobQueueModel->getQueueStats()
#6 C:\Sistemas\Dias Imports\Dias Importes - Marketing v2\dias_imports_v2\system\CodeIgniter.php(974): App\Controllers\Health->check()
#7 C:\Sistemas\Dias Imports\Dias Importes - Marketing v2\dias_imports_v2\system\CodeIgniter.php(520): CodeIgniter\CodeIgniter->runController()
#8 C:\Sistemas\Dias Imports\Dias Importes - Marketing v2\dias_imports_v2\system\CodeIgniter.php(363): CodeIgniter\CodeIgniter->handleRequest()
#9 C:\Sistemas\Dias Imports\Dias Importes - Marketing v2\dias_imports_v2\system\Boot.php(417): CodeIgniter\CodeIgniter->run()
#10 C:\Sistemas\Dias Imports\Dias Importes - Marketing v2\dias_imports_v2\system\Boot.php(68): CodeIgniter\Boot::runCodeIgniter()
#11 C:\Sistemas\Dias Imports\Dias Importes - Marketing v2\dias_imports_v2\public\index.php(59): CodeIgniter\Boot::bootWeb()
#12 C:\Sistemas\Dias Imports\Dias Importes - Marketing v2\dias_imports_v2\system\rewrite.php(44): require_once('...')
#13 {main}

Next CodeIgniter\Database\Exceptions\DatabaseException: User '****' has exceeded the 'max_connections_per_hour' resource (current value: 500) in C:\Sistemas\Dias Imports\Dias Importes - Marketing v2\dias_imports_v2\system\Database\MySQLi\Connection.php:231
Stack trace:
#0 C:\Sistemas\Dias Imports\Dias Importes - Marketing v2\dias_imports_v2\system\Database\BaseConnection.php(555): CodeIgniter\Database\MySQLi\Connection->connect()
#1 C:\Sistemas\Dias Imports\Dias Importes - Marketing v2\dias_imports_v2\system\Database\BaseConnection.php(795): CodeIgniter\Database\BaseConnection->initialize()
#2 C:\Sistemas\Dias Imports\Dias Importes - Marketing v2\dias_imports_v2\system\Database\BaseBuilder.php(1659): CodeIgniter\Database\BaseConnection->query()
#3 C:\Sistemas\Dias Imports\Dias Importes - Marketing v2\dias_imports_v2\app\Models\SystemJobQueueModel.php(38): CodeIgniter\Database\BaseBuilder->get()
#4 C:\Sistemas\Dias Imports\Dias Importes - Marketing v2\dias_imports_v2\app\Controllers\Health.php(68): App\Models\SystemJobQueueModel->getQueueStats()
#5 C:\Sistemas\Dias Imports\Dias Importes - Marketing v2\dias_imports_v2\system\CodeIgniter.php(974): App\Controllers\Health->check()
#6 C:\Sistemas\Dias Imports\Dias Importes - Marketing v2\dias_imports_v2\system\CodeIgniter.php(520): CodeIgniter\CodeIgniter->runController()
#7 C:\Sistemas\Dias Imports\Dias Importes - Marketing v2\dias_imports_v2\system\CodeIgniter.php(363): CodeIgniter\CodeIgniter->handleRequest()
#8 C:\Sistemas\Dias Imports\Dias Importes - Marketing v2\dias_imports_v2\system\Boot.php(417): CodeIgniter\CodeIgniter->run()
#9 C:\Sistemas\Dias Imports\Dias Importes - Marketing v2\dias_imports_v2\system\Boot.php(68): CodeIgniter\Boot::runCodeIgniter()
#10 C:\Sistemas\Dias Imports\Dias Importes - Marketing v2\dias_imports_v2\public\index.php(59): CodeIgniter\Boot::bootWeb()
#11 C:\Sistemas\Dias Imports\Dias Importes - Marketing v2\dias_imports_v2\system\rewrite.php(44): require_once('...')
#12 {main}
DEBUG - 2026-08-23 08:04:32 --> Session: Class initialized using 'CodeIgniter\Session\Handlers\FileHandler' driver.
INFO - 2026-08-23 08:04:32 --> CSRF token verified.
DEBUG - 2026-08-23 08:04:32 --> Session: Class initialized using 'CodeIgniter\Session\Handlers\FileHandler' driver.
ERROR - 2026-08-23 08:04:32 --> Error connecting to the database: mysqli_sql_exception: User 'u215145685_dias_imports' has exceeded the 'max_connections_per_hour' resource (current value: 500) in C:\Sistemas\Dias Imports\Dias Importes - Marketing v2\dias_imports_v2\system\Database\MySQLi\Connection.php:201
Stack trace:
#0 C:\Sistemas\Dias Imports\Dias Importes - Marketing v2\dias_imports_v2\system\Database\MySQLi\Connection.php(201): mysqli->real_connect()
#1 C:\Sistemas\Dias Imports\Dias Importes - Marketing v2\dias_imports_v2\system\Database\BaseConnection.php(555): CodeIgniter\Database\MySQLi\Connection->connect()
#2 C:\Sistemas\Dias Imports\Dias Importes - Marketing v2\dias_imports_v2\system\Database\BaseConnection.php(795): CodeIgniter\Database\BaseConnection->initialize()
#3 C:\Sistemas\Dias Imports\Dias Importes - Marketing v2\dias_imports_v2\system\Database\BaseBuilder.php(1659): CodeIgniter\Database\BaseConnection->query()
#4 C:\Sistemas\Dias Imports\Dias Importes - Marketing v2\dias_imports_v2\system\Model.php(297): CodeIgniter\Database\BaseBuilder->get()
#5 C:\Sistemas\Dias Imports\Dias Importes - Marketing v2\dias_imports_v2\system\BaseModel.php(714): CodeIgniter\Model->doFirst()
#6 C:\Sistemas\Dias Imports\Dias Importes - Marketing v2\dias_imports_v2\app\Controllers\Home.php(412): CodeIgniter\BaseModel->first()
#7 C:\Sistemas\Dias Imports\Dias Importes - Marketing v2\dias_imports_v2\app\Controllers\Home.php(111): App\Controllers\Home->renderPage()
#8 C:\Sistemas\Dias Imports\Dias Importes - Marketing v2\dias_imports_v2\system\CodeIgniter.php(974): App\Controllers\Home->settings()
#9 C:\Sistemas\Dias Imports\Dias Importes - Marketing v2\dias_imports_v2\system\CodeIgniter.php(520): CodeIgniter\CodeIgniter->runController()
#10 C:\Sistemas\Dias Imports\Dias Importes - Marketing v2\dias_imports_v2\system\CodeIgniter.php(363): CodeIgniter\CodeIgniter->handleRequest()
#11 C:\Sistemas\Dias Imports\Dias Importes - Marketing v2\dias_imports_v2\system\Boot.php(417): CodeIgniter\CodeIgniter->run()
#12 C:\Sistemas\Dias Imports\Dias Importes - Marketing v2\dias_imports_v2\system\Boot.php(68): CodeIgniter\Boot::runCodeIgniter()
#13 C:\Sistemas\Dias Imports\Dias Importes - Marketing v2\dias_imports_v2\public\index.php(59): CodeIgniter\Boot::bootWeb()
#14 C:\Sistemas\Dias Imports\Dias Importes - Marketing v2\dias_imports_v2\system\rewrite.php(44): require_once('...')
#15 {main}

Next CodeIgniter\Database\Exceptions\DatabaseException: User '****' has exceeded the 'max_connections_per_hour' resource (current value: 500) in C:\Sistemas\Dias Imports\Dias Importes - Marketing v2\dias_imports_v2\system\Database\MySQLi\Connection.php:231
Stack trace:
#0 C:\Sistemas\Dias Imports\Dias Importes - Marketing v2\dias_imports_v2\system\Database\BaseConnection.php(555): CodeIgniter\Database\MySQLi\Connection->connect()
#1 C:\Sistemas\Dias Imports\Dias Importes - Marketing v2\dias_imports_v2\system\Database\BaseConnection.php(795): CodeIgniter\Database\BaseConnection->initialize()
#2 C:\Sistemas\Dias Imports\Dias Importes - Marketing v2\dias_imports_v2\system\Database\BaseBuilder.php(1659): CodeIgniter\Database\BaseConnection->query()
#3 C:\Sistemas\Dias Imports\Dias Importes - Marketing v2\dias_imports_v2\system\Model.php(297): CodeIgniter\Database\BaseBuilder->get()
#4 C:\Sistemas\Dias Imports\Dias Importes - Marketing v2\dias_imports_v2\system\BaseModel.php(714): CodeIgniter\Model->doFirst()
#5 C:\Sistemas\Dias Imports\Dias Importes - Marketing v2\dias_imports_v2\app\Controllers\Home.php(412): CodeIgniter\BaseModel->first()
#6 C:\Sistemas\Dias Imports\Dias Importes - Marketing v2\dias_imports_v2\app\Controllers\Home.php(111): App\Controllers\Home->renderPage()
#7 C:\Sistemas\Dias Imports\Dias Importes - Marketing v2\dias_imports_v2\system\CodeIgniter.php(974): App\Controllers\Home->settings()
#8 C:\Sistemas\Dias Imports\Dias Importes - Marketing v2\dias_imports_v2\system\CodeIgniter.php(520): CodeIgniter\CodeIgniter->runController()
#9 C:\Sistemas\Dias Imports\Dias Importes - Marketing v2\dias_imports_v2\system\CodeIgniter.php(363): CodeIgniter\CodeIgniter->handleRequest()
#10 C:\Sistemas\Dias Imports\Dias Importes - Marketing v2\dias_imports_v2\system\Boot.php(417): CodeIgniter\CodeIgniter->run()
#11 C:\Sistemas\Dias Imports\Dias Importes - Marketing v2\dias_imports_v2\system\Boot.php(68): CodeIgniter\Boot::runCodeIgniter()
#12 C:\Sistemas\Dias Imports\Dias Importes - Marketing v2\dias_imports_v2\public\index.php(59): CodeIgniter\Boot::bootWeb()
#13 C:\Sistemas\Dias Imports\Dias Importes - Marketing v2\dias_imports_v2\system\rewrite.php(44): require_once('...')
#14 {main}
CRITICAL - 2026-08-23 08:04:32 --> CodeIgniter\Database\Exceptions\DatabaseException: Unable to connect to the database.
Main connection [MySQLi]: User '****' has exceeded the 'max_connections_per_hour' resource (current value: 500)
[Method: GET, Route: configuracoes]
in SYSTEMPATH\Database\BaseConnection.php on line 606.
 1 SYSTEMPATH\Database\BaseConnection.php(795): CodeIgniter\Database\BaseConnection->initialize()
 2 SYSTEMPATH\Database\BaseBuilder.php(1659): CodeIgniter\Database\BaseConnection->query()
 3 SYSTEMPATH\Model.php(297): CodeIgniter\Database\BaseBuilder->get()
 4 SYSTEMPATH\BaseModel.php(714): CodeIgniter\Model->doFirst()
 5 APPPATH\Controllers\Home.php(412): CodeIgniter\BaseModel->first()
 6 APPPATH\Controllers\Home.php(111): App\Controllers\Home->renderPage()
 7 SYSTEMPATH\CodeIgniter.php(974): App\Controllers\Home->settings()
 8 SYSTEMPATH\CodeIgniter.php(520): CodeIgniter\CodeIgniter->runController()
 9 SYSTEMPATH\CodeIgniter.php(363): CodeIgniter\CodeIgniter->handleRequest()
10 SYSTEMPATH\Boot.php(417): CodeIgniter\CodeIgniter->run()
11 SYSTEMPATH\Boot.php(68): CodeIgniter\Boot::runCodeIgniter()
12 FCPATH\index.php(59): CodeIgniter\Boot::bootWeb()
13 SYSTEMPATH\rewrite.php(44): require_once('C:\\Sistemas\\Dias Imports\\Dias Importes - Marketing v2\\dias_imports_v2\\public\\index.php')
DEBUG - 2026-08-23 08:08:01 --> Session: Class initialized using 'CodeIgniter\Session\Handlers\FileHandler' driver.
DEBUG - 2026-08-23 08:08:01 --> Session: Class initialized using 'CodeIgniter\Session\Handlers\FileHandler' driver.
ERROR - 2026-08-23 08:08:55 --> Error connecting to the database: Error: Class "SQLite3" not found in C:\Sistemas\Dias Imports\Dias Importes - Marketing v2\dias_imports_v2\system\Database\SQLite3\Connection.php:111
Stack trace:
#0 C:\Sistemas\Dias Imports\Dias Importes - Marketing v2\dias_imports_v2\system\Database\BaseConnection.php(555): CodeIgniter\Database\SQLite3\Connection->connect()
#1 C:\Sistemas\Dias Imports\Dias Importes - Marketing v2\dias_imports_v2\system\Database\SQLite3\Connection.php(74): CodeIgniter\Database\BaseConnection->initialize()
#2 C:\Sistemas\Dias Imports\Dias Importes - Marketing v2\dias_imports_v2\system\Test\DatabaseTestTrait.php(91): CodeIgniter\Database\SQLite3\Connection->initialize()
#3 C:\Sistemas\Dias Imports\Dias Importes - Marketing v2\dias_imports_v2\system\Test\DatabaseTestTrait.php(67): ExampleDatabaseTest->loadDependencies()
#4 C:\Sistemas\Dias Imports\Dias Importes - Marketing v2\dias_imports_v2\system\Test\CIUnitTestCase.php(254): ExampleDatabaseTest->setUpDatabase()
#5 C:\Sistemas\Dias Imports\Dias Importes - Marketing v2\dias_imports_v2\vendor\phpunit\phpunit\src\Framework\TestCase.php(2467): CodeIgniter\Test\CIUnitTestCase->setUp()
#6 C:\Sistemas\Dias Imports\Dias Importes - Marketing v2\dias_imports_v2\vendor\phpunit\phpunit\src\Framework\TestCase.php(2370): PHPUnit\Framework\TestCase->invokeHookMethods()
#7 C:\Sistemas\Dias Imports\Dias Importes - Marketing v2\dias_imports_v2\vendor\phpunit\phpunit\src\Framework\TestCase.php(511): PHPUnit\Framework\TestCase->invokeBeforeTestHookMethods()
#8 C:\Sistemas\Dias Imports\Dias Importes - Marketing v2\dias_imports_v2\vendor\phpunit\phpunit\src\Framework\TestRunner\TestRunner.php(87): PHPUnit\Framework\TestCase->runBare()
#9 C:\Sistemas\Dias Imports\Dias Importes - Marketing v2\dias_imports_v2\vendor\phpunit\phpunit\src\Framework\TestCase.php(365): PHPUnit\Framework\TestRunner->run()
#10 C:\Sistemas\Dias Imports\Dias Importes - Marketing v2\dias_imports_v2\vendor\phpunit\phpunit\src\Framework\TestSuite.php(369): PHPUnit\Framework\TestCase->run()
#11 C:\Sistemas\Dias Imports\Dias Importes - Marketing v2\dias_imports_v2\vendor\phpunit\phpunit\src\Framework\TestSuite.php(369): PHPUnit\Framework\TestSuite->run()
#12 C:\Sistemas\Dias Imports\Dias Importes - Marketing v2\dias_imports_v2\vendor\phpunit\phpunit\src\Framework\TestSuite.php(369): PHPUnit\Framework\TestSuite->run()
#13 C:\Sistemas\Dias Imports\Dias Importes - Marketing v2\dias_imports_v2\vendor\phpunit\phpunit\src\TextUI\TestRunner.php(64): PHPUnit\Framework\TestSuite->run()
#14 C:\Sistemas\Dias Imports\Dias Importes - Marketing v2\dias_imports_v2\vendor\phpunit\phpunit\src\TextUI\Application.php(211): PHPUnit\TextUI\TestRunner->run()
#15 C:\Sistemas\Dias Imports\Dias Importes - Marketing v2\dias_imports_v2\vendor\phpunit\phpunit\phpunit(104): PHPUnit\TextUI\Application->run()
#16 C:\Sistemas\Dias Imports\Dias Importes - Marketing v2\dias_imports_v2\vendor\bin\phpunit(122): include('...')
#17 {main}
ERROR - 2026-08-23 08:08:55 --> Error connecting to the database: Error: Class "SQLite3" not found in C:\Sistemas\Dias Imports\Dias Importes - Marketing v2\dias_imports_v2\system\Database\SQLite3\Connection.php:111
Stack trace:
#0 C:\Sistemas\Dias Imports\Dias Importes - Marketing v2\dias_imports_v2\system\Database\BaseConnection.php(555): CodeIgniter\Database\SQLite3\Connection->connect()
#1 C:\Sistemas\Dias Imports\Dias Importes - Marketing v2\dias_imports_v2\system\Database\SQLite3\Connection.php(74): CodeIgniter\Database\BaseConnection->initialize()
#2 C:\Sistemas\Dias Imports\Dias Importes - Marketing v2\dias_imports_v2\system\Test\DatabaseTestTrait.php(91): CodeIgniter\Database\SQLite3\Connection->initialize()
#3 C:\Sistemas\Dias Imports\Dias Importes - Marketing v2\dias_imports_v2\system\Test\DatabaseTestTrait.php(67): ExampleDatabaseTest->loadDependencies()
#4 C:\Sistemas\Dias Imports\Dias Importes - Marketing v2\dias_imports_v2\system\Test\CIUnitTestCase.php(254): ExampleDatabaseTest->setUpDatabase()
#5 C:\Sistemas\Dias Imports\Dias Importes - Marketing v2\dias_imports_v2\vendor\phpunit\phpunit\src\Framework\TestCase.php(2467): CodeIgniter\Test\CIUnitTestCase->setUp()
#6 C:\Sistemas\Dias Imports\Dias Importes - Marketing v2\dias_imports_v2\vendor\phpunit\phpunit\src\Framework\TestCase.php(2370): PHPUnit\Framework\TestCase->invokeHookMethods()
#7 C:\Sistemas\Dias Imports\Dias Importes - Marketing v2\dias_imports_v2\vendor\phpunit\phpunit\src\Framework\TestCase.php(511): PHPUnit\Framework\TestCase->invokeBeforeTestHookMethods()
#8 C:\Sistemas\Dias Imports\Dias Importes - Marketing v2\dias_imports_v2\vendor\phpunit\phpunit\src\Framework\TestRunner\TestRunner.php(87): PHPUnit\Framework\TestCase->runBare()
#9 C:\Sistemas\Dias Imports\Dias Importes - Marketing v2\dias_imports_v2\vendor\phpunit\phpunit\src\Framework\TestCase.php(365): PHPUnit\Framework\TestRunner->run()
#10 C:\Sistemas\Dias Imports\Dias Importes - Marketing v2\dias_imports_v2\vendor\phpunit\phpunit\src\Framework\TestSuite.php(369): PHPUnit\Framework\TestCase->run()
#11 C:\Sistemas\Dias Imports\Dias Importes - Marketing v2\dias_imports_v2\vendor\phpunit\phpunit\src\Framework\TestSuite.php(369): PHPUnit\Framework\TestSuite->run()
#12 C:\Sistemas\Dias Imports\Dias Importes - Marketing v2\dias_imports_v2\vendor\phpunit\phpunit\src\Framework\TestSuite.php(369): PHPUnit\Framework\TestSuite->run()
#13 C:\Sistemas\Dias Imports\Dias Importes - Marketing v2\dias_imports_v2\vendor\phpunit\phpunit\src\TextUI\TestRunner.php(64): PHPUnit\Framework\TestSuite->run()
#14 C:\Sistemas\Dias Imports\Dias Importes - Marketing v2\dias_imports_v2\vendor\phpunit\phpunit\src\TextUI\Application.php(211): PHPUnit\TextUI\TestRunner->run()
#15 C:\Sistemas\Dias Imports\Dias Importes - Marketing v2\dias_imports_v2\vendor\phpunit\phpunit\phpunit(104): PHPUnit\TextUI\Application->run()
#16 C:\Sistemas\Dias Imports\Dias Importes - Marketing v2\dias_imports_v2\vendor\bin\phpunit(122): include('...')
#17 {main}
DEBUG - 2026-08-23 08:20:37 --> Session: Class initialized using 'CodeIgniter\Session\Handlers\FileHandler' driver.
ERROR - 2026-08-23 08:20:37 --> Error connecting to the database: mysqli_sql_exception: User 'u215145685_dias_imports' has exceeded the 'max_connections_per_hour' resource (current value: 500) in C:\Sistemas\Dias Imports\Dias Importes - Marketing v2\dias_imports_v2\system\Database\MySQLi\Connection.php:201
Stack trace:
#0 C:\Sistemas\Dias Imports\Dias Importes - Marketing v2\dias_imports_v2\system\Database\MySQLi\Connection.php(201): mysqli->real_connect()
#1 C:\Sistemas\Dias Imports\Dias Importes - Marketing v2\dias_imports_v2\system\Database\BaseConnection.php(555): CodeIgniter\Database\MySQLi\Connection->connect()
#2 C:\Sistemas\Dias Imports\Dias Importes - Marketing v2\dias_imports_v2\system\Database\BaseConnection.php(795): CodeIgniter\Database\BaseConnection->initialize()
#3 C:\Sistemas\Dias Imports\Dias Importes - Marketing v2\dias_imports_v2\system\Database\BaseBuilder.php(1659): CodeIgniter\Database\BaseConnection->query()
#4 C:\Sistemas\Dias Imports\Dias Importes - Marketing v2\dias_imports_v2\system\Model.php(297): CodeIgniter\Database\BaseBuilder->get()
#5 C:\Sistemas\Dias Imports\Dias Importes - Marketing v2\dias_imports_v2\system\BaseModel.php(714): CodeIgniter\Model->doFirst()
#6 C:\Sistemas\Dias Imports\Dias Importes - Marketing v2\dias_imports_v2\app\Controllers\Home.php(412): CodeIgniter\BaseModel->first()
#7 C:\Sistemas\Dias Imports\Dias Importes - Marketing v2\dias_imports_v2\app\Controllers\Home.php(111): App\Controllers\Home->renderPage()
#8 C:\Sistemas\Dias Imports\Dias Importes - Marketing v2\dias_imports_v2\system\CodeIgniter.php(974): App\Controllers\Home->settings()
#9 C:\Sistemas\Dias Imports\Dias Importes - Marketing v2\dias_imports_v2\system\CodeIgniter.php(520): CodeIgniter\CodeIgniter->runController()
#10 C:\Sistemas\Dias Imports\Dias Importes - Marketing v2\dias_imports_v2\system\CodeIgniter.php(363): CodeIgniter\CodeIgniter->handleRequest()
#11 C:\Sistemas\Dias Imports\Dias Importes - Marketing v2\dias_imports_v2\system\Boot.php(417): CodeIgniter\CodeIgniter->run()
#12 C:\Sistemas\Dias Imports\Dias Importes - Marketing v2\dias_imports_v2\system\Boot.php(68): CodeIgniter\Boot::runCodeIgniter()
#13 C:\Sistemas\Dias Imports\Dias Importes - Marketing v2\dias_imports_v2\public\index.php(59): CodeIgniter\Boot::bootWeb()
#14 C:\Sistemas\Dias Imports\Dias Importes - Marketing v2\dias_imports_v2\system\rewrite.php(44): require_once('...')
#15 {main}

Next CodeIgniter\Database\Exceptions\DatabaseException: User '****' has exceeded the 'max_connections_per_hour' resource (current value: 500) in C:\Sistemas\Dias Imports\Dias Importes - Marketing v2\dias_imports_v2\system\Database\MySQLi\Connection.php:231
Stack trace:
#0 C:\Sistemas\Dias Imports\Dias Importes - Marketing v2\dias_imports_v2\system\Database\BaseConnection.php(555): CodeIgniter\Database\MySQLi\Connection->connect()
#1 C:\Sistemas\Dias Imports\Dias Importes - Marketing v2\dias_imports_v2\system\Database\BaseConnection.php(795): CodeIgniter\Database\BaseConnection->initialize()
#2 C:\Sistemas\Dias Imports\Dias Importes - Marketing v2\dias_imports_v2\system\Database\BaseBuilder.php(1659): CodeIgniter\Database\BaseConnection->query()
#3 C:\Sistemas\Dias Imports\Dias Importes - Marketing v2\dias_imports_v2\system\Model.php(297): CodeIgniter\Database\BaseBuilder->get()
#4 C:\Sistemas\Dias Imports\Dias Importes - Marketing v2\dias_imports_v2\system\BaseModel.php(714): CodeIgniter\Model->doFirst()
#5 C:\Sistemas\Dias Imports\Dias Importes - Marketing v2\dias_imports_v2\app\Controllers\Home.php(412): CodeIgniter\BaseModel->first()
#6 C:\Sistemas\Dias Imports\Dias Importes - Marketing v2\dias_imports_v2\app\Controllers\Home.php(111): App\Controllers\Home->renderPage()
#7 C:\Sistemas\Dias Imports\Dias Importes - Marketing v2\dias_imports_v2\system\CodeIgniter.php(974): App\Controllers\Home->settings()
#8 C:\Sistemas\Dias Imports\Dias Importes - Marketing v2\dias_imports_v2\system\CodeIgniter.php(520): CodeIgniter\CodeIgniter->runController()
#9 C:\Sistemas\Dias Imports\Dias Importes - Marketing v2\dias_imports_v2\system\CodeIgniter.php(363): CodeIgniter\CodeIgniter->handleRequest()
#10 C:\Sistemas\Dias Imports\Dias Importes - Marketing v2\dias_imports_v2\system\Boot.php(417): CodeIgniter\CodeIgniter->run()
#11 C:\Sistemas\Dias Imports\Dias Importes - Marketing v2\dias_imports_v2\system\Boot.php(68): CodeIgniter\Boot::runCodeIgniter()
#12 C:\Sistemas\Dias Imports\Dias Importes - Marketing v2\dias_imports_v2\public\index.php(59): CodeIgniter\Boot::bootWeb()
#13 C:\Sistemas\Dias Imports\Dias Importes - Marketing v2\dias_imports_v2\system\rewrite.php(44): require_once('...')
#14 {main}
CRITICAL - 2026-08-23 08:20:37 --> CodeIgniter\Database\Exceptions\DatabaseException: Unable to connect to the database.
Main connection [MySQLi]: User '****' has exceeded the 'max_connections_per_hour' resource (current value: 500)
[Method: GET, Route: configuracoes]
in SYSTEMPATH\Database\BaseConnection.php on line 606.
 1 SYSTEMPATH\Database\BaseConnection.php(795): CodeIgniter\Database\BaseConnection->initialize()
 2 SYSTEMPATH\Database\BaseBuilder.php(1659): CodeIgniter\Database\BaseConnection->query()
 3 SYSTEMPATH\Model.php(297): CodeIgniter\Database\BaseBuilder->get()
 4 SYSTEMPATH\BaseModel.php(714): CodeIgniter\Model->doFirst()
 5 APPPATH\Controllers\Home.php(412): CodeIgniter\BaseModel->first()
 6 APPPATH\Controllers\Home.php(111): App\Controllers\Home->renderPage()
 7 SYSTEMPATH\CodeIgniter.php(974): App\Controllers\Home->settings()
 8 SYSTEMPATH\CodeIgniter.php(520): CodeIgniter\CodeIgniter->runController()
 9 SYSTEMPATH\CodeIgniter.php(363): CodeIgniter\CodeIgniter->handleRequest()
10 SYSTEMPATH\Boot.php(417): CodeIgniter\CodeIgniter->run()
11 SYSTEMPATH\Boot.php(68): CodeIgniter\Boot::runCodeIgniter()
12 FCPATH\index.php(59): CodeIgniter\Boot::bootWeb()
13 SYSTEMPATH\rewrite.php(44): require_once('C:\\Sistemas\\Dias Imports\\Dias Importes - Marketing v2\\dias_imports_v2\\public\\index.php')
DEBUG - 2026-08-23 08:27:01 --> Session: Class initialized using 'CodeIgniter\Session\Handlers\FileHandler' driver.
DEBUG - 2026-08-23 08:27:02 --> Session: Class initialized using 'CodeIgniter\Session\Handlers\FileHandler' driver.
DEBUG - 2026-08-23 08:27:13 --> Session: Class initialized using 'CodeIgniter\Session\Handlers\FileHandler' driver.
DEBUG - 2026-08-23 08:27:13 --> Session: Class initialized using 'CodeIgniter\Session\Handlers\FileHandler' driver.
DEBUG - 2026-08-23 08:27:15 --> Session: Class initialized using 'CodeIgniter\Session\Handlers\FileHandler' driver.
DEBUG - 2026-08-23 08:27:16 --> Session: Class initialized using 'CodeIgniter\Session\Handlers\FileHandler' driver.
DEBUG - 2026-08-23 08:27:46 --> Session: Class initialized using 'CodeIgniter\Session\Handlers\FileHandler' driver.
DEBUG - 2026-08-23 08:28:16 --> Session: Class initialized using 'CodeIgniter\Session\Handlers\FileHandler' driver.
DEBUG - 2026-08-23 08:28:46 --> Session: Class initialized using 'CodeIgniter\Session\Handlers\FileHandler' driver.
ERROR - 2026-08-23 08:29:11 --> Error connecting to the database: Error: Class "SQLite3" not found in C:\Sistemas\Dias Imports\Dias Importes - Marketing v2\dias_imports_v2\system\Database\SQLite3\Connection.php:111
Stack trace:
#0 C:\Sistemas\Dias Imports\Dias Importes - Marketing v2\dias_imports_v2\system\Database\BaseConnection.php(555): CodeIgniter\Database\SQLite3\Connection->connect()
#1 C:\Sistemas\Dias Imports\Dias Importes - Marketing v2\dias_imports_v2\system\Database\SQLite3\Connection.php(74): CodeIgniter\Database\BaseConnection->initialize()
#2 C:\Sistemas\Dias Imports\Dias Importes - Marketing v2\dias_imports_v2\system\Test\DatabaseTestTrait.php(91): CodeIgniter\Database\SQLite3\Connection->initialize()
#3 C:\Sistemas\Dias Imports\Dias Importes - Marketing v2\dias_imports_v2\system\Test\DatabaseTestTrait.php(67): ExampleDatabaseTest->loadDependencies()
#4 C:\Sistemas\Dias Imports\Dias Importes - Marketing v2\dias_imports_v2\system\Test\CIUnitTestCase.php(254): ExampleDatabaseTest->setUpDatabase()
#5 C:\Sistemas\Dias Imports\Dias Importes - Marketing v2\dias_imports_v2\vendor\phpunit\phpunit\src\Framework\TestCase.php(2467): CodeIgniter\Test\CIUnitTestCase->setUp()
#6 C:\Sistemas\Dias Imports\Dias Importes - Marketing v2\dias_imports_v2\vendor\phpunit\phpunit\src\Framework\TestCase.php(2370): PHPUnit\Framework\TestCase->invokeHookMethods()
#7 C:\Sistemas\Dias Imports\Dias Importes - Marketing v2\dias_imports_v2\vendor\phpunit\phpunit\src\Framework\TestCase.php(511): PHPUnit\Framework\TestCase->invokeBeforeTestHookMethods()
#8 C:\Sistemas\Dias Imports\Dias Importes - Marketing v2\dias_imports_v2\vendor\phpunit\phpunit\src\Framework\TestRunner\TestRunner.php(87): PHPUnit\Framework\TestCase->runBare()
#9 C:\Sistemas\Dias Imports\Dias Importes - Marketing v2\dias_imports_v2\vendor\phpunit\phpunit\src\Framework\TestCase.php(365): PHPUnit\Framework\TestRunner->run()
#10 C:\Sistemas\Dias Imports\Dias Importes - Marketing v2\dias_imports_v2\vendor\phpunit\phpunit\src\Framework\TestSuite.php(369): PHPUnit\Framework\TestCase->run()
#11 C:\Sistemas\Dias Imports\Dias Importes - Marketing v2\dias_imports_v2\vendor\phpunit\phpunit\src\Framework\TestSuite.php(369): PHPUnit\Framework\TestSuite->run()
#12 C:\Sistemas\Dias Imports\Dias Importes - Marketing v2\dias_imports_v2\vendor\phpunit\phpunit\src\Framework\TestSuite.php(369): PHPUnit\Framework\TestSuite->run()
#13 C:\Sistemas\Dias Imports\Dias Importes - Marketing v2\dias_imports_v2\vendor\phpunit\phpunit\src\TextUI\TestRunner.php(64): PHPUnit\Framework\TestSuite->run()
#14 C:\Sistemas\Dias Imports\Dias Importes - Marketing v2\dias_imports_v2\vendor\phpunit\phpunit\src\TextUI\Application.php(211): PHPUnit\TextUI\TestRunner->run()
#15 C:\Sistemas\Dias Imports\Dias Importes - Marketing v2\dias_imports_v2\vendor\phpunit\phpunit\phpunit(104): PHPUnit\TextUI\Application->run()
#16 C:\Sistemas\Dias Imports\Dias Importes - Marketing v2\dias_imports_v2\vendor\bin\phpunit(122): include('...')
#17 {main}
ERROR - 2026-08-23 08:29:11 --> Error connecting to the database: Error: Class "SQLite3" not found in C:\Sistemas\Dias Imports\Dias Importes - Marketing v2\dias_imports_v2\system\Database\SQLite3\Connection.php:111
Stack trace:
#0 C:\Sistemas\Dias Imports\Dias Importes - Marketing v2\dias_imports_v2\system\Database\BaseConnection.php(555): CodeIgniter\Database\SQLite3\Connection->connect()
#1 C:\Sistemas\Dias Imports\Dias Importes - Marketing v2\dias_imports_v2\system\Database\SQLite3\Connection.php(74): CodeIgniter\Database\BaseConnection->initialize()
#2 C:\Sistemas\Dias Imports\Dias Importes - Marketing v2\dias_imports_v2\system\Test\DatabaseTestTrait.php(91): CodeIgniter\Database\SQLite3\Connection->initialize()
#3 C:\Sistemas\Dias Imports\Dias Importes - Marketing v2\dias_imports_v2\system\Test\DatabaseTestTrait.php(67): ExampleDatabaseTest->loadDependencies()
#4 C:\Sistemas\Dias Imports\Dias Importes - Marketing v2\dias_imports_v2\system\Test\CIUnitTestCase.php(254): ExampleDatabaseTest->setUpDatabase()
#5 C:\Sistemas\Dias Imports\Dias Importes - Marketing v2\dias_imports_v2\vendor\phpunit\phpunit\src\Framework\TestCase.php(2467): CodeIgniter\Test\CIUnitTestCase->setUp()
#6 C:\Sistemas\Dias Imports\Dias Importes - Marketing v2\dias_imports_v2\vendor\phpunit\phpunit\src\Framework\TestCase.php(2370): PHPUnit\Framework\TestCase->invokeHookMethods()
#7 C:\Sistemas\Dias Imports\Dias Importes - Marketing v2\dias_imports_v2\vendor\phpunit\phpunit\src\Framework\TestCase.php(511): PHPUnit\Framework\TestCase->invokeBeforeTestHookMethods()
#8 C:\Sistemas\Dias Imports\Dias Importes - Marketing v2\dias_imports_v2\vendor\phpunit\phpunit\src\Framework\TestRunner\TestRunner.php(87): PHPUnit\Framework\TestCase->runBare()
#9 C:\Sistemas\Dias Imports\Dias Importes - Marketing v2\dias_imports_v2\vendor\phpunit\phpunit\src\Framework\TestCase.php(365): PHPUnit\Framework\TestRunner->run()
#10 C:\Sistemas\Dias Imports\Dias Importes - Marketing v2\dias_imports_v2\vendor\phpunit\phpunit\src\Framework\TestSuite.php(369): PHPUnit\Framework\TestCase->run()
#11 C:\Sistemas\Dias Imports\Dias Importes - Marketing v2\dias_imports_v2\vendor\phpunit\phpunit\src\Framework\TestSuite.php(369): PHPUnit\Framework\TestSuite->run()
#12 C:\Sistemas\Dias Imports\Dias Importes - Marketing v2\dias_imports_v2\vendor\phpunit\phpunit\src\Framework\TestSuite.php(369): PHPUnit\Framework\TestSuite->run()
#13 C:\Sistemas\Dias Imports\Dias Importes - Marketing v2\dias_imports_v2\vendor\phpunit\phpunit\src\TextUI\TestRunner.php(64): PHPUnit\Framework\TestSuite->run()
#14 C:\Sistemas\Dias Imports\Dias Importes - Marketing v2\dias_imports_v2\vendor\phpunit\phpunit\src\TextUI\Application.php(211): PHPUnit\TextUI\TestRunner->run()
#15 C:\Sistemas\Dias Imports\Dias Importes - Marketing v2\dias_imports_v2\vendor\phpunit\phpunit\phpunit(104): PHPUnit\TextUI\Application->run()
#16 C:\Sistemas\Dias Imports\Dias Importes - Marketing v2\dias_imports_v2\vendor\bin\phpunit(122): include('...')
#17 {main}
DEBUG - 2026-08-23 08:29:15 --> Session: Class initialized using 'CodeIgniter\Session\Handlers\FileHandler' driver.
DEBUG - 2026-08-23 08:29:16 --> Session: Class initialized using 'CodeIgniter\Session\Handlers\FileHandler' driver.
DEBUG - 2026-08-23 08:29:17 --> Session: Class initialized using 'CodeIgniter\Session\Handlers\FileHandler' driver.
DEBUG - 2026-08-23 08:29:42 --> Session: Class initialized using 'CodeIgniter\Session\Handlers\FileHandler' driver.
DEBUG - 2026-08-23 08:29:42 --> Session: Class initialized using 'CodeIgniter\Session\Handlers\FileHandler' driver.
DEBUG - 2026-08-23 08:29:43 --> Session: Class initialized using 'CodeIgniter\Session\Handlers\FileHandler' driver.
DEBUG - 2026-08-23 08:29:44 --> Session: Class initialized using 'CodeIgniter\Session\Handlers\FileHandler' driver.
DEBUG - 2026-08-23 08:30:14 --> Session: Class initialized using 'CodeIgniter\Session\Handlers\FileHandler' driver.
DEBUG - 2026-08-23 08:30:44 --> Session: Class initialized using 'CodeIgniter\Session\Handlers\FileHandler' driver.
DEBUG - 2026-08-23 08:31:14 --> Session: Class initialized using 'CodeIgniter\Session\Handlers\FileHandler' driver.
DEBUG - 2026-08-23 08:31:44 --> Session: Class initialized using 'CodeIgniter\Session\Handlers\FileHandler' driver.
DEBUG - 2026-08-23 08:32:04 --> Session: Class initialized using 'CodeIgniter\Session\Handlers\FileHandler' driver.
DEBUG - 2026-08-23 08:32:05 --> Session: Class initialized using 'CodeIgniter\Session\Handlers\FileHandler' driver.
DEBUG - 2026-08-23 08:32:19 --> Session: Class initialized using 'CodeIgniter\Session\Handlers\FileHandler' driver.
DEBUG - 2026-08-23 08:32:20 --> Session: Class initialized using 'CodeIgniter\Session\Handlers\FileHandler' driver.
DEBUG - 2026-08-23 08:32:25 --> Session: Class initialized using 'CodeIgniter\Session\Handlers\FileHandler' driver.
DEBUG - 2026-08-23 08:32:50 --> Session: Class initialized using 'CodeIgniter\Session\Handlers\FileHandler' driver.
DEBUG - 2026-08-23 08:33:20 --> Session: Class initialized using 'CodeIgniter\Session\Handlers\FileHandler' driver.
DEBUG - 2026-08-23 08:33:50 --> Session: Class initialized using 'CodeIgniter\Session\Handlers\FileHandler' driver.
DEBUG - 2026-08-23 08:34:20 --> Session: Class initialized using 'CodeIgniter\Session\Handlers\FileHandler' driver.
DEBUG - 2026-08-23 08:34:50 --> Session: Class initialized using 'CodeIgniter\Session\Handlers\FileHandler' driver.
DEBUG - 2026-08-23 08:34:52 --> Session: Class initialized using 'CodeIgniter\Session\Handlers\FileHandler' driver.
INFO - 2026-08-23 08:34:52 --> CSRF token verified.
DEBUG - 2026-08-23 08:34:52 --> Session: Class initialized using 'CodeIgniter\Session\Handlers\FileHandler' driver.
DEBUG - 2026-08-23 08:34:52 --> Session: Class initialized using 'CodeIgniter\Session\Handlers\FileHandler' driver.
DEBUG - 2026-08-23 08:35:22 --> Session: Class initialized using 'CodeIgniter\Session\Handlers\FileHandler' driver.
DEBUG - 2026-08-23 08:35:52 --> Session: Class initialized using 'CodeIgniter\Session\Handlers\FileHandler' driver.
DEBUG - 2026-08-23 08:36:22 --> Session: Class initialized using 'CodeIgniter\Session\Handlers\FileHandler' driver.
DEBUG - 2026-08-23 08:36:52 --> Session: Class initialized using 'CodeIgniter\Session\Handlers\FileHandler' driver.
DEBUG - 2026-08-23 08:37:12 --> Session: Class initialized using 'CodeIgniter\Session\Handlers\FileHandler' driver.
DEBUG - 2026-08-23 08:37:12 --> Session: Class initialized using 'CodeIgniter\Session\Handlers\FileHandler' driver.
DEBUG - 2026-08-23 08:37:42 --> Session: Class initialized using 'CodeIgniter\Session\Handlers\FileHandler' driver.
DEBUG - 2026-08-23 08:37:57 --> Session: Class initialized using 'CodeIgniter\Session\Handlers\FileHandler' driver.
CRITICAL - 2026-08-23 08:37:57 --> Error: Class "App\Controllers\SettingsModel" not found
[Method: GET, Route: landing-leads]
in APPPATH\Controllers\Home.php on line 321.
 1 SYSTEMPATH\CodeIgniter.php(974): App\Controllers\Home->landingLeadsSettings()
 2 SYSTEMPATH\CodeIgniter.php(520): CodeIgniter\CodeIgniter->runController()
 3 SYSTEMPATH\CodeIgniter.php(363): CodeIgniter\CodeIgniter->handleRequest()
 4 SYSTEMPATH\Boot.php(417): CodeIgniter\CodeIgniter->run()
 5 SYSTEMPATH\Boot.php(68): CodeIgniter\Boot::runCodeIgniter()
 6 FCPATH\index.php(59): CodeIgniter\Boot::bootWeb()
 7 SYSTEMPATH\rewrite.php(44): require_once('C:\\Sistemas\\Dias Imports\\Dias Importes - Marketing v2\\dias_imports_v2\\public\\index.php')
DEBUG - 2026-08-23 08:37:58 --> Session: Class initialized using 'CodeIgniter\Session\Handlers\FileHandler' driver.
DEBUG - 2026-08-23 08:37:59 --> Session: Class initialized using 'CodeIgniter\Session\Handlers\FileHandler' driver.
DEBUG - 2026-08-23 08:38:01 --> Session: Class initialized using 'CodeIgniter\Session\Handlers\FileHandler' driver.
DEBUG - 2026-08-23 08:38:02 --> Session: Class initialized using 'CodeIgniter\Session\Handlers\FileHandler' driver.
DEBUG - 2026-08-23 08:38:06 --> Session: Class initialized using 'CodeIgniter\Session\Handlers\FileHandler' driver.
DEBUG - 2026-08-23 08:38:07 --> Session: Class initialized using 'CodeIgniter\Session\Handlers\FileHandler' driver.
DEBUG - 2026-08-23 08:38:12 --> Session: Class initialized using 'CodeIgniter\Session\Handlers\FileHandler' driver.
DEBUG - 2026-08-23 08:38:25 --> Session: Class initialized using 'CodeIgniter\Session\Handlers\FileHandler' driver.
DEBUG - 2026-08-23 08:38:25 --> Session: Class initialized using 'CodeIgniter\Session\Handlers\FileHandler' driver.
DEBUG - 2026-08-23 08:38:55 --> Session: Class initialized using 'CodeIgniter\Session\Handlers\FileHandler' driver.
DEBUG - 2026-08-23 08:39:25 --> Session: Class initialized using 'CodeIgniter\Session\Handlers\FileHandler' driver.
DEBUG - 2026-08-23 08:39:55 --> Session: Class initialized using 'CodeIgniter\Session\Handlers\FileHandler' driver.
DEBUG - 2026-08-23 08:40:25 --> Session: Class initialized using 'CodeIgniter\Session\Handlers\FileHandler' driver.
DEBUG - 2026-08-23 08:40:53 --> Session: Class initialized using 'CodeIgniter\Session\Handlers\FileHandler' driver.
DEBUG - 2026-08-23 08:40:53 --> Session: Class initialized using 'CodeIgniter\Session\Handlers\FileHandler' driver.
DEBUG - 2026-08-23 08:41:02 --> Session: Class initialized using 'CodeIgniter\Session\Handlers\FileHandler' driver.
INFO - 2026-08-23 08:41:02 --> CSRF token verified.
DEBUG - 2026-08-23 08:41:02 --> Session: Class initialized using 'CodeIgniter\Session\Handlers\FileHandler' driver.
DEBUG - 2026-08-23 08:41:03 --> Session: Class initialized using 'CodeIgniter\Session\Handlers\FileHandler' driver.
DEBUG - 2026-08-23 08:41:33 --> Session: Class initialized using 'CodeIgniter\Session\Handlers\FileHandler' driver.
DEBUG - 2026-08-23 08:41:57 --> Session: Class initialized using 'CodeIgniter\Session\Handlers\FileHandler' driver.
CRITICAL - 2026-08-23 08:41:57 --> Error: Class "App\Controllers\SettingsModel" not found
[Method: GET, Route: landing-leads]
in APPPATH\Controllers\Home.php on line 321.
 1 SYSTEMPATH\CodeIgniter.php(974): App\Controllers\Home->landingLeadsSettings()
 2 SYSTEMPATH\CodeIgniter.php(520): CodeIgniter\CodeIgniter->runController()
 3 SYSTEMPATH\CodeIgniter.php(363): CodeIgniter\CodeIgniter->handleRequest()
 4 SYSTEMPATH\Boot.php(417): CodeIgniter\CodeIgniter->run()
 5 SYSTEMPATH\Boot.php(68): CodeIgniter\Boot::runCodeIgniter()
 6 FCPATH\index.php(59): CodeIgniter\Boot::bootWeb()
 7 SYSTEMPATH\rewrite.php(44): require_once('C:\\Sistemas\\Dias Imports\\Dias Importes - Marketing v2\\dias_imports_v2\\public\\index.php')
DEBUG - 2026-08-23 08:41:58 --> Session: Class initialized using 'CodeIgniter\Session\Handlers\FileHandler' driver.
DEBUG - 2026-08-23 08:41:59 --> Session: Class initialized using 'CodeIgniter\Session\Handlers\FileHandler' driver.
DEBUG - 2026-08-23 08:42:07 --> Session: Class initialized using 'CodeIgniter\Session\Handlers\FileHandler' driver.
DEBUG - 2026-08-23 08:42:08 --> Session: Class initialized using 'CodeIgniter\Session\Handlers\FileHandler' driver.
DEBUG - 2026-08-23 08:42:12 --> Session: Class initialized using 'CodeIgniter\Session\Handlers\FileHandler' driver.
DEBUG - 2026-08-23 08:42:12 --> Session: Class initialized using 'CodeIgniter\Session\Handlers\FileHandler' driver.
DEBUG - 2026-08-23 08:42:28 --> Session: Class initialized using 'CodeIgniter\Session\Handlers\FileHandler' driver.
INFO - 2026-08-23 08:42:28 --> CSRF token verified.
DEBUG - 2026-08-23 08:42:28 --> Session: Class initialized using 'CodeIgniter\Session\Handlers\FileHandler' driver.
DEBUG - 2026-08-23 08:42:28 --> Session: Class initialized using 'CodeIgniter\Session\Handlers\FileHandler' driver.
DEBUG - 2026-08-23 08:42:35 --> Session: Class initialized using 'CodeIgniter\Session\Handlers\FileHandler' driver.
DEBUG - 2026-08-23 08:42:37 --> Session: Class initialized using 'CodeIgniter\Session\Handlers\FileHandler' driver.
DEBUG - 2026-08-23 08:42:42 --> Session: Class initialized using 'CodeIgniter\Session\Handlers\FileHandler' driver.
DEBUG - 2026-08-23 08:42:47 --> Session: Class initialized using 'CodeIgniter\Session\Handlers\FileHandler' driver.
DEBUG - 2026-08-23 08:42:53 --> Session: Class initialized using 'CodeIgniter\Session\Handlers\FileHandler' driver.
DEBUG - 2026-08-23 08:42:59 --> Session: Class initialized using 'CodeIgniter\Session\Handlers\FileHandler' driver.
DEBUG - 2026-08-23 08:43:05 --> Session: Class initialized using 'CodeIgniter\Session\Handlers\FileHandler' driver.
DEBUG - 2026-08-23 08:43:07 --> Session: Class initialized using 'CodeIgniter\Session\Handlers\FileHandler' driver.
DEBUG - 2026-08-23 08:43:11 --> Session: Class initialized using 'CodeIgniter\Session\Handlers\FileHandler' driver.
DEBUG - 2026-08-23 08:43:17 --> Session: Class initialized using 'CodeIgniter\Session\Handlers\FileHandler' driver.
DEBUG - 2026-08-23 08:43:23 --> Session: Class initialized using 'CodeIgniter\Session\Handlers\FileHandler' driver.
DEBUG - 2026-08-23 08:43:28 --> Session: Class initialized using 'CodeIgniter\Session\Handlers\FileHandler' driver.
DEBUG - 2026-08-23 08:43:34 --> Session: Class initialized using 'CodeIgniter\Session\Handlers\FileHandler' driver.
DEBUG - 2026-08-23 08:43:37 --> Session: Class initialized using 'CodeIgniter\Session\Handlers\FileHandler' driver.
DEBUG - 2026-08-23 08:43:40 --> Session: Class initialized using 'CodeIgniter\Session\Handlers\FileHandler' driver.
DEBUG - 2026-08-23 08:43:43 --> Session: Class initialized using 'CodeIgniter\Session\Handlers\FileHandler' driver.
CRITICAL - 2026-08-23 08:43:43 --> Error: Class "App\Controllers\SettingsModel" not found
[Method: GET, Route: landing-leads]
in APPPATH\Controllers\Home.php on line 321.
 1 SYSTEMPATH\CodeIgniter.php(974): App\Controllers\Home->landingLeadsSettings()
 2 SYSTEMPATH\CodeIgniter.php(520): CodeIgniter\CodeIgniter->runController()
 3 SYSTEMPATH\CodeIgniter.php(363): CodeIgniter\CodeIgniter->handleRequest()
 4 SYSTEMPATH\Boot.php(417): CodeIgniter\CodeIgniter->run()
 5 SYSTEMPATH\Boot.php(68): CodeIgniter\Boot::runCodeIgniter()
 6 FCPATH\index.php(59): CodeIgniter\Boot::bootWeb()
 7 SYSTEMPATH\rewrite.php(44): require_once('C:\\Sistemas\\Dias Imports\\Dias Importes - Marketing v2\\dias_imports_v2\\public\\index.php')
DEBUG - 2026-08-23 08:43:47 --> Session: Class initialized using 'CodeIgniter\Session\Handlers\FileHandler' driver.
DEBUG - 2026-08-23 08:44:07 --> Session: Class initialized using 'CodeIgniter\Session\Handlers\FileHandler' driver.
DEBUG - 2026-08-23 08:44:24 --> Session: Class initialized using 'CodeIgniter\Session\Handlers\FileHandler' driver.
CRITICAL - 2026-08-23 08:44:24 --> Error: Class "App\Controllers\SettingsModel" not found
[Method: GET, Route: landing-leads]
in APPPATH\Controllers\Home.php on line 321.
 1 SYSTEMPATH\CodeIgniter.php(974): App\Controllers\Home->landingLeadsSettings()
 2 SYSTEMPATH\CodeIgniter.php(520): CodeIgniter\CodeIgniter->runController()
 3 SYSTEMPATH\CodeIgniter.php(363): CodeIgniter\CodeIgniter->handleRequest()
 4 SYSTEMPATH\Boot.php(417): CodeIgniter\CodeIgniter->run()
 5 SYSTEMPATH\Boot.php(68): CodeIgniter\Boot::runCodeIgniter()
 6 FCPATH\index.php(59): CodeIgniter\Boot::bootWeb()
 7 SYSTEMPATH\rewrite.php(44): require_once('C:\\Sistemas\\Dias Imports\\Dias Importes - Marketing v2\\dias_imports_v2\\public\\index.php')
DEBUG - 2026-08-23 08:44:25 --> Session: Class initialized using 'CodeIgniter\Session\Handlers\FileHandler' driver.
DEBUG - 2026-08-23 08:44:26 --> Session: Class initialized using 'CodeIgniter\Session\Handlers\FileHandler' driver.
DEBUG - 2026-08-23 08:44:27 --> Session: Class initialized using 'CodeIgniter\Session\Handlers\FileHandler' driver.
DEBUG - 2026-08-23 08:44:32 --> Session: Class initialized using 'CodeIgniter\Session\Handlers\FileHandler' driver.
DEBUG - 2026-08-23 08:44:38 --> Session: Class initialized using 'CodeIgniter\Session\Handlers\FileHandler' driver.
DEBUG - 2026-08-23 08:44:44 --> Session: Class initialized using 'CodeIgniter\Session\Handlers\FileHandler' driver.
DEBUG - 2026-08-23 08:44:50 --> Session: Class initialized using 'CodeIgniter\Session\Handlers\FileHandler' driver.
DEBUG - 2026-08-23 08:44:56 --> Session: Class initialized using 'CodeIgniter\Session\Handlers\FileHandler' driver.
DEBUG - 2026-08-23 08:44:57 --> Session: Class initialized using 'CodeIgniter\Session\Handlers\FileHandler' driver.
DEBUG - 2026-08-23 08:45:01 --> Session: Class initialized using 'CodeIgniter\Session\Handlers\FileHandler' driver.
DEBUG - 2026-08-23 08:45:07 --> Session: Class initialized using 'CodeIgniter\Session\Handlers\FileHandler' driver.
CRITICAL - 2026-08-23 08:45:07 --> Error: Class "App\Controllers\SettingsModel" not found
[Method: GET, Route: landing-leads]
in APPPATH\Controllers\Home.php on line 321.
 1 SYSTEMPATH\CodeIgniter.php(974): App\Controllers\Home->landingLeadsSettings()
 2 SYSTEMPATH\CodeIgniter.php(520): CodeIgniter\CodeIgniter->runController()
 3 SYSTEMPATH\CodeIgniter.php(363): CodeIgniter\CodeIgniter->handleRequest()
 4 SYSTEMPATH\Boot.php(417): CodeIgniter\CodeIgniter->run()
 5 SYSTEMPATH\Boot.php(68): CodeIgniter\Boot::runCodeIgniter()
 6 FCPATH\index.php(59): CodeIgniter\Boot::bootWeb()
 7 SYSTEMPATH\rewrite.php(44): require_once('C:\\Sistemas\\Dias Imports\\Dias Importes - Marketing v2\\dias_imports_v2\\public\\index.php')
DEBUG - 2026-08-23 08:45:25 --> Session: Class initialized using 'CodeIgniter\Session\Handlers\FileHandler' driver.
DEBUG - 2026-08-23 08:45:26 --> Session: Class initialized using 'CodeIgniter\Session\Handlers\FileHandler' driver.
DEBUG - 2026-08-23 08:45:27 --> Session: Class initialized using 'CodeIgniter\Session\Handlers\FileHandler' driver.
DEBUG - 2026-08-23 08:45:32 --> Session: Class initialized using 'CodeIgniter\Session\Handlers\FileHandler' driver.
DEBUG - 2026-08-23 08:45:52 --> Session: Class initialized using 'CodeIgniter\Session\Handlers\FileHandler' driver.
DEBUG - 2026-08-23 08:45:53 --> Session: Class initialized using 'CodeIgniter\Session\Handlers\FileHandler' driver.
DEBUG - 2026-08-23 08:45:58 --> Session: Class initialized using 'CodeIgniter\Session\Handlers\FileHandler' driver.
DEBUG - 2026-08-23 08:46:04 --> Session: Class initialized using 'CodeIgniter\Session\Handlers\FileHandler' driver.
DEBUG - 2026-08-23 08:46:10 --> Session: Class initialized using 'CodeIgniter\Session\Handlers\FileHandler' driver.
DEBUG - 2026-08-23 08:46:11 --> Session: Class initialized using 'CodeIgniter\Session\Handlers\FileHandler' driver.
DEBUG - 2026-08-23 08:46:11 --> Session: Class initialized using 'CodeIgniter\Session\Handlers\FileHandler' driver.
DEBUG - 2026-08-23 08:46:16 --> Session: Class initialized using 'CodeIgniter\Session\Handlers\FileHandler' driver.
DEBUG - 2026-08-23 08:46:23 --> Session: Class initialized using 'CodeIgniter\Session\Handlers\FileHandler' driver.
DEBUG - 2026-08-23 08:46:28 --> Session: Class initialized using 'CodeIgniter\Session\Handlers\FileHandler' driver.
DEBUG - 2026-08-23 08:46:35 --> Session: Class initialized using 'CodeIgniter\Session\Handlers\FileHandler' driver.
DEBUG - 2026-08-23 08:46:41 --> Session: Class initialized using 'CodeIgniter\Session\Handlers\FileHandler' driver.
DEBUG - 2026-08-23 08:46:57 --> Session: Class initialized using 'CodeIgniter\Session\Handlers\FileHandler' driver.
INFO - 2026-08-23 08:46:57 --> CSRF token verified.
DEBUG - 2026-08-23 08:46:57 --> Session: Class initialized using 'CodeIgniter\Session\Handlers\FileHandler' driver.
DEBUG - 2026-08-23 08:46:57 --> Session: Class initialized using 'CodeIgniter\Session\Handlers\FileHandler' driver.
DEBUG - 2026-08-23 08:47:07 --> Session: Class initialized using 'CodeIgniter\Session\Handlers\FileHandler' driver.
INFO - 2026-08-23 08:47:07 --> CSRF token verified.
DEBUG - 2026-08-23 08:47:07 --> Session: Class initialized using 'CodeIgniter\Session\Handlers\FileHandler' driver.
DEBUG - 2026-08-23 08:47:07 --> Session: Class initialized using 'CodeIgniter\Session\Handlers\FileHandler' driver.
DEBUG - 2026-08-23 08:47:12 --> Session: Class initialized using 'CodeIgniter\Session\Handlers\FileHandler' driver.
INFO - 2026-08-23 08:47:12 --> CSRF token verified.
DEBUG - 2026-08-23 08:47:12 --> Session: Class initialized using 'CodeIgniter\Session\Handlers\FileHandler' driver.
DEBUG - 2026-08-23 08:47:12 --> Session: Class initialized using 'CodeIgniter\Session\Handlers\FileHandler' driver.
DEBUG - 2026-08-23 08:47:24 --> Session: Class initialized using 'CodeIgniter\Session\Handlers\FileHandler' driver.
DEBUG - 2026-08-23 08:47:25 --> Session: Class initialized using 'CodeIgniter\Session\Handlers\FileHandler' driver.
DEBUG - 2026-08-23 08:47:30 --> Session: Class initialized using 'CodeIgniter\Session\Handlers\FileHandler' driver.
DEBUG - 2026-08-23 08:47:33 --> Session: Class initialized using 'CodeIgniter\Session\Handlers\FileHandler' driver.
CRITICAL - 2026-08-23 08:47:33 --> CodeIgniter\Exceptions\BadMethodCallException: Call to undefined method App\Models\AppSettingModel::getGroup
[Method: GET, Route: landing-leads]
in SYSTEMPATH\Model.php on line 758.
 1 APPPATH\Controllers\Home.php(331): CodeIgniter\Model->__call()
 2 SYSTEMPATH\CodeIgniter.php(974): App\Controllers\Home->landingLeadsSettings()
 3 SYSTEMPATH\CodeIgniter.php(520): CodeIgniter\CodeIgniter->runController()
 4 SYSTEMPATH\CodeIgniter.php(363): CodeIgniter\CodeIgniter->handleRequest()
 5 SYSTEMPATH\Boot.php(417): CodeIgniter\CodeIgniter->run()
 6 SYSTEMPATH\Boot.php(68): CodeIgniter\Boot::runCodeIgniter()
 7 FCPATH\index.php(59): CodeIgniter\Boot::bootWeb()
 8 SYSTEMPATH\rewrite.php(44): require_once('C:\\Sistemas\\Dias Imports\\Dias Importes - Marketing v2\\dias_imports_v2\\public\\index.php')
DEBUG - 2026-08-23 08:47:34 --> Session: Class initialized using 'CodeIgniter\Session\Handlers\FileHandler' driver.
CRITICAL - 2026-08-23 08:47:34 --> CodeIgniter\Exceptions\BadMethodCallException: Call to undefined method App\Models\AppSettingModel::getGroup
[Method: GET, Route: landing-leads]
in SYSTEMPATH\Model.php on line 758.
 1 APPPATH\Controllers\Home.php(331): CodeIgniter\Model->__call()
 2 SYSTEMPATH\CodeIgniter.php(974): App\Controllers\Home->landingLeadsSettings()
 3 SYSTEMPATH\CodeIgniter.php(520): CodeIgniter\CodeIgniter->runController()
 4 SYSTEMPATH\CodeIgniter.php(363): CodeIgniter\CodeIgniter->handleRequest()
 5 SYSTEMPATH\Boot.php(417): CodeIgniter\CodeIgniter->run()
 6 SYSTEMPATH\Boot.php(68): CodeIgniter\Boot::runCodeIgniter()
 7 FCPATH\index.php(59): CodeIgniter\Boot::bootWeb()
 8 SYSTEMPATH\rewrite.php(44): require_once('C:\\Sistemas\\Dias Imports\\Dias Importes - Marketing v2\\dias_imports_v2\\public\\index.php')
DEBUG - 2026-08-23 08:47:43 --> Session: Class initialized using 'CodeIgniter\Session\Handlers\FileHandler' driver.
CRITICAL - 2026-08-23 08:47:43 --> CodeIgniter\Exceptions\BadMethodCallException: Call to undefined method App\Models\AppSettingModel::getGroup
[Method: GET, Route: landing-leads]
in SYSTEMPATH\Model.php on line 758.
 1 APPPATH\Controllers\Home.php(331): CodeIgniter\Model->__call()
 2 SYSTEMPATH\CodeIgniter.php(974): App\Controllers\Home->landingLeadsSettings()
 3 SYSTEMPATH\CodeIgniter.php(520): CodeIgniter\CodeIgniter->runController()
 4 SYSTEMPATH\CodeIgniter.php(363): CodeIgniter\CodeIgniter->handleRequest()
 5 SYSTEMPATH\Boot.php(417): CodeIgniter\CodeIgniter->run()
 6 SYSTEMPATH\Boot.php(68): CodeIgniter\Boot::runCodeIgniter()
 7 FCPATH\index.php(59): CodeIgniter\Boot::bootWeb()
 8 SYSTEMPATH\rewrite.php(44): require_once('C:\\Sistemas\\Dias Imports\\Dias Importes - Marketing v2\\dias_imports_v2\\public\\index.php')
DEBUG - 2026-08-23 08:47:55 --> Session: Class initialized using 'CodeIgniter\Session\Handlers\FileHandler' driver.
DEBUG - 2026-08-23 08:48:12 --> Session: Class initialized using 'CodeIgniter\Session\Handlers\FileHandler' driver.
DEBUG - 2026-08-23 08:48:13 --> Session: Class initialized using 'CodeIgniter\Session\Handlers\FileHandler' driver.
DEBUG - 2026-08-23 08:48:14 --> Session: Class initialized using 'CodeIgniter\Session\Handlers\FileHandler' driver.
DEBUG - 2026-08-23 08:48:19 --> Session: Class initialized using 'CodeIgniter\Session\Handlers\FileHandler' driver.
DEBUG - 2026-08-23 08:48:23 --> Session: Class initialized using 'CodeIgniter\Session\Handlers\FileHandler' driver.
DEBUG - 2026-08-23 08:48:24 --> Session: Class initialized using 'CodeIgniter\Session\Handlers\FileHandler' driver.
DEBUG - 2026-08-23 08:48:29 --> Session: Class initialized using 'CodeIgniter\Session\Handlers\FileHandler' driver.
DEBUG - 2026-08-23 08:48:36 --> Session: Class initialized using 'CodeIgniter\Session\Handlers\FileHandler' driver.
DEBUG - 2026-08-23 08:48:41 --> Session: Class initialized using 'CodeIgniter\Session\Handlers\FileHandler' driver.
DEBUG - 2026-08-23 08:48:47 --> Session: Class initialized using 'CodeIgniter\Session\Handlers\FileHandler' driver.
DEBUG - 2026-08-23 08:48:53 --> Session: Class initialized using 'CodeIgniter\Session\Handlers\FileHandler' driver.
DEBUG - 2026-08-23 08:48:54 --> Session: Class initialized using 'CodeIgniter\Session\Handlers\FileHandler' driver.
DEBUG - 2026-08-23 08:48:59 --> Session: Class initialized using 'CodeIgniter\Session\Handlers\FileHandler' driver.
DEBUG - 2026-08-23 08:49:02 --> Session: Class initialized using 'CodeIgniter\Session\Handlers\FileHandler' driver.
DEBUG - 2026-08-23 08:49:03 --> Session: Class initialized using 'CodeIgniter\Session\Handlers\FileHandler' driver.
DEBUG - 2026-08-23 08:49:08 --> Session: Class initialized using 'CodeIgniter\Session\Handlers\FileHandler' driver.
DEBUG - 2026-08-23 08:49:14 --> Session: Class initialized using 'CodeIgniter\Session\Handlers\FileHandler' driver.
DEBUG - 2026-08-23 08:49:19 --> Session: Class initialized using 'CodeIgniter\Session\Handlers\FileHandler' driver.
DEBUG - 2026-08-23 08:49:27 --> Session: Class initialized using 'CodeIgniter\Session\Handlers\FileHandler' driver.
CRITICAL - 2026-08-23 08:49:27 --> ErrorException: Undefined variable $layoutMaxWidth
[Method: GET, Route: landing-leads]
in APPPATH\Views\layouts\admin.php on line 25.
 1 APPPATH\Views\layouts\admin.php(25): CodeIgniter\Debug\Exceptions->errorHandler()
 2 SYSTEMPATH\View\View.php(240): include('C:\\Sistemas\\Dias Imports\\Dias Importes - Marketing v2\\dias_imports_v2\\app\\Views\\layouts\\admin.php')
 3 SYSTEMPATH\View\View.php(243): CodeIgniter\View\View->{closure:CodeIgniter\View\View::render():237}()
 4 SYSTEMPATH\View\View.php(256): CodeIgniter\View\View->render()
 5 SYSTEMPATH\Common.php(1268): CodeIgniter\View\View->render()
 6 APPPATH\Controllers\Home.php(335): view()
 7 SYSTEMPATH\CodeIgniter.php(974): App\Controllers\Home->landingLeadsSettings()
 8 SYSTEMPATH\CodeIgniter.php(520): CodeIgniter\CodeIgniter->runController()
 9 SYSTEMPATH\CodeIgniter.php(363): CodeIgniter\CodeIgniter->handleRequest()
10 SYSTEMPATH\Boot.php(417): CodeIgniter\CodeIgniter->run()
11 SYSTEMPATH\Boot.php(68): CodeIgniter\Boot::runCodeIgniter()
12 FCPATH\index.php(59): CodeIgniter\Boot::bootWeb()
13 SYSTEMPATH\rewrite.php(44): require_once('C:\\Sistemas\\Dias Imports\\Dias Importes - Marketing v2\\dias_imports_v2\\public\\index.php')
DEBUG - 2026-08-23 08:49:33 --> Session: Class initialized using 'CodeIgniter\Session\Handlers\FileHandler' driver.
DEBUG - 2026-08-23 08:49:41 --> Session: Class initialized using 'CodeIgniter\Session\Handlers\FileHandler' driver.
DEBUG - 2026-08-23 08:49:43 --> Session: Class initialized using 'CodeIgniter\Session\Handlers\FileHandler' driver.
DEBUG - 2026-08-23 08:49:44 --> Session: Class initialized using 'CodeIgniter\Session\Handlers\FileHandler' driver.
DEBUG - 2026-08-23 08:49:49 --> Session: Class initialized using 'CodeIgniter\Session\Handlers\FileHandler' driver.
DEBUG - 2026-08-23 08:49:55 --> Session: Class initialized using 'CodeIgniter\Session\Handlers\FileHandler' driver.
DEBUG - 2026-08-23 08:50:01 --> Session: Class initialized using 'CodeIgniter\Session\Handlers\FileHandler' driver.
DEBUG - 2026-08-23 08:50:06 --> Session: Class initialized using 'CodeIgniter\Session\Handlers\FileHandler' driver.
DEBUG - 2026-08-23 08:50:11 --> Session: Class initialized using 'CodeIgniter\Session\Handlers\FileHandler' driver.
INFO - 2026-08-23 08:50:11 --> CSRF token verified.
DEBUG - 2026-08-23 08:50:17 --> Session: Class initialized using 'CodeIgniter\Session\Handlers\FileHandler' driver.
DEBUG - 2026-08-23 08:50:18 --> Session: Class initialized using 'CodeIgniter\Session\Handlers\FileHandler' driver.
DEBUG - 2026-08-23 08:50:19 --> Session: Class initialized using 'CodeIgniter\Session\Handlers\FileHandler' driver.
DEBUG - 2026-08-23 08:50:20 --> Session: Class initialized using 'CodeIgniter\Session\Handlers\FileHandler' driver.
DEBUG - 2026-08-23 08:50:21 --> Session: Class initialized using 'CodeIgniter\Session\Handlers\FileHandler' driver.
CRITICAL - 2026-08-23 08:50:21 --> ErrorException: Undefined variable $layoutMaxWidth
[Method: GET, Route: landing-leads]
in APPPATH\Views\layouts\admin.php on line 25.
 1 APPPATH\Views\layouts\admin.php(25): CodeIgniter\Debug\Exceptions->errorHandler()
 2 SYSTEMPATH\View\View.php(240): include('C:\\Sistemas\\Dias Imports\\Dias Importes - Marketing v2\\dias_imports_v2\\app\\Views\\layouts\\admin.php')
 3 SYSTEMPATH\View\View.php(243): CodeIgniter\View\View->{closure:CodeIgniter\View\View::render():237}()
 4 SYSTEMPATH\View\View.php(256): CodeIgniter\View\View->render()
 5 SYSTEMPATH\Common.php(1268): CodeIgniter\View\View->render()
 6 APPPATH\Controllers\Home.php(335): view()
 7 SYSTEMPATH\CodeIgniter.php(974): App\Controllers\Home->landingLeadsSettings()
 8 SYSTEMPATH\CodeIgniter.php(520): CodeIgniter\CodeIgniter->runController()
 9 SYSTEMPATH\CodeIgniter.php(363): CodeIgniter\CodeIgniter->handleRequest()
10 SYSTEMPATH\Boot.php(417): CodeIgniter\CodeIgniter->run()
11 SYSTEMPATH\Boot.php(68): CodeIgniter\Boot::runCodeIgniter()
12 FCPATH\index.php(59): CodeIgniter\Boot::bootWeb()
13 SYSTEMPATH\rewrite.php(44): require_once('C:\\Sistemas\\Dias Imports\\Dias Importes - Marketing v2\\dias_imports_v2\\public\\index.php')
DEBUG - 2026-08-23 08:50:23 --> Session: Class initialized using 'CodeIgniter\Session\Handlers\FileHandler' driver.
DEBUG - 2026-08-23 08:50:29 --> Session: Class initialized using 'CodeIgniter\Session\Handlers\FileHandler' driver.
DEBUG - 2026-08-23 08:50:31 --> Session: Class initialized using 'CodeIgniter\Session\Handlers\FileHandler' driver.
INFO - 2026-08-23 08:50:31 --> CSRF token verified.
DEBUG - 2026-08-23 08:50:32 --> Session: Class initialized using 'CodeIgniter\Session\Handlers\FileHandler' driver.
DEBUG - 2026-08-23 08:50:33 --> Session: Class initialized using 'CodeIgniter\Session\Handlers\FileHandler' driver.
DEBUG - 2026-08-23 08:50:38 --> Session: Class initialized using 'CodeIgniter\Session\Handlers\FileHandler' driver.
DEBUG - 2026-08-23 08:50:44 --> Session: Class initialized using 'CodeIgniter\Session\Handlers\FileHandler' driver.
DEBUG - 2026-08-23 08:50:46 --> Session: Class initialized using 'CodeIgniter\Session\Handlers\FileHandler' driver.
INFO - 2026-08-23 08:50:46 --> CSRF token verified.
DEBUG - 2026-08-23 08:50:47 --> Session: Class initialized using 'CodeIgniter\Session\Handlers\FileHandler' driver.
DEBUG - 2026-08-23 08:50:48 --> Session: Class initialized using 'CodeIgniter\Session\Handlers\FileHandler' driver.
DEBUG - 2026-08-23 08:50:53 --> Session: Class initialized using 'CodeIgniter\Session\Handlers\FileHandler' driver.
DEBUG - 2026-08-23 08:50:55 --> Session: Class initialized using 'CodeIgniter\Session\Handlers\FileHandler' driver.
INFO - 2026-08-23 08:50:55 --> CSRF token verified.
DEBUG - 2026-08-23 08:50:59 --> Session: Class initialized using 'CodeIgniter\Session\Handlers\FileHandler' driver.
DEBUG - 2026-08-23 08:50:59 --> Session: Class initialized using 'CodeIgniter\Session\Handlers\FileHandler' driver.
DEBUG - 2026-08-23 08:51:00 --> Session: Class initialized using 'CodeIgniter\Session\Handlers\FileHandler' driver.
DEBUG - 2026-08-23 08:51:05 --> Session: Class initialized using 'CodeIgniter\Session\Handlers\FileHandler' driver.
DEBUG - 2026-08-23 08:51:06 --> Session: Class initialized using 'CodeIgniter\Session\Handlers\FileHandler' driver.
INFO - 2026-08-23 08:51:06 --> CSRF token verified.
DEBUG - 2026-08-23 08:51:10 --> Session: Class initialized using 'CodeIgniter\Session\Handlers\FileHandler' driver.
DEBUG - 2026-08-23 08:51:11 --> Session: Class initialized using 'CodeIgniter\Session\Handlers\FileHandler' driver.
DEBUG - 2026-08-23 08:51:12 --> Session: Class initialized using 'CodeIgniter\Session\Handlers\FileHandler' driver.
DEBUG - 2026-08-23 08:51:17 --> Session: Class initialized using 'CodeIgniter\Session\Handlers\FileHandler' driver.
DEBUG - 2026-08-23 08:51:23 --> Session: Class initialized using 'CodeIgniter\Session\Handlers\FileHandler' driver.
CRITICAL - 2026-08-23 08:51:23 --> ErrorException: Undefined variable $layoutMaxWidth
[Method: GET, Route: landing-leads]
in APPPATH\Views\layouts\admin.php on line 25.
 1 APPPATH\Views\layouts\admin.php(25): CodeIgniter\Debug\Exceptions->errorHandler()
 2 SYSTEMPATH\View\View.php(240): include('C:\\Sistemas\\Dias Imports\\Dias Importes - Marketing v2\\dias_imports_v2\\app\\Views\\layouts\\admin.php')
 3 SYSTEMPATH\View\View.php(243): CodeIgniter\View\View->{closure:CodeIgniter\View\View::render():237}()
 4 SYSTEMPATH\View\View.php(256): CodeIgniter\View\View->render()
 5 SYSTEMPATH\Common.php(1268): CodeIgniter\View\View->render()
 6 APPPATH\Controllers\Home.php(335): view()
 7 SYSTEMPATH\CodeIgniter.php(974): App\Controllers\Home->landingLeadsSettings()
 8 SYSTEMPATH\CodeIgniter.php(520): CodeIgniter\CodeIgniter->runController()
 9 SYSTEMPATH\CodeIgniter.php(363): CodeIgniter\CodeIgniter->handleRequest()
10 SYSTEMPATH\Boot.php(417): CodeIgniter\CodeIgniter->run()
11 SYSTEMPATH\Boot.php(68): CodeIgniter\Boot::runCodeIgniter()
12 FCPATH\index.php(59): CodeIgniter\Boot::bootWeb()
13 SYSTEMPATH\rewrite.php(44): require_once('C:\\Sistemas\\Dias Imports\\Dias Importes - Marketing v2\\dias_imports_v2\\public\\index.php')
DEBUG - 2026-08-23 08:51:24 --> Session: Class initialized using 'CodeIgniter\Session\Handlers\FileHandler' driver.
DEBUG - 2026-08-23 08:51:30 --> Session: Class initialized using 'CodeIgniter\Session\Handlers\FileHandler' driver.
DEBUG - 2026-08-23 08:51:36 --> Session: Class initialized using 'CodeIgniter\Session\Handlers\FileHandler' driver.
DEBUG - 2026-08-23 08:51:42 --> Session: Class initialized using 'CodeIgniter\Session\Handlers\FileHandler' driver.
DEBUG - 2026-08-23 08:51:43 --> Session: Class initialized using 'CodeIgniter\Session\Handlers\FileHandler' driver.
DEBUG - 2026-08-23 08:51:48 --> Session: Class initialized using 'CodeIgniter\Session\Handlers\FileHandler' driver.
DEBUG - 2026-08-23 08:52:12 --> Session: Class initialized using 'CodeIgniter\Session\Handlers\FileHandler' driver.
DEBUG - 2026-08-23 08:52:24 --> Session: Class initialized using 'CodeIgniter\Session\Handlers\FileHandler' driver.
DEBUG - 2026-08-23 08:52:30 --> Session: Class initialized using 'CodeIgniter\Session\Handlers\FileHandler' driver.
DEBUG - 2026-08-23 08:52:32 --> Session: Class initialized using 'CodeIgniter\Session\Handlers\FileHandler' driver.
CRITICAL - 2026-08-23 08:52:32 --> ErrorException: Undefined variable $layoutMaxWidth
[Method: GET, Route: landing-leads]
in APPPATH\Views\layouts\admin.php on line 25.
 1 APPPATH\Views\layouts\admin.php(25): CodeIgniter\Debug\Exceptions->errorHandler()
 2 SYSTEMPATH\View\View.php(240): include('C:\\Sistemas\\Dias Imports\\Dias Importes - Marketing v2\\dias_imports_v2\\app\\Views\\layouts\\admin.php')
 3 SYSTEMPATH\View\View.php(243): CodeIgniter\View\View->{closure:CodeIgniter\View\View::render():237}()
 4 SYSTEMPATH\View\View.php(256): CodeIgniter\View\View->render()
 5 SYSTEMPATH\Common.php(1268): CodeIgniter\View\View->render()
 6 APPPATH\Controllers\Home.php(335): view()
 7 SYSTEMPATH\CodeIgniter.php(974): App\Controllers\Home->landingLeadsSettings()
 8 SYSTEMPATH\CodeIgniter.php(520): CodeIgniter\CodeIgniter->runController()
 9 SYSTEMPATH\CodeIgniter.php(363): CodeIgniter\CodeIgniter->handleRequest()
10 SYSTEMPATH\Boot.php(417): CodeIgniter\CodeIgniter->run()
11 SYSTEMPATH\Boot.php(68): CodeIgniter\Boot::runCodeIgniter()
12 FCPATH\index.php(59): CodeIgniter\Boot::bootWeb()
13 SYSTEMPATH\rewrite.php(44): require_once('C:\\Sistemas\\Dias Imports\\Dias Importes - Marketing v2\\dias_imports_v2\\public\\index.php')
DEBUG - 2026-08-23 08:52:42 --> Session: Class initialized using 'CodeIgniter\Session\Handlers\FileHandler' driver.
DEBUG - 2026-08-23 08:53:05 --> Session: Class initialized using 'CodeIgniter\Session\Handlers\FileHandler' driver.
DEBUG - 2026-08-23 08:53:06 --> Session: Class initialized using 'CodeIgniter\Session\Handlers\FileHandler' driver.
DEBUG - 2026-08-23 08:53:07 --> Session: Class initialized using 'CodeIgniter\Session\Handlers\FileHandler' driver.
DEBUG - 2026-08-23 08:53:12 --> Session: Class initialized using 'CodeIgniter\Session\Handlers\FileHandler' driver.
DEBUG - 2026-08-23 08:53:18 --> Session: Class initialized using 'CodeIgniter\Session\Handlers\FileHandler' driver.
DEBUG - 2026-08-23 08:53:22 --> Session: Class initialized using 'CodeIgniter\Session\Handlers\FileHandler' driver.
DEBUG - 2026-08-23 08:53:23 --> Session: Class initialized using 'CodeIgniter\Session\Handlers\FileHandler' driver.
DEBUG - 2026-08-23 08:53:28 --> Session: Class initialized using 'CodeIgniter\Session\Handlers\FileHandler' driver.
DEBUG - 2026-08-23 08:53:34 --> Session: Class initialized using 'CodeIgniter\Session\Handlers\FileHandler' driver.
DEBUG - 2026-08-23 08:53:35 --> Session: Class initialized using 'CodeIgniter\Session\Handlers\FileHandler' driver.
DEBUG - 2026-08-23 08:53:36 --> Session: Class initialized using 'CodeIgniter\Session\Handlers\FileHandler' driver.
DEBUG - 2026-08-23 08:53:41 --> Session: Class initialized using 'CodeIgniter\Session\Handlers\FileHandler' driver.
DEBUG - 2026-08-23 08:53:47 --> Session: Class initialized using 'CodeIgniter\Session\Handlers\FileHandler' driver.
DEBUG - 2026-08-23 08:53:53 --> Session: Class initialized using 'CodeIgniter\Session\Handlers\FileHandler' driver.
DEBUG - 2026-08-23 08:53:59 --> Session: Class initialized using 'CodeIgniter\Session\Handlers\FileHandler' driver.
DEBUG - 2026-08-23 08:54:04 --> Session: Class initialized using 'CodeIgniter\Session\Handlers\FileHandler' driver.
DEBUG - 2026-08-23 08:54:06 --> Session: Class initialized using 'CodeIgniter\Session\Handlers\FileHandler' driver.
DEBUG - 2026-08-23 08:54:07 --> Session: Class initialized using 'CodeIgniter\Session\Handlers\FileHandler' driver.
DEBUG - 2026-08-23 08:54:08 --> Session: Class initialized using 'CodeIgniter\Session\Handlers\FileHandler' driver.
DEBUG - 2026-08-23 08:54:13 --> Session: Class initialized using 'CodeIgniter\Session\Handlers\FileHandler' driver.
DEBUG - 2026-08-23 08:54:19 --> Session: Class initialized using 'CodeIgniter\Session\Handlers\FileHandler' driver.
DEBUG - 2026-08-23 08:54:25 --> Session: Class initialized using 'CodeIgniter\Session\Handlers\FileHandler' driver.
CRITICAL - 2026-08-23 08:54:25 --> ErrorException: Undefined variable $layoutMaxWidth
[Method: GET, Route: landing-leads]
in APPPATH\Views\layouts\admin.php on line 25.
 1 APPPATH\Views\layouts\admin.php(25): CodeIgniter\Debug\Exceptions->errorHandler()
 2 SYSTEMPATH\View\View.php(240): include('C:\\Sistemas\\Dias Imports\\Dias Importes - Marketing v2\\dias_imports_v2\\app\\Views\\layouts\\admin.php')
 3 SYSTEMPATH\View\View.php(243): CodeIgniter\View\View->{closure:CodeIgniter\View\View::render():237}()
 4 SYSTEMPATH\View\View.php(256): CodeIgniter\View\View->render()
 5 SYSTEMPATH\Common.php(1268): CodeIgniter\View\View->render()
 6 APPPATH\Controllers\Home.php(335): view()
 7 SYSTEMPATH\CodeIgniter.php(974): App\Controllers\Home->landingLeadsSettings()
 8 SYSTEMPATH\CodeIgniter.php(520): CodeIgniter\CodeIgniter->runController()
 9 SYSTEMPATH\CodeIgniter.php(363): CodeIgniter\CodeIgniter->handleRequest()
10 SYSTEMPATH\Boot.php(417): CodeIgniter\CodeIgniter->run()
11 SYSTEMPATH\Boot.php(68): CodeIgniter\Boot::runCodeIgniter()
12 FCPATH\index.php(59): CodeIgniter\Boot::bootWeb()
13 SYSTEMPATH\rewrite.php(44): require_once('C:\\Sistemas\\Dias Imports\\Dias Importes - Marketing v2\\dias_imports_v2\\public\\index.php')
DEBUG - 2026-08-23 08:54:26 --> Session: Class initialized using 'CodeIgniter\Session\Handlers\FileHandler' driver.
CRITICAL - 2026-08-23 08:54:26 --> ErrorException: Undefined variable $layoutMaxWidth
[Method: GET, Route: landing-leads]
in APPPATH\Views\layouts\admin.php on line 25.
 1 APPPATH\Views\layouts\admin.php(25): CodeIgniter\Debug\Exceptions->errorHandler()
 2 SYSTEMPATH\View\View.php(240): include('C:\\Sistemas\\Dias Imports\\Dias Importes - Marketing v2\\dias_imports_v2\\app\\Views\\layouts\\admin.php')
 3 SYSTEMPATH\View\View.php(243): CodeIgniter\View\View->{closure:CodeIgniter\View\View::render():237}()
 4 SYSTEMPATH\View\View.php(256): CodeIgniter\View\View->render()
 5 SYSTEMPATH\Common.php(1268): CodeIgniter\View\View->render()
 6 APPPATH\Controllers\Home.php(335): view()
 7 SYSTEMPATH\CodeIgniter.php(974): App\Controllers\Home->landingLeadsSettings()
 8 SYSTEMPATH\CodeIgniter.php(520): CodeIgniter\CodeIgniter->runController()
 9 SYSTEMPATH\CodeIgniter.php(363): CodeIgniter\CodeIgniter->handleRequest()
10 SYSTEMPATH\Boot.php(417): CodeIgniter\CodeIgniter->run()
11 SYSTEMPATH\Boot.php(68): CodeIgniter\Boot::runCodeIgniter()
12 FCPATH\index.php(59): CodeIgniter\Boot::bootWeb()
13 SYSTEMPATH\rewrite.php(44): require_once('C:\\Sistemas\\Dias Imports\\Dias Importes - Marketing v2\\dias_imports_v2\\public\\index.php')
DEBUG - 2026-08-23 08:54:34 --> Session: Class initialized using 'CodeIgniter\Session\Handlers\FileHandler' driver.
CRITICAL - 2026-08-23 08:54:34 --> ErrorException: Undefined variable $layoutMaxWidth
[Method: GET, Route: landing-leads]
in APPPATH\Views\layouts\admin.php on line 25.
 1 APPPATH\Views\layouts\admin.php(25): CodeIgniter\Debug\Exceptions->errorHandler()
 2 SYSTEMPATH\View\View.php(240): include('C:\\Sistemas\\Dias Imports\\Dias Importes - Marketing v2\\dias_imports_v2\\app\\Views\\layouts\\admin.php')
 3 SYSTEMPATH\View\View.php(243): CodeIgniter\View\View->{closure:CodeIgniter\View\View::render():237}()
 4 SYSTEMPATH\View\View.php(256): CodeIgniter\View\View->render()
 5 SYSTEMPATH\Common.php(1268): CodeIgniter\View\View->render()
 6 APPPATH\Controllers\Home.php(335): view()
 7 SYSTEMPATH\CodeIgniter.php(974): App\Controllers\Home->landingLeadsSettings()
 8 SYSTEMPATH\CodeIgniter.php(520): CodeIgniter\CodeIgniter->runController()
 9 SYSTEMPATH\CodeIgniter.php(363): CodeIgniter\CodeIgniter->handleRequest()
10 SYSTEMPATH\Boot.php(417): CodeIgniter\CodeIgniter->run()
11 SYSTEMPATH\Boot.php(68): CodeIgniter\Boot::runCodeIgniter()
12 FCPATH\index.php(59): CodeIgniter\Boot::bootWeb()
13 SYSTEMPATH\rewrite.php(44): require_once('C:\\Sistemas\\Dias Imports\\Dias Importes - Marketing v2\\dias_imports_v2\\public\\index.php')
DEBUG - 2026-08-23 08:54:35 --> Session: Class initialized using 'CodeIgniter\Session\Handlers\FileHandler' driver.
DEBUG - 2026-08-23 08:54:37 --> Session: Class initialized using 'CodeIgniter\Session\Handlers\FileHandler' driver.
DEBUG - 2026-08-23 08:54:38 --> Session: Class initialized using 'CodeIgniter\Session\Handlers\FileHandler' driver.
DEBUG - 2026-08-23 08:54:43 --> Session: Class initialized using 'CodeIgniter\Session\Handlers\FileHandler' driver.
DEBUG - 2026-08-23 08:54:49 --> Session: Class initialized using 'CodeIgniter\Session\Handlers\FileHandler' driver.
DEBUG - 2026-08-23 08:54:54 --> Session: Class initialized using 'CodeIgniter\Session\Handlers\FileHandler' driver.
DEBUG - 2026-08-23 08:55:01 --> Session: Class initialized using 'CodeIgniter\Session\Handlers\FileHandler' driver.
DEBUG - 2026-08-23 08:55:08 --> Session: Class initialized using 'CodeIgniter\Session\Handlers\FileHandler' driver.
DEBUG - 2026-08-23 08:55:17 --> Session: Class initialized using 'CodeIgniter\Session\Handlers\FileHandler' driver.
CRITICAL - 2026-08-23 08:55:17 --> ErrorException: Undefined variable $pageDescription
[Method: GET, Route: landing-leads]
in APPPATH\Views\layouts\admin.php on line 107.
 1 APPPATH\Views\layouts\admin.php(107): CodeIgniter\Debug\Exceptions->errorHandler()
 2 SYSTEMPATH\View\View.php(240): include('C:\\Sistemas\\Dias Imports\\Dias Importes - Marketing v2\\dias_imports_v2\\app\\Views\\layouts\\admin.php')
 3 SYSTEMPATH\View\View.php(243): CodeIgniter\View\View->{closure:CodeIgniter\View\View::render():237}()
 4 SYSTEMPATH\View\View.php(256): CodeIgniter\View\View->render()
 5 SYSTEMPATH\Common.php(1268): CodeIgniter\View\View->render()
 6 APPPATH\Controllers\Home.php(340): view()
 7 SYSTEMPATH\CodeIgniter.php(974): App\Controllers\Home->landingLeadsSettings()
 8 SYSTEMPATH\CodeIgniter.php(520): CodeIgniter\CodeIgniter->runController()
 9 SYSTEMPATH\CodeIgniter.php(363): CodeIgniter\CodeIgniter->handleRequest()
10 SYSTEMPATH\Boot.php(417): CodeIgniter\CodeIgniter->run()
11 SYSTEMPATH\Boot.php(68): CodeIgniter\Boot::runCodeIgniter()
12 FCPATH\index.php(59): CodeIgniter\Boot::bootWeb()
13 SYSTEMPATH\rewrite.php(44): require_once('C:\\Sistemas\\Dias Imports\\Dias Importes - Marketing v2\\dias_imports_v2\\public\\index.php')
DEBUG - 2026-08-23 08:55:26 --> Session: Class initialized using 'CodeIgniter\Session\Handlers\FileHandler' driver.
CRITICAL - 2026-08-23 08:55:26 --> ErrorException: Undefined variable $pageDescription
[Method: GET, Route: landing-leads]
in APPPATH\Views\layouts\admin.php on line 107.
 1 APPPATH\Views\layouts\admin.php(107): CodeIgniter\Debug\Exceptions->errorHandler()
 2 SYSTEMPATH\View\View.php(240): include('C:\\Sistemas\\Dias Imports\\Dias Importes - Marketing v2\\dias_imports_v2\\app\\Views\\layouts\\admin.php')
 3 SYSTEMPATH\View\View.php(243): CodeIgniter\View\View->{closure:CodeIgniter\View\View::render():237}()
 4 SYSTEMPATH\View\View.php(256): CodeIgniter\View\View->render()
 5 SYSTEMPATH\Common.php(1268): CodeIgniter\View\View->render()
 6 APPPATH\Controllers\Home.php(340): view()
 7 SYSTEMPATH\CodeIgniter.php(974): App\Controllers\Home->landingLeadsSettings()
 8 SYSTEMPATH\CodeIgniter.php(520): CodeIgniter\CodeIgniter->runController()
 9 SYSTEMPATH\CodeIgniter.php(363): CodeIgniter\CodeIgniter->handleRequest()
10 SYSTEMPATH\Boot.php(417): CodeIgniter\CodeIgniter->run()
11 SYSTEMPATH\Boot.php(68): CodeIgniter\Boot::runCodeIgniter()
12 FCPATH\index.php(59): CodeIgniter\Boot::bootWeb()
13 SYSTEMPATH\rewrite.php(44): require_once('C:\\Sistemas\\Dias Imports\\Dias Importes - Marketing v2\\dias_imports_v2\\public\\index.php')
DEBUG - 2026-08-23 08:55:26 --> Session: Class initialized using 'CodeIgniter\Session\Handlers\FileHandler' driver.
CRITICAL - 2026-08-23 08:55:27 --> ErrorException: Undefined variable $pageDescription
[Method: GET, Route: landing-leads]
in APPPATH\Views\layouts\admin.php on line 107.
 1 APPPATH\Views\layouts\admin.php(107): CodeIgniter\Debug\Exceptions->errorHandler()
 2 SYSTEMPATH\View\View.php(240): include('C:\\Sistemas\\Dias Imports\\Dias Importes - Marketing v2\\dias_imports_v2\\app\\Views\\layouts\\admin.php')
 3 SYSTEMPATH\View\View.php(243): CodeIgniter\View\View->{closure:CodeIgniter\View\View::render():237}()
 4 SYSTEMPATH\View\View.php(256): CodeIgniter\View\View->render()
 5 SYSTEMPATH\Common.php(1268): CodeIgniter\View\View->render()
 6 APPPATH\Controllers\Home.php(340): view()
 7 SYSTEMPATH\CodeIgniter.php(974): App\Controllers\Home->landingLeadsSettings()
 8 SYSTEMPATH\CodeIgniter.php(520): CodeIgniter\CodeIgniter->runController()
 9 SYSTEMPATH\CodeIgniter.php(363): CodeIgniter\CodeIgniter->handleRequest()
10 SYSTEMPATH\Boot.php(417): CodeIgniter\CodeIgniter->run()
11 SYSTEMPATH\Boot.php(68): CodeIgniter\Boot::runCodeIgniter()
12 FCPATH\index.php(59): CodeIgniter\Boot::bootWeb()
13 SYSTEMPATH\rewrite.php(44): require_once('C:\\Sistemas\\Dias Imports\\Dias Importes - Marketing v2\\dias_imports_v2\\public\\index.php')
DEBUG - 2026-08-23 08:55:29 --> Session: Class initialized using 'CodeIgniter\Session\Handlers\FileHandler' driver.
DEBUG - 2026-08-23 08:55:31 --> Session: Class initialized using 'CodeIgniter\Session\Handlers\FileHandler' driver.
DEBUG - 2026-08-23 08:55:32 --> Session: Class initialized using 'CodeIgniter\Session\Handlers\FileHandler' driver.
DEBUG - 2026-08-23 08:55:37 --> Session: Class initialized using 'CodeIgniter\Session\Handlers\FileHandler' driver.
DEBUG - 2026-08-23 08:55:42 --> Session: Class initialized using 'CodeIgniter\Session\Handlers\FileHandler' driver.
DEBUG - 2026-08-23 08:56:02 --> Session: Class initialized using 'CodeIgniter\Session\Handlers\FileHandler' driver.
DEBUG - 2026-08-23 08:56:06 --> Session: Class initialized using 'CodeIgniter\Session\Handlers\FileHandler' driver.
DEBUG - 2026-08-23 08:56:08 --> Session: Class initialized using 'CodeIgniter\Session\Handlers\FileHandler' driver.
DEBUG - 2026-08-23 08:56:09 --> Session: Class initialized using 'CodeIgniter\Session\Handlers\FileHandler' driver.
DEBUG - 2026-08-23 08:56:14 --> Session: Class initialized using 'CodeIgniter\Session\Handlers\FileHandler' driver.
DEBUG - 2026-08-23 08:56:16 --> Session: Class initialized using 'CodeIgniter\Session\Handlers\FileHandler' driver.
INFO - 2026-08-23 08:56:16 --> CSRF token verified.
DEBUG - 2026-08-23 08:56:18 --> Session: Class initialized using 'CodeIgniter\Session\Handlers\FileHandler' driver.
DEBUG - 2026-08-23 08:56:19 --> Session: Class initialized using 'CodeIgniter\Session\Handlers\FileHandler' driver.
DEBUG - 2026-08-23 08:56:29 --> Session: Class initialized using 'CodeIgniter\Session\Handlers\FileHandler' driver.
DEBUG - 2026-08-23 08:56:35 --> Session: Class initialized using 'CodeIgniter\Session\Handlers\FileHandler' driver.
DEBUG - 2026-08-23 08:56:41 --> Session: Class initialized using 'CodeIgniter\Session\Handlers\FileHandler' driver.
DEBUG - 2026-08-23 08:56:45 --> Session: Class initialized using 'CodeIgniter\Session\Handlers\FileHandler' driver.
INFO - 2026-08-23 08:56:45 --> CSRF token verified.
DEBUG - 2026-08-23 08:56:49 --> Session: Class initialized using 'CodeIgniter\Session\Handlers\FileHandler' driver.
DEBUG - 2026-08-23 08:56:50 --> Session: Class initialized using 'CodeIgniter\Session\Handlers\FileHandler' driver.
DEBUG - 2026-08-23 08:56:51 --> Session: Class initialized using 'CodeIgniter\Session\Handlers\FileHandler' driver.
DEBUG - 2026-08-23 08:56:52 --> Session: Class initialized using 'CodeIgniter\Session\Handlers\FileHandler' driver.
DEBUG - 2026-08-23 08:56:57 --> Session: Class initialized using 'CodeIgniter\Session\Handlers\FileHandler' driver.
DEBUG - 2026-08-23 08:57:02 --> Session: Class initialized using 'CodeIgniter\Session\Handlers\FileHandler' driver.
DEBUG - 2026-08-23 08:57:07 --> Session: Class initialized using 'CodeIgniter\Session\Handlers\FileHandler' driver.
CRITICAL - 2026-08-23 08:57:07 --> ErrorException: Undefined variable $pageDescription
[Method: GET, Route: landing-leads]
in APPPATH\Views\layouts\admin.php on line 107.
 1 APPPATH\Views\layouts\admin.php(107): CodeIgniter\Debug\Exceptions->errorHandler()
 2 SYSTEMPATH\View\View.php(240): include('C:\\Sistemas\\Dias Imports\\Dias Importes - Marketing v2\\dias_imports_v2\\app\\Views\\layouts\\admin.php')
 3 SYSTEMPATH\View\View.php(243): CodeIgniter\View\View->{closure:CodeIgniter\View\View::render():237}()
 4 SYSTEMPATH\View\View.php(256): CodeIgniter\View\View->render()
 5 SYSTEMPATH\Common.php(1268): CodeIgniter\View\View->render()
 6 APPPATH\Controllers\Home.php(340): view()
 7 SYSTEMPATH\CodeIgniter.php(974): App\Controllers\Home->landingLeadsSettings()
 8 SYSTEMPATH\CodeIgniter.php(520): CodeIgniter\CodeIgniter->runController()
 9 SYSTEMPATH\CodeIgniter.php(363): CodeIgniter\CodeIgniter->handleRequest()
10 SYSTEMPATH\Boot.php(417): CodeIgniter\CodeIgniter->run()
11 SYSTEMPATH\Boot.php(68): CodeIgniter\Boot::runCodeIgniter()
12 FCPATH\index.php(59): CodeIgniter\Boot::bootWeb()
13 SYSTEMPATH\rewrite.php(44): require_once('C:\\Sistemas\\Dias Imports\\Dias Importes - Marketing v2\\dias_imports_v2\\public\\index.php')
DEBUG - 2026-08-23 08:57:22 --> Session: Class initialized using 'CodeIgniter\Session\Handlers\FileHandler' driver.
DEBUG - 2026-08-23 08:57:52 --> Session: Class initialized using 'CodeIgniter\Session\Handlers\FileHandler' driver.
DEBUG - 2026-08-23 08:58:14 --> Session: Class initialized using 'CodeIgniter\Session\Handlers\FileHandler' driver.
DEBUG - 2026-08-23 08:58:16 --> Session: Class initialized using 'CodeIgniter\Session\Handlers\FileHandler' driver.
DEBUG - 2026-08-23 08:58:17 --> Session: Class initialized using 'CodeIgniter\Session\Handlers\FileHandler' driver.
DEBUG - 2026-08-23 08:58:18 --> Session: Class initialized using 'CodeIgniter\Session\Handlers\FileHandler' driver.
INFO - 2026-08-23 08:58:18 --> CSRF token verified.
DEBUG - 2026-08-23 08:58:22 --> Session: Class initialized using 'CodeIgniter\Session\Handlers\FileHandler' driver.
DEBUG - 2026-08-23 08:58:27 --> Session: Class initialized using 'CodeIgniter\Session\Handlers\FileHandler' driver.
INFO - 2026-08-23 08:58:27 --> CSRF token verified.
DEBUG - 2026-08-23 08:58:31 --> Session: Class initialized using 'CodeIgniter\Session\Handlers\FileHandler' driver.
DEBUG - 2026-08-23 08:58:36 --> Session: Class initialized using 'CodeIgniter\Session\Handlers\FileHandler' driver.
DEBUG - 2026-08-23 08:58:42 --> Session: Class initialized using 'CodeIgniter\Session\Handlers\FileHandler' driver.
DEBUG - 2026-08-23 08:58:43 --> Session: Class initialized using 'CodeIgniter\Session\Handlers\FileHandler' driver.
INFO - 2026-08-23 08:58:43 --> CSRF token verified.
DEBUG - 2026-08-23 08:58:44 --> Session: Class initialized using 'CodeIgniter\Session\Handlers\FileHandler' driver.
DEBUG - 2026-08-23 08:58:45 --> Session: Class initialized using 'CodeIgniter\Session\Handlers\FileHandler' driver.
DEBUG - 2026-08-23 08:58:50 --> Session: Class initialized using 'CodeIgniter\Session\Handlers\FileHandler' driver.
DEBUG - 2026-08-23 08:58:51 --> Session: Class initialized using 'CodeIgniter\Session\Handlers\FileHandler' driver.
INFO - 2026-08-23 08:58:51 --> CSRF token verified.
DEBUG - 2026-08-23 08:58:51 --> Session: Class initialized using 'CodeIgniter\Session\Handlers\FileHandler' driver.
DEBUG - 2026-08-23 08:58:52 --> Session: Class initialized using 'CodeIgniter\Session\Handlers\FileHandler' driver.
DEBUG - 2026-08-23 08:58:57 --> Session: Class initialized using 'CodeIgniter\Session\Handlers\FileHandler' driver.
DEBUG - 2026-08-23 08:59:00 --> Session: Class initialized using 'CodeIgniter\Session\Handlers\FileHandler' driver.
INFO - 2026-08-23 08:59:00 --> CSRF token verified.
DEBUG - 2026-08-23 08:59:04 --> Session: Class initialized using 'CodeIgniter\Session\Handlers\FileHandler' driver.
DEBUG - 2026-08-23 08:59:09 --> Session: Class initialized using 'CodeIgniter\Session\Handlers\FileHandler' driver.
DEBUG - 2026-08-23 08:59:15 --> Session: Class initialized using 'CodeIgniter\Session\Handlers\FileHandler' driver.
DEBUG - 2026-08-23 08:59:21 --> Session: Class initialized using 'CodeIgniter\Session\Handlers\FileHandler' driver.
DEBUG - 2026-08-23 08:59:22 --> Session: Class initialized using 'CodeIgniter\Session\Handlers\FileHandler' driver.
DEBUG - 2026-08-23 08:59:23 --> Session: Class initialized using 'CodeIgniter\Session\Handlers\FileHandler' driver.
INFO - 2026-08-23 08:59:23 --> CSRF token verified.
DEBUG - 2026-08-23 08:59:27 --> Session: Class initialized using 'CodeIgniter\Session\Handlers\FileHandler' driver.
DEBUG - 2026-08-23 08:59:33 --> Session: Class initialized using 'CodeIgniter\Session\Handlers\FileHandler' driver.
DEBUG - 2026-08-23 08:59:39 --> Session: Class initialized using 'CodeIgniter\Session\Handlers\FileHandler' driver.
DEBUG - 2026-08-23 08:59:40 --> Session: Class initialized using 'CodeIgniter\Session\Handlers\FileHandler' driver.
DEBUG - 2026-08-23 08:59:41 --> Session: Class initialized using 'CodeIgniter\Session\Handlers\FileHandler' driver.
DEBUG - 2026-08-23 08:59:43 --> Session: Class initialized using 'CodeIgniter\Session\Handlers\FileHandler' driver.
DEBUG - 2026-08-23 08:59:44 --> Session: Class initialized using 'CodeIgniter\Session\Handlers\FileHandler' driver.
DEBUG - 2026-08-23 08:59:45 --> Session: Class initialized using 'CodeIgniter\Session\Handlers\FileHandler' driver.
INFO - 2026-08-23 08:59:45 --> CSRF token verified.
DEBUG - 2026-08-23 08:59:46 --> Session: Class initialized using 'CodeIgniter\Session\Handlers\FileHandler' driver.
DEBUG - 2026-08-23 08:59:47 --> Session: Class initialized using 'CodeIgniter\Session\Handlers\FileHandler' driver.
DEBUG - 2026-08-23 08:59:49 --> Session: Class initialized using 'CodeIgniter\Session\Handlers\FileHandler' driver.
DEBUG - 2026-08-23 08:59:54 --> Session: Class initialized using 'CodeIgniter\Session\Handlers\FileHandler' driver.
DEBUG - 2026-08-23 08:59:57 --> Session: Class initialized using 'CodeIgniter\Session\Handlers\FileHandler' driver.
INFO - 2026-08-23 08:59:57 --> CSRF token verified.
DEBUG - 2026-08-23 08:59:57 --> Session: Class initialized using 'CodeIgniter\Session\Handlers\FileHandler' driver.
DEBUG - 2026-08-23 08:59:58 --> Session: Class initialized using 'CodeIgniter\Session\Handlers\FileHandler' driver.
DEBUG - 2026-08-23 09:00:03 --> Session: Class initialized using 'CodeIgniter\Session\Handlers\FileHandler' driver.
DEBUG - 2026-08-23 09:00:14 --> Session: Class initialized using 'CodeIgniter\Session\Handlers\FileHandler' driver.
DEBUG - 2026-08-23 09:00:28 --> Session: Class initialized using 'CodeIgniter\Session\Handlers\FileHandler' driver.
DEBUG - 2026-08-23 09:00:44 --> Session: Class initialized using 'CodeIgniter\Session\Handlers\FileHandler' driver.
DEBUG - 2026-08-23 09:00:58 --> Session: Class initialized using 'CodeIgniter\Session\Handlers\FileHandler' driver.
DEBUG - 2026-08-23 09:01:14 --> Session: Class initialized using 'CodeIgniter\Session\Handlers\FileHandler' driver.
DEBUG - 2026-08-23 09:01:28 --> Session: Class initialized using 'CodeIgniter\Session\Handlers\FileHandler' driver.
DEBUG - 2026-08-23 09:01:44 --> Session: Class initialized using 'CodeIgniter\Session\Handlers\FileHandler' driver.
DEBUG - 2026-08-23 09:01:46 --> Session: Class initialized using 'CodeIgniter\Session\Handlers\FileHandler' driver.
DEBUG - 2026-08-23 09:01:46 --> Session: Class initialized using 'CodeIgniter\Session\Handlers\FileHandler' driver.
DEBUG - 2026-08-23 09:02:14 --> Session: Class initialized using 'CodeIgniter\Session\Handlers\FileHandler' driver.
DEBUG - 2026-08-23 09:02:16 --> Session: Class initialized using 'CodeIgniter\Session\Handlers\FileHandler' driver.
DEBUG - 2026-08-23 09:02:18 --> Session: Class initialized using 'CodeIgniter\Session\Handlers\FileHandler' driver.
DEBUG - 2026-08-23 09:02:19 --> Session: Class initialized using 'CodeIgniter\Session\Handlers\FileHandler' driver.
DEBUG - 2026-08-23 09:02:44 --> Session: Class initialized using 'CodeIgniter\Session\Handlers\FileHandler' driver.
DEBUG - 2026-08-23 09:02:49 --> Session: Class initialized using 'CodeIgniter\Session\Handlers\FileHandler' driver.
DEBUG - 2026-08-23 09:03:14 --> Session: Class initialized using 'CodeIgniter\Session\Handlers\FileHandler' driver.
DEBUG - 2026-08-23 09:03:19 --> Session: Class initialized using 'CodeIgniter\Session\Handlers\FileHandler' driver.
DEBUG - 2026-08-23 09:03:32 --> Session: Class initialized using 'CodeIgniter\Session\Handlers\FileHandler' driver.
DEBUG - 2026-08-23 09:03:32 --> Session: Class initialized using 'CodeIgniter\Session\Handlers\FileHandler' driver.
DEBUG - 2026-08-23 09:03:38 --> Session: Class initialized using 'CodeIgniter\Session\Handlers\FileHandler' driver.
INFO - 2026-08-23 09:03:38 --> CSRF token verified.
DEBUG - 2026-08-23 09:03:40 --> Session: Class initialized using 'CodeIgniter\Session\Handlers\FileHandler' driver.
DEBUG - 2026-08-23 09:03:40 --> Session: Class initialized using 'CodeIgniter\Session\Handlers\FileHandler' driver.
DEBUG - 2026-08-23 09:04:04 --> Session: Class initialized using 'CodeIgniter\Session\Handlers\FileHandler' driver.
DEBUG - 2026-08-23 09:04:05 --> Session: Class initialized using 'CodeIgniter\Session\Handlers\FileHandler' driver.
DEBUG - 2026-08-23 09:04:12 --> Session: Class initialized using 'CodeIgniter\Session\Handlers\FileHandler' driver.
DEBUG - 2026-08-23 09:04:12 --> Session: Class initialized using 'CodeIgniter\Session\Handlers\FileHandler' driver.
DEBUG - 2026-08-23 09:04:15 --> Session: Class initialized using 'CodeIgniter\Session\Handlers\FileHandler' driver.
DEBUG - 2026-08-23 09:04:34 --> Session: Class initialized using 'CodeIgniter\Session\Handlers\FileHandler' driver.
DEBUG - 2026-08-23 09:04:34 --> Session: Class initialized using 'CodeIgniter\Session\Handlers\FileHandler' driver.
DEBUG - 2026-08-23 09:04:42 --> Session: Class initialized using 'CodeIgniter\Session\Handlers\FileHandler' driver.
DEBUG - 2026-08-23 09:05:12 --> Session: Class initialized using 'CodeIgniter\Session\Handlers\FileHandler' driver.
INFO - 2026-08-23 09:05:16 --> CSRF token verified.
DEBUG - 2026-08-23 09:05:16 --> Session: Class initialized using 'CodeIgniter\Session\Handlers\FileHandler' driver.
DEBUG - 2026-08-23 09:05:16 --> Session: Class initialized using 'CodeIgniter\Session\Handlers\FileHandler' driver.
DEBUG - 2026-08-23 09:05:16 --> Session: Class initialized using 'CodeIgniter\Session\Handlers\FileHandler' driver.
DEBUG - 2026-08-23 09:05:42 --> Session: Class initialized using 'CodeIgniter\Session\Handlers\FileHandler' driver.
INFO - 2026-08-23 09:05:43 --> CSRF token verified.
DEBUG - 2026-08-23 09:05:44 --> Session: Class initialized using 'CodeIgniter\Session\Handlers\FileHandler' driver.
DEBUG - 2026-08-23 09:05:44 --> Session: Class initialized using 'CodeIgniter\Session\Handlers\FileHandler' driver.
DEBUG - 2026-08-23 09:05:44 --> Session: Class initialized using 'CodeIgniter\Session\Handlers\FileHandler' driver.
DEBUG - 2026-08-23 09:05:49 --> Session: Class initialized using 'CodeIgniter\Session\Handlers\FileHandler' driver.
DEBUG - 2026-08-23 09:05:50 --> Session: Class initialized using 'CodeIgniter\Session\Handlers\FileHandler' driver.
DEBUG - 2026-08-23 09:05:50 --> Session: Class initialized using 'CodeIgniter\Session\Handlers\FileHandler' driver.
DEBUG - 2026-08-23 09:06:12 --> Session: Class initialized using 'CodeIgniter\Session\Handlers\FileHandler' driver.
DEBUG - 2026-08-23 09:06:17 --> Session: Class initialized using 'CodeIgniter\Session\Handlers\FileHandler' driver.
DEBUG - 2026-08-23 09:06:20 --> Session: Class initialized using 'CodeIgniter\Session\Handlers\FileHandler' driver.
DEBUG - 2026-08-23 09:06:33 --> Session: Class initialized using 'CodeIgniter\Session\Handlers\FileHandler' driver.
DEBUG - 2026-08-23 09:06:34 --> Session: Class initialized using 'CodeIgniter\Session\Handlers\FileHandler' driver.
DEBUG - 2026-08-23 09:06:50 --> Session: Class initialized using 'CodeIgniter\Session\Handlers\FileHandler' driver.
DEBUG - 2026-08-23 09:07:04 --> Session: Class initialized using 'CodeIgniter\Session\Handlers\FileHandler' driver.
DEBUG - 2026-08-23 09:07:18 --> Session: Class initialized using 'CodeIgniter\Session\Handlers\FileHandler' driver.
DEBUG - 2026-08-23 09:07:20 --> Session: Class initialized using 'CodeIgniter\Session\Handlers\FileHandler' driver.
DEBUG - 2026-08-23 09:07:21 --> Session: Class initialized using 'CodeIgniter\Session\Handlers\FileHandler' driver.
DEBUG - 2026-08-23 09:07:21 --> Session: Class initialized using 'CodeIgniter\Session\Handlers\FileHandler' driver.
DEBUG - 2026-08-23 09:07:34 --> Session: Class initialized using 'CodeIgniter\Session\Handlers\FileHandler' driver.
DEBUG - 2026-08-23 09:07:50 --> Session: Class initialized using 'CodeIgniter\Session\Handlers\FileHandler' driver.
DEBUG - 2026-08-23 09:07:52 --> Session: Class initialized using 'CodeIgniter\Session\Handlers\FileHandler' driver.
DEBUG - 2026-08-23 09:07:52 --> Session: Class initialized using 'CodeIgniter\Session\Handlers\FileHandler' driver.
DEBUG - 2026-08-23 09:07:53 --> Session: Class initialized using 'CodeIgniter\Session\Handlers\FileHandler' driver.
DEBUG - 2026-08-23 09:07:57 --> Session: Class initialized using 'CodeIgniter\Session\Handlers\FileHandler' driver.
DEBUG - 2026-08-23 09:07:58 --> Session: Class initialized using 'CodeIgniter\Session\Handlers\FileHandler' driver.
DEBUG - 2026-08-23 09:07:58 --> Session: Class initialized using 'CodeIgniter\Session\Handlers\FileHandler' driver.
DEBUG - 2026-08-23 09:08:02 --> Session: Class initialized using 'CodeIgniter\Session\Handlers\FileHandler' driver.
DEBUG - 2026-08-23 09:08:02 --> Session: Class initialized using 'CodeIgniter\Session\Handlers\FileHandler' driver.
DEBUG - 2026-08-23 09:08:03 --> Session: Class initialized using 'CodeIgniter\Session\Handlers\FileHandler' driver.
CRITICAL - 2026-08-23 09:08:03 --> CodeIgniter\Security\Exceptions\SecurityException: The action you requested is not allowed.
[Method: POST, Route: logout]
in SYSTEMPATH\Security\Security.php on line 258.
 1 SYSTEMPATH\Security\Security.php(258): CodeIgniter\Security\Exceptions\SecurityException::forDisallowedAction()
 2 SYSTEMPATH\Filters\CSRF.php(52): CodeIgniter\Security\Security->verify()
 3 SYSTEMPATH\Filters\Filters.php(241): CodeIgniter\Filters\CSRF->before()
 4 SYSTEMPATH\Filters\Filters.php(221): CodeIgniter\Filters\Filters->runBefore()
 5 SYSTEMPATH\CodeIgniter.php(488): CodeIgniter\Filters\Filters->run()
 6 SYSTEMPATH\CodeIgniter.php(363): CodeIgniter\CodeIgniter->handleRequest()
 7 SYSTEMPATH\Boot.php(417): CodeIgniter\CodeIgniter->run()
 8 SYSTEMPATH\Boot.php(68): CodeIgniter\Boot::runCodeIgniter()
 9 FCPATH\index.php(59): CodeIgniter\Boot::bootWeb()
10 SYSTEMPATH\rewrite.php(44): require_once('C:\\Sistemas\\Dias Imports\\Dias Importes - Marketing v2\\dias_imports_v2\\public\\index.php')
DEBUG - 2026-08-23 09:08:11 --> Session: Class initialized using 'CodeIgniter\Session\Handlers\FileHandler' driver.
DEBUG - 2026-08-23 09:08:11 --> Session: Class initialized using 'CodeIgniter\Session\Handlers\FileHandler' driver.
DEBUG - 2026-08-23 09:08:11 --> Session: Class initialized using 'CodeIgniter\Session\Handlers\FileHandler' driver.
DEBUG - 2026-08-23 09:08:15 --> Session: Class initialized using 'CodeIgniter\Session\Handlers\FileHandler' driver.
DEBUG - 2026-08-23 09:08:15 --> Session: Class initialized using 'CodeIgniter\Session\Handlers\FileHandler' driver.
DEBUG - 2026-08-23 09:08:15 --> Session: Class initialized using 'CodeIgniter\Session\Handlers\FileHandler' driver.
ERROR - 2026-08-23 09:08:17 --> Error connecting to the database: mysqli_sql_exception: User 'u215145685_dias_imports' has exceeded the 'max_connections_per_hour' resource (current value: 500) in C:\Sistemas\Dias Imports\Dias Importes - Marketing v2\dias_imports_v2\system\Database\MySQLi\Connection.php:201
Stack trace:
#0 C:\Sistemas\Dias Imports\Dias Importes - Marketing v2\dias_imports_v2\system\Database\MySQLi\Connection.php(201): mysqli->real_connect()
#1 C:\Sistemas\Dias Imports\Dias Importes - Marketing v2\dias_imports_v2\system\Database\BaseConnection.php(555): CodeIgniter\Database\MySQLi\Connection->connect()
#2 C:\Sistemas\Dias Imports\Dias Importes - Marketing v2\dias_imports_v2\system\Database\BaseConnection.php(795): CodeIgniter\Database\BaseConnection->initialize()
#3 C:\Sistemas\Dias Imports\Dias Importes - Marketing v2\dias_imports_v2\app\Controllers\Health.php(18): CodeIgniter\Database\BaseConnection->query()
#4 C:\Sistemas\Dias Imports\Dias Importes - Marketing v2\dias_imports_v2\system\CodeIgniter.php(974): App\Controllers\Health->check()
#5 C:\Sistemas\Dias Imports\Dias Importes - Marketing v2\dias_imports_v2\system\CodeIgniter.php(520): CodeIgniter\CodeIgniter->runController()
#6 C:\Sistemas\Dias Imports\Dias Importes - Marketing v2\dias_imports_v2\system\CodeIgniter.php(363): CodeIgniter\CodeIgniter->handleRequest()
#7 C:\Sistemas\Dias Imports\Dias Importes - Marketing v2\dias_imports_v2\system\Boot.php(417): CodeIgniter\CodeIgniter->run()
#8 C:\Sistemas\Dias Imports\Dias Importes - Marketing v2\dias_imports_v2\system\Boot.php(68): CodeIgniter\Boot::runCodeIgniter()
#9 C:\Sistemas\Dias Imports\Dias Importes - Marketing v2\dias_imports_v2\public\index.php(59): CodeIgniter\Boot::bootWeb()
#10 C:\Sistemas\Dias Imports\Dias Importes - Marketing v2\dias_imports_v2\system\rewrite.php(44): require_once('...')
#11 {main}

Next CodeIgniter\Database\Exceptions\DatabaseException: User '****' has exceeded the 'max_connections_per_hour' resource (current value: 500) in C:\Sistemas\Dias Imports\Dias Importes - Marketing v2\dias_imports_v2\system\Database\MySQLi\Connection.php:231
Stack trace:
#0 C:\Sistemas\Dias Imports\Dias Importes - Marketing v2\dias_imports_v2\system\Database\BaseConnection.php(555): CodeIgniter\Database\MySQLi\Connection->connect()
#1 C:\Sistemas\Dias Imports\Dias Importes - Marketing v2\dias_imports_v2\system\Database\BaseConnection.php(795): CodeIgniter\Database\BaseConnection->initialize()
#2 C:\Sistemas\Dias Imports\Dias Importes - Marketing v2\dias_imports_v2\app\Controllers\Health.php(18): CodeIgniter\Database\BaseConnection->query()
#3 C:\Sistemas\Dias Imports\Dias Importes - Marketing v2\dias_imports_v2\system\CodeIgniter.php(974): App\Controllers\Health->check()
#4 C:\Sistemas\Dias Imports\Dias Importes - Marketing v2\dias_imports_v2\system\CodeIgniter.php(520): CodeIgniter\CodeIgniter->runController()
#5 C:\Sistemas\Dias Imports\Dias Importes - Marketing v2\dias_imports_v2\system\CodeIgniter.php(363): CodeIgniter\CodeIgniter->handleRequest()
#6 C:\Sistemas\Dias Imports\Dias Importes - Marketing v2\dias_imports_v2\system\Boot.php(417): CodeIgniter\CodeIgniter->run()
#7 C:\Sistemas\Dias Imports\Dias Importes - Marketing v2\dias_imports_v2\system\Boot.php(68): CodeIgniter\Boot::runCodeIgniter()
#8 C:\Sistemas\Dias Imports\Dias Importes - Marketing v2\dias_imports_v2\public\index.php(59): CodeIgniter\Boot::bootWeb()
#9 C:\Sistemas\Dias Imports\Dias Importes - Marketing v2\dias_imports_v2\system\rewrite.php(44): require_once('...')
#10 {main}
ERROR - 2026-08-23 09:08:17 --> Error connecting to the database: mysqli_sql_exception: User 'u215145685_dias_imports' has exceeded the 'max_connections_per_hour' resource (current value: 500) in C:\Sistemas\Dias Imports\Dias Importes - Marketing v2\dias_imports_v2\system\Database\MySQLi\Connection.php:201
Stack trace:
#0 C:\Sistemas\Dias Imports\Dias Importes - Marketing v2\dias_imports_v2\system\Database\MySQLi\Connection.php(201): mysqli->real_connect()
#1 C:\Sistemas\Dias Imports\Dias Importes - Marketing v2\dias_imports_v2\system\Database\BaseConnection.php(555): CodeIgniter\Database\MySQLi\Connection->connect()
#2 C:\Sistemas\Dias Imports\Dias Importes - Marketing v2\dias_imports_v2\system\Database\BaseConnection.php(795): CodeIgniter\Database\BaseConnection->initialize()
#3 C:\Sistemas\Dias Imports\Dias Importes - Marketing v2\dias_imports_v2\system\Database\BaseBuilder.php(1659): CodeIgniter\Database\BaseConnection->query()
#4 C:\Sistemas\Dias Imports\Dias Importes - Marketing v2\dias_imports_v2\system\Model.php(297): CodeIgniter\Database\BaseBuilder->get()
#5 C:\Sistemas\Dias Imports\Dias Importes - Marketing v2\dias_imports_v2\system\BaseModel.php(714): CodeIgniter\Model->doFirst()
#6 C:\Sistemas\Dias Imports\Dias Importes - Marketing v2\dias_imports_v2\app\Libraries\EvolutionApiService.php(21): CodeIgniter\BaseModel->first()
#7 C:\Sistemas\Dias Imports\Dias Importes - Marketing v2\dias_imports_v2\app\Libraries\EvolutionApiService.php(39): App\Libraries\EvolutionApiService->getSettings()
#8 C:\Sistemas\Dias Imports\Dias Importes - Marketing v2\dias_imports_v2\app\Controllers\Health.php(33): App\Libraries\EvolutionApiService->isConfigured()
#9 C:\Sistemas\Dias Imports\Dias Importes - Marketing v2\dias_imports_v2\system\CodeIgniter.php(974): App\Controllers\Health->check()
#10 C:\Sistemas\Dias Imports\Dias Importes - Marketing v2\dias_imports_v2\system\CodeIgniter.php(520): CodeIgniter\CodeIgniter->runController()
#11 C:\Sistemas\Dias Imports\Dias Importes - Marketing v2\dias_imports_v2\system\CodeIgniter.php(363): CodeIgniter\CodeIgniter->handleRequest()
#12 C:\Sistemas\Dias Imports\Dias Importes - Marketing v2\dias_imports_v2\system\Boot.php(417): CodeIgniter\CodeIgniter->run()
#13 C:\Sistemas\Dias Imports\Dias Importes - Marketing v2\dias_imports_v2\system\Boot.php(68): CodeIgniter\Boot::runCodeIgniter()
#14 C:\Sistemas\Dias Imports\Dias Importes - Marketing v2\dias_imports_v2\public\index.php(59): CodeIgniter\Boot::bootWeb()
#15 C:\Sistemas\Dias Imports\Dias Importes - Marketing v2\dias_imports_v2\system\rewrite.php(44): require_once('...')
#16 {main}

Next CodeIgniter\Database\Exceptions\DatabaseException: User '****' has exceeded the 'max_connections_per_hour' resource (current value: 500) in C:\Sistemas\Dias Imports\Dias Importes - Marketing v2\dias_imports_v2\system\Database\MySQLi\Connection.php:231
Stack trace:
#0 C:\Sistemas\Dias Imports\Dias Importes - Marketing v2\dias_imports_v2\system\Database\BaseConnection.php(555): CodeIgniter\Database\MySQLi\Connection->connect()
#1 C:\Sistemas\Dias Imports\Dias Importes - Marketing v2\dias_imports_v2\system\Database\BaseConnection.php(795): CodeIgniter\Database\BaseConnection->initialize()
#2 C:\Sistemas\Dias Imports\Dias Importes - Marketing v2\dias_imports_v2\system\Database\BaseBuilder.php(1659): CodeIgniter\Database\BaseConnection->query()
#3 C:\Sistemas\Dias Imports\Dias Importes - Marketing v2\dias_imports_v2\system\Model.php(297): CodeIgniter\Database\BaseBuilder->get()
#4 C:\Sistemas\Dias Imports\Dias Importes - Marketing v2\dias_imports_v2\system\BaseModel.php(714): CodeIgniter\Model->doFirst()
#5 C:\Sistemas\Dias Imports\Dias Importes - Marketing v2\dias_imports_v2\app\Libraries\EvolutionApiService.php(21): CodeIgniter\BaseModel->first()
#6 C:\Sistemas\Dias Imports\Dias Importes - Marketing v2\dias_imports_v2\app\Libraries\EvolutionApiService.php(39): App\Libraries\EvolutionApiService->getSettings()
#7 C:\Sistemas\Dias Imports\Dias Importes - Marketing v2\dias_imports_v2\app\Controllers\Health.php(33): App\Libraries\EvolutionApiService->isConfigured()
#8 C:\Sistemas\Dias Imports\Dias Importes - Marketing v2\dias_imports_v2\system\CodeIgniter.php(974): App\Controllers\Health->check()
#9 C:\Sistemas\Dias Imports\Dias Importes - Marketing v2\dias_imports_v2\system\CodeIgniter.php(520): CodeIgniter\CodeIgniter->runController()
#10 C:\Sistemas\Dias Imports\Dias Importes - Marketing v2\dias_imports_v2\system\CodeIgniter.php(363): CodeIgniter\CodeIgniter->handleRequest()
#11 C:\Sistemas\Dias Imports\Dias Importes - Marketing v2\dias_imports_v2\system\Boot.php(417): CodeIgniter\CodeIgniter->run()
#12 C:\Sistemas\Dias Imports\Dias Importes - Marketing v2\dias_imports_v2\system\Boot.php(68): CodeIgniter\Boot::runCodeIgniter()
#13 C:\Sistemas\Dias Imports\Dias Importes - Marketing v2\dias_imports_v2\public\index.php(59): CodeIgniter\Boot::bootWeb()
#14 C:\Sistemas\Dias Imports\Dias Importes - Marketing v2\dias_imports_v2\system\rewrite.php(44): require_once('...')
#15 {main}
ERROR - 2026-08-23 09:08:17 --> Error connecting to the database: mysqli_sql_exception: User 'u215145685_dias_imports' has exceeded the 'max_connections_per_hour' resource (current value: 500) in C:\Sistemas\Dias Imports\Dias Importes - Marketing v2\dias_imports_v2\system\Database\MySQLi\Connection.php:201
Stack trace:
#0 C:\Sistemas\Dias Imports\Dias Importes - Marketing v2\dias_imports_v2\system\Database\MySQLi\Connection.php(201): mysqli->real_connect()
#1 C:\Sistemas\Dias Imports\Dias Importes - Marketing v2\dias_imports_v2\system\Database\BaseConnection.php(555): CodeIgniter\Database\MySQLi\Connection->connect()
#2 C:\Sistemas\Dias Imports\Dias Importes - Marketing v2\dias_imports_v2\system\Database\BaseConnection.php(795): CodeIgniter\Database\BaseConnection->initialize()
#3 C:\Sistemas\Dias Imports\Dias Importes - Marketing v2\dias_imports_v2\system\Database\BaseBuilder.php(1659): CodeIgniter\Database\BaseConnection->query()
#4 C:\Sistemas\Dias Imports\Dias Importes - Marketing v2\dias_imports_v2\app\Models\SystemJobQueueModel.php(38): CodeIgniter\Database\BaseBuilder->get()
#5 C:\Sistemas\Dias Imports\Dias Importes - Marketing v2\dias_imports_v2\app\Controllers\Health.php(68): App\Models\SystemJobQueueModel->getQueueStats()
#6 C:\Sistemas\Dias Imports\Dias Importes - Marketing v2\dias_imports_v2\system\CodeIgniter.php(974): App\Controllers\Health->check()
#7 C:\Sistemas\Dias Imports\Dias Importes - Marketing v2\dias_imports_v2\system\CodeIgniter.php(520): CodeIgniter\CodeIgniter->runController()
#8 C:\Sistemas\Dias Imports\Dias Importes - Marketing v2\dias_imports_v2\system\CodeIgniter.php(363): CodeIgniter\CodeIgniter->handleRequest()
#9 C:\Sistemas\Dias Imports\Dias Importes - Marketing v2\dias_imports_v2\system\Boot.php(417): CodeIgniter\CodeIgniter->run()
#10 C:\Sistemas\Dias Imports\Dias Importes - Marketing v2\dias_imports_v2\system\Boot.php(68): CodeIgniter\Boot::runCodeIgniter()
#11 C:\Sistemas\Dias Imports\Dias Importes - Marketing v2\dias_imports_v2\public\index.php(59): CodeIgniter\Boot::bootWeb()
#12 C:\Sistemas\Dias Imports\Dias Importes - Marketing v2\dias_imports_v2\system\rewrite.php(44): require_once('...')
#13 {main}

Next CodeIgniter\Database\Exceptions\DatabaseException: User '****' has exceeded the 'max_connections_per_hour' resource (current value: 500) in C:\Sistemas\Dias Imports\Dias Importes - Marketing v2\dias_imports_v2\system\Database\MySQLi\Connection.php:231
Stack trace:
#0 C:\Sistemas\Dias Imports\Dias Importes - Marketing v2\dias_imports_v2\system\Database\BaseConnection.php(555): CodeIgniter\Database\MySQLi\Connection->connect()
#1 C:\Sistemas\Dias Imports\Dias Importes - Marketing v2\dias_imports_v2\system\Database\BaseConnection.php(795): CodeIgniter\Database\BaseConnection->initialize()
#2 C:\Sistemas\Dias Imports\Dias Importes - Marketing v2\dias_imports_v2\system\Database\BaseBuilder.php(1659): CodeIgniter\Database\BaseConnection->query()
#3 C:\Sistemas\Dias Imports\Dias Importes - Marketing v2\dias_imports_v2\app\Models\SystemJobQueueModel.php(38): CodeIgniter\Database\BaseBuilder->get()
#4 C:\Sistemas\Dias Imports\Dias Importes - Marketing v2\dias_imports_v2\app\Controllers\Health.php(68): App\Models\SystemJobQueueModel->getQueueStats()
#5 C:\Sistemas\Dias Imports\Dias Importes - Marketing v2\dias_imports_v2\system\CodeIgniter.php(974): App\Controllers\Health->check()
#6 C:\Sistemas\Dias Imports\Dias Importes - Marketing v2\dias_imports_v2\system\CodeIgniter.php(520): CodeIgniter\CodeIgniter->runController()
#7 C:\Sistemas\Dias Imports\Dias Importes - Marketing v2\dias_imports_v2\system\CodeIgniter.php(363): CodeIgniter\CodeIgniter->handleRequest()
#8 C:\Sistemas\Dias Imports\Dias Importes - Marketing v2\dias_imports_v2\system\Boot.php(417): CodeIgniter\CodeIgniter->run()
#9 C:\Sistemas\Dias Imports\Dias Importes - Marketing v2\dias_imports_v2\system\Boot.php(68): CodeIgniter\Boot::runCodeIgniter()
#10 C:\Sistemas\Dias Imports\Dias Importes - Marketing v2\dias_imports_v2\public\index.php(59): CodeIgniter\Boot::bootWeb()
#11 C:\Sistemas\Dias Imports\Dias Importes - Marketing v2\dias_imports_v2\system\rewrite.php(44): require_once('...')
#12 {main}
DEBUG - 2026-08-23 09:08:22 --> Session: Class initialized using 'CodeIgniter\Session\Handlers\FileHandler' driver.
ERROR - 2026-08-23 09:08:22 --> Error connecting to the database: mysqli_sql_exception: User 'u215145685_dias_imports' has exceeded the 'max_connections_per_hour' resource (current value: 500) in C:\Sistemas\Dias Imports\Dias Importes - Marketing v2\dias_imports_v2\system\Database\MySQLi\Connection.php:201
Stack trace:
#0 C:\Sistemas\Dias Imports\Dias Importes - Marketing v2\dias_imports_v2\system\Database\MySQLi\Connection.php(201): mysqli->real_connect()
#1 C:\Sistemas\Dias Imports\Dias Importes - Marketing v2\dias_imports_v2\system\Database\BaseConnection.php(555): CodeIgniter\Database\MySQLi\Connection->connect()
#2 C:\Sistemas\Dias Imports\Dias Importes - Marketing v2\dias_imports_v2\system\Database\BaseConnection.php(795): CodeIgniter\Database\BaseConnection->initialize()
#3 C:\Sistemas\Dias Imports\Dias Importes - Marketing v2\dias_imports_v2\system\Database\BaseBuilder.php(1659): CodeIgniter\Database\BaseConnection->query()
#4 C:\Sistemas\Dias Imports\Dias Importes - Marketing v2\dias_imports_v2\system\Model.php(297): CodeIgniter\Database\BaseBuilder->get()
#5 C:\Sistemas\Dias Imports\Dias Importes - Marketing v2\dias_imports_v2\system\BaseModel.php(714): CodeIgniter\Model->doFirst()
#6 C:\Sistemas\Dias Imports\Dias Importes - Marketing v2\dias_imports_v2\app\Libraries\EvolutionApiService.php(21): CodeIgniter\BaseModel->first()
#7 C:\Sistemas\Dias Imports\Dias Importes - Marketing v2\dias_imports_v2\app\Libraries\EvolutionApiService.php(39): App\Libraries\EvolutionApiService->getSettings()
#8 C:\Sistemas\Dias Imports\Dias Importes - Marketing v2\dias_imports_v2\app\Controllers\Health.php(33): App\Libraries\EvolutionApiService->isConfigured()
#9 C:\Sistemas\Dias Imports\Dias Importes - Marketing v2\dias_imports_v2\system\CodeIgniter.php(974): App\Controllers\Health->check()
#10 C:\Sistemas\Dias Imports\Dias Importes - Marketing v2\dias_imports_v2\system\CodeIgniter.php(520): CodeIgniter\CodeIgniter->runController()
#11 C:\Sistemas\Dias Imports\Dias Importes - Marketing v2\dias_imports_v2\system\CodeIgniter.php(363): CodeIgniter\CodeIgniter->handleRequest()
#12 C:\Sistemas\Dias Imports\Dias Importes - Marketing v2\dias_imports_v2\system\Boot.php(417): CodeIgniter\CodeIgniter->run()
#13 C:\Sistemas\Dias Imports\Dias Importes - Marketing v2\dias_imports_v2\system\Boot.php(68): CodeIgniter\Boot::runCodeIgniter()
#14 C:\Sistemas\Dias Imports\Dias Importes - Marketing v2\dias_imports_v2\public\index.php(59): CodeIgniter\Boot::bootWeb()
#15 C:\Sistemas\Dias Imports\Dias Importes - Marketing v2\dias_imports_v2\system\rewrite.php(44): require_once('...')
#16 {main}

Next CodeIgniter\Database\Exceptions\DatabaseException: User '****' has exceeded the 'max_connections_per_hour' resource (current value: 500) in C:\Sistemas\Dias Imports\Dias Importes - Marketing v2\dias_imports_v2\system\Database\MySQLi\Connection.php:231
Stack trace:
#0 C:\Sistemas\Dias Imports\Dias Importes - Marketing v2\dias_imports_v2\system\Database\BaseConnection.php(555): CodeIgniter\Database\MySQLi\Connection->connect()
#1 C:\Sistemas\Dias Imports\Dias Importes - Marketing v2\dias_imports_v2\system\Database\BaseConnection.php(795): CodeIgniter\Database\BaseConnection->initialize()
#2 C:\Sistemas\Dias Imports\Dias Importes - Marketing v2\dias_imports_v2\system\Database\BaseBuilder.php(1659): CodeIgniter\Database\BaseConnection->query()
#3 C:\Sistemas\Dias Imports\Dias Importes - Marketing v2\dias_imports_v2\system\Model.php(297): CodeIgniter\Database\BaseBuilder->get()
#4 C:\Sistemas\Dias Imports\Dias Importes - Marketing v2\dias_imports_v2\system\BaseModel.php(714): CodeIgniter\Model->doFirst()
#5 C:\Sistemas\Dias Imports\Dias Importes - Marketing v2\dias_imports_v2\app\Libraries\EvolutionApiService.php(21): CodeIgniter\BaseModel->first()
#6 C:\Sistemas\Dias Imports\Dias Importes - Marketing v2\dias_imports_v2\app\Libraries\EvolutionApiService.php(39): App\Libraries\EvolutionApiService->getSettings()
#7 C:\Sistemas\Dias Imports\Dias Importes - Marketing v2\dias_imports_v2\app\Controllers\Health.php(33): App\Libraries\EvolutionApiService->isConfigured()
#8 C:\Sistemas\Dias Imports\Dias Importes - Marketing v2\dias_imports_v2\system\CodeIgniter.php(974): App\Controllers\Health->check()
#9 C:\Sistemas\Dias Imports\Dias Importes - Marketing v2\dias_imports_v2\system\CodeIgniter.php(520): CodeIgniter\CodeIgniter->runController()
#10 C:\Sistemas\Dias Imports\Dias Importes - Marketing v2\dias_imports_v2\system\CodeIgniter.php(363): CodeIgniter\CodeIgniter->handleRequest()
#11 C:\Sistemas\Dias Imports\Dias Importes - Marketing v2\dias_imports_v2\system\Boot.php(417): CodeIgniter\CodeIgniter->run()
#12 C:\Sistemas\Dias Imports\Dias Importes - Marketing v2\dias_imports_v2\system\Boot.php(68): CodeIgniter\Boot::runCodeIgniter()
#13 C:\Sistemas\Dias Imports\Dias Importes - Marketing v2\dias_imports_v2\public\index.php(59): CodeIgniter\Boot::bootWeb()
#14 C:\Sistemas\Dias Imports\Dias Importes - Marketing v2\dias_imports_v2\system\rewrite.php(44): require_once('...')
#15 {main}
ERROR - 2026-08-23 09:08:22 --> Error connecting to the database: mysqli_sql_exception: User 'u215145685_dias_imports' has exceeded the 'max_connections_per_hour' resource (current value: 500) in C:\Sistemas\Dias Imports\Dias Importes - Marketing v2\dias_imports_v2\system\Database\MySQLi\Connection.php:201
Stack trace:
#0 C:\Sistemas\Dias Imports\Dias Importes - Marketing v2\dias_imports_v2\system\Database\MySQLi\Connection.php(201): mysqli->real_connect()
#1 C:\Sistemas\Dias Imports\Dias Importes - Marketing v2\dias_imports_v2\system\Database\BaseConnection.php(555): CodeIgniter\Database\MySQLi\Connection->connect()
#2 C:\Sistemas\Dias Imports\Dias Importes - Marketing v2\dias_imports_v2\system\Database\BaseConnection.php(795): CodeIgniter\Database\BaseConnection->initialize()
#3 C:\Sistemas\Dias Imports\Dias Importes - Marketing v2\dias_imports_v2\system\Database\BaseBuilder.php(1659): CodeIgniter\Database\BaseConnection->query()
#4 C:\Sistemas\Dias Imports\Dias Importes - Marketing v2\dias_imports_v2\app\Models\SystemJobQueueModel.php(38): CodeIgniter\Database\BaseBuilder->get()
#5 C:\Sistemas\Dias Imports\Dias Importes - Marketing v2\dias_imports_v2\app\Controllers\Health.php(68): App\Models\SystemJobQueueModel->getQueueStats()
#6 C:\Sistemas\Dias Imports\Dias Importes - Marketing v2\dias_imports_v2\system\CodeIgniter.php(974): App\Controllers\Health->check()
#7 C:\Sistemas\Dias Imports\Dias Importes - Marketing v2\dias_imports_v2\system\CodeIgniter.php(520): CodeIgniter\CodeIgniter->runController()
#8 C:\Sistemas\Dias Imports\Dias Importes - Marketing v2\dias_imports_v2\system\CodeIgniter.php(363): CodeIgniter\CodeIgniter->handleRequest()
#9 C:\Sistemas\Dias Imports\Dias Importes - Marketing v2\dias_imports_v2\system\Boot.php(417): CodeIgniter\CodeIgniter->run()
#10 C:\Sistemas\Dias Imports\Dias Importes - Marketing v2\dias_imports_v2\system\Boot.php(68): CodeIgniter\Boot::runCodeIgniter()
#11 C:\Sistemas\Dias Imports\Dias Importes - Marketing v2\dias_imports_v2\public\index.php(59): CodeIgniter\Boot::bootWeb()
#12 C:\Sistemas\Dias Imports\Dias Importes - Marketing v2\dias_imports_v2\system\rewrite.php(44): require_once('...')
#13 {main}

Next CodeIgniter\Database\Exceptions\DatabaseException: User '****' has exceeded the 'max_connections_per_hour' resource (current value: 500) in C:\Sistemas\Dias Imports\Dias Importes - Marketing v2\dias_imports_v2\system\Database\MySQLi\Connection.php:231
Stack trace:
#0 C:\Sistemas\Dias Imports\Dias Importes - Marketing v2\dias_imports_v2\system\Database\BaseConnection.php(555): CodeIgniter\Database\MySQLi\Connection->connect()
#1 C:\Sistemas\Dias Imports\Dias Importes - Marketing v2\dias_imports_v2\system\Database\BaseConnection.php(795): CodeIgniter\Database\BaseConnection->initialize()
#2 C:\Sistemas\Dias Imports\Dias Importes - Marketing v2\dias_imports_v2\system\Database\BaseBuilder.php(1659): CodeIgniter\Database\BaseConnection->query()
#3 C:\Sistemas\Dias Imports\Dias Importes - Marketing v2\dias_imports_v2\app\Models\SystemJobQueueModel.php(38): CodeIgniter\Database\BaseBuilder->get()
#4 C:\Sistemas\Dias Imports\Dias Importes - Marketing v2\dias_imports_v2\app\Controllers\Health.php(68): App\Models\SystemJobQueueModel->getQueueStats()
#5 C:\Sistemas\Dias Imports\Dias Importes - Marketing v2\dias_imports_v2\system\CodeIgniter.php(974): App\Controllers\Health->check()
#6 C:\Sistemas\Dias Imports\Dias Importes - Marketing v2\dias_imports_v2\system\CodeIgniter.php(520): CodeIgniter\CodeIgniter->runController()
#7 C:\Sistemas\Dias Imports\Dias Importes - Marketing v2\dias_imports_v2\system\CodeIgniter.php(363): CodeIgniter\CodeIgniter->handleRequest()
#8 C:\Sistemas\Dias Imports\Dias Importes - Marketing v2\dias_imports_v2\system\Boot.php(417): CodeIgniter\CodeIgniter->run()
#9 C:\Sistemas\Dias Imports\Dias Importes - Marketing v2\dias_imports_v2\system\Boot.php(68): CodeIgniter\Boot::runCodeIgniter()
#10 C:\Sistemas\Dias Imports\Dias Importes - Marketing v2\dias_imports_v2\public\index.php(59): CodeIgniter\Boot::bootWeb()
#11 C:\Sistemas\Dias Imports\Dias Importes - Marketing v2\dias_imports_v2\system\rewrite.php(44): require_once('...')
#12 {main}
ERROR - 2026-08-23 09:08:29 --> Error connecting to the database: mysqli_sql_exception: User 'u215145685_dias_imports' has exceeded the 'max_connections_per_hour' resource (current value: 500) in C:\Sistemas\Dias Imports\Dias Importes - Marketing v2\dias_imports_v2\system\Database\MySQLi\Connection.php:201
Stack trace:
#0 C:\Sistemas\Dias Imports\Dias Importes - Marketing v2\dias_imports_v2\system\Database\MySQLi\Connection.php(201): mysqli->real_connect()
#1 C:\Sistemas\Dias Imports\Dias Importes - Marketing v2\dias_imports_v2\system\Database\BaseConnection.php(555): CodeIgniter\Database\MySQLi\Connection->connect()
#2 C:\Sistemas\Dias Imports\Dias Importes - Marketing v2\dias_imports_v2\system\Database\BaseConnection.php(795): CodeIgniter\Database\BaseConnection->initialize()
#3 C:\Sistemas\Dias Imports\Dias Importes - Marketing v2\dias_imports_v2\system\Database\BaseBuilder.php(2531): CodeIgniter\Database\BaseConnection->query()
#4 C:\Sistemas\Dias Imports\Dias Importes - Marketing v2\dias_imports_v2\update_permissions.php(8): CodeIgniter\Database\BaseBuilder->update()
#5 {main}

Next CodeIgniter\Database\Exceptions\DatabaseException: User '****' has exceeded the 'max_connections_per_hour' resource (current value: 500) in C:\Sistemas\Dias Imports\Dias Importes - Marketing v2\dias_imports_v2\system\Database\MySQLi\Connection.php:231
Stack trace:
#0 C:\Sistemas\Dias Imports\Dias Importes - Marketing v2\dias_imports_v2\system\Database\BaseConnection.php(555): CodeIgniter\Database\MySQLi\Connection->connect()
#1 C:\Sistemas\Dias Imports\Dias Importes - Marketing v2\dias_imports_v2\system\Database\BaseConnection.php(795): CodeIgniter\Database\BaseConnection->initialize()
#2 C:\Sistemas\Dias Imports\Dias Importes - Marketing v2\dias_imports_v2\system\Database\BaseBuilder.php(2531): CodeIgniter\Database\BaseConnection->query()
#3 C:\Sistemas\Dias Imports\Dias Importes - Marketing v2\dias_imports_v2\update_permissions.php(8): CodeIgniter\Database\BaseBuilder->update()
#4 {main}
CRITICAL - 2026-08-23 09:08:29 --> CodeIgniter\Database\Exceptions\DatabaseException: Unable to connect to the database.
Main connection [MySQLi]: User '****' has exceeded the 'max_connections_per_hour' resource (current value: 500)
[Method: CLI, Route: /]
in SYSTEMPATH\Database\BaseConnection.php on line 606.
 1 SYSTEMPATH\Database\BaseConnection.php(795): CodeIgniter\Database\BaseConnection->initialize()
 2 SYSTEMPATH\Database\BaseBuilder.php(2531): CodeIgniter\Database\BaseConnection->query()
 3 ROOTPATH\update_permissions.php(8): CodeIgniter\Database\BaseBuilder->update()
DEBUG - 2026-08-23 09:08:32 --> Session: Class initialized using 'CodeIgniter\Session\Handlers\FileHandler' driver.
ERROR - 2026-08-23 09:08:32 --> Error connecting to the database: mysqli_sql_exception: User 'u215145685_dias_imports' has exceeded the 'max_connections_per_hour' resource (current value: 500) in C:\Sistemas\Dias Imports\Dias Importes - Marketing v2\dias_imports_v2\system\Database\MySQLi\Connection.php:201
Stack trace:
#0 C:\Sistemas\Dias Imports\Dias Importes - Marketing v2\dias_imports_v2\system\Database\MySQLi\Connection.php(201): mysqli->real_connect()
#1 C:\Sistemas\Dias Imports\Dias Importes - Marketing v2\dias_imports_v2\system\Database\BaseConnection.php(555): CodeIgniter\Database\MySQLi\Connection->connect()
#2 C:\Sistemas\Dias Imports\Dias Importes - Marketing v2\dias_imports_v2\system\Database\BaseConnection.php(795): CodeIgniter\Database\BaseConnection->initialize()
#3 C:\Sistemas\Dias Imports\Dias Importes - Marketing v2\dias_imports_v2\system\Database\BaseBuilder.php(1659): CodeIgniter\Database\BaseConnection->query()
#4 C:\Sistemas\Dias Imports\Dias Importes - Marketing v2\dias_imports_v2\system\Model.php(297): CodeIgniter\Database\BaseBuilder->get()
#5 C:\Sistemas\Dias Imports\Dias Importes - Marketing v2\dias_imports_v2\system\BaseModel.php(714): CodeIgniter\Model->doFirst()
#6 C:\Sistemas\Dias Imports\Dias Importes - Marketing v2\dias_imports_v2\app\Libraries\EvolutionApiService.php(21): CodeIgniter\BaseModel->first()
#7 C:\Sistemas\Dias Imports\Dias Importes - Marketing v2\dias_imports_v2\app\Libraries\EvolutionApiService.php(39): App\Libraries\EvolutionApiService->getSettings()
#8 C:\Sistemas\Dias Imports\Dias Importes - Marketing v2\dias_imports_v2\app\Controllers\Health.php(33): App\Libraries\EvolutionApiService->isConfigured()
#9 C:\Sistemas\Dias Imports\Dias Importes - Marketing v2\dias_imports_v2\system\CodeIgniter.php(974): App\Controllers\Health->check()
#10 C:\Sistemas\Dias Imports\Dias Importes - Marketing v2\dias_imports_v2\system\CodeIgniter.php(520): CodeIgniter\CodeIgniter->runController()
#11 C:\Sistemas\Dias Imports\Dias Importes - Marketing v2\dias_imports_v2\system\CodeIgniter.php(363): CodeIgniter\CodeIgniter->handleRequest()
#12 C:\Sistemas\Dias Imports\Dias Importes - Marketing v2\dias_imports_v2\system\Boot.php(417): CodeIgniter\CodeIgniter->run()
#13 C:\Sistemas\Dias Imports\Dias Importes - Marketing v2\dias_imports_v2\system\Boot.php(68): CodeIgniter\Boot::runCodeIgniter()
#14 C:\Sistemas\Dias Imports\Dias Importes - Marketing v2\dias_imports_v2\public\index.php(59): CodeIgniter\Boot::bootWeb()
#15 C:\Sistemas\Dias Imports\Dias Importes - Marketing v2\dias_imports_v2\system\rewrite.php(44): require_once('...')
#16 {main}

Next CodeIgniter\Database\Exceptions\DatabaseException: User '****' has exceeded the 'max_connections_per_hour' resource (current value: 500) in C:\Sistemas\Dias Imports\Dias Importes - Marketing v2\dias_imports_v2\system\Database\MySQLi\Connection.php:231
Stack trace:
#0 C:\Sistemas\Dias Imports\Dias Importes - Marketing v2\dias_imports_v2\system\Database\BaseConnection.php(555): CodeIgniter\Database\MySQLi\Connection->connect()
#1 C:\Sistemas\Dias Imports\Dias Importes - Marketing v2\dias_imports_v2\system\Database\BaseConnection.php(795): CodeIgniter\Database\BaseConnection->initialize()
#2 C:\Sistemas\Dias Imports\Dias Importes - Marketing v2\dias_imports_v2\system\Database\BaseBuilder.php(1659): CodeIgniter\Database\BaseConnection->query()
#3 C:\Sistemas\Dias Imports\Dias Importes - Marketing v2\dias_imports_v2\system\Model.php(297): CodeIgniter\Database\BaseBuilder->get()
#4 C:\Sistemas\Dias Imports\Dias Importes - Marketing v2\dias_imports_v2\system\BaseModel.php(714): CodeIgniter\Model->doFirst()
#5 C:\Sistemas\Dias Imports\Dias Importes - Marketing v2\dias_imports_v2\app\Libraries\EvolutionApiService.php(21): CodeIgniter\BaseModel->first()
#6 C:\Sistemas\Dias Imports\Dias Importes - Marketing v2\dias_imports_v2\app\Libraries\EvolutionApiService.php(39): App\Libraries\EvolutionApiService->getSettings()
#7 C:\Sistemas\Dias Imports\Dias Importes - Marketing v2\dias_imports_v2\app\Controllers\Health.php(33): App\Libraries\EvolutionApiService->isConfigured()
#8 C:\Sistemas\Dias Imports\Dias Importes - Marketing v2\dias_imports_v2\system\CodeIgniter.php(974): App\Controllers\Health->check()
#9 C:\Sistemas\Dias Imports\Dias Importes - Marketing v2\dias_imports_v2\system\CodeIgniter.php(520): CodeIgniter\CodeIgniter->runController()
#10 C:\Sistemas\Dias Imports\Dias Importes - Marketing v2\dias_imports_v2\system\CodeIgniter.php(363): CodeIgniter\CodeIgniter->handleRequest()
#11 C:\Sistemas\Dias Imports\Dias Importes - Marketing v2\dias_imports_v2\system\Boot.php(417): CodeIgniter\CodeIgniter->run()
#12 C:\Sistemas\Dias Imports\Dias Importes - Marketing v2\dias_imports_v2\system\Boot.php(68): CodeIgniter\Boot::runCodeIgniter()
#13 C:\Sistemas\Dias Imports\Dias Importes - Marketing v2\dias_imports_v2\public\index.php(59): CodeIgniter\Boot::bootWeb()
#14 C:\Sistemas\Dias Imports\Dias Importes - Marketing v2\dias_imports_v2\system\rewrite.php(44): require_once('...')
#15 {main}
ERROR - 2026-08-23 09:08:32 --> Error connecting to the database: mysqli_sql_exception: User 'u215145685_dias_imports' has exceeded the 'max_connections_per_hour' resource (current value: 500) in C:\Sistemas\Dias Imports\Dias Importes - Marketing v2\dias_imports_v2\system\Database\MySQLi\Connection.php:201
Stack trace:
#0 C:\Sistemas\Dias Imports\Dias Importes - Marketing v2\dias_imports_v2\system\Database\MySQLi\Connection.php(201): mysqli->real_connect()
#1 C:\Sistemas\Dias Imports\Dias Importes - Marketing v2\dias_imports_v2\system\Database\BaseConnection.php(555): CodeIgniter\Database\MySQLi\Connection->connect()
#2 C:\Sistemas\Dias Imports\Dias Importes - Marketing v2\dias_imports_v2\system\Database\BaseConnection.php(795): CodeIgniter\Database\BaseConnection->initialize()
#3 C:\Sistemas\Dias Imports\Dias Importes - Marketing v2\dias_imports_v2\system\Database\BaseBuilder.php(1659): CodeIgniter\Database\BaseConnection->query()
#4 C:\Sistemas\Dias Imports\Dias Importes - Marketing v2\dias_imports_v2\app\Models\SystemJobQueueModel.php(38): CodeIgniter\Database\BaseBuilder->get()
#5 C:\Sistemas\Dias Imports\Dias Importes - Marketing v2\dias_imports_v2\app\Controllers\Health.php(68): App\Models\SystemJobQueueModel->getQueueStats()
#6 C:\Sistemas\Dias Imports\Dias Importes - Marketing v2\dias_imports_v2\system\CodeIgniter.php(974): App\Controllers\Health->check()
#7 C:\Sistemas\Dias Imports\Dias Importes - Marketing v2\dias_imports_v2\system\CodeIgniter.php(520): CodeIgniter\CodeIgniter->runController()
#8 C:\Sistemas\Dias Imports\Dias Importes - Marketing v2\dias_imports_v2\system\CodeIgniter.php(363): CodeIgniter\CodeIgniter->handleRequest()
#9 C:\Sistemas\Dias Imports\Dias Importes - Marketing v2\dias_imports_v2\system\Boot.php(417): CodeIgniter\CodeIgniter->run()
#10 C:\Sistemas\Dias Imports\Dias Importes - Marketing v2\dias_imports_v2\system\Boot.php(68): CodeIgniter\Boot::runCodeIgniter()
#11 C:\Sistemas\Dias Imports\Dias Importes - Marketing v2\dias_imports_v2\public\index.php(59): CodeIgniter\Boot::bootWeb()
#12 C:\Sistemas\Dias Imports\Dias Importes - Marketing v2\dias_imports_v2\system\rewrite.php(44): require_once('...')
#13 {main}

Next CodeIgniter\Database\Exceptions\DatabaseException: User '****' has exceeded the 'max_connections_per_hour' resource (current value: 500) in C:\Sistemas\Dias Imports\Dias Importes - Marketing v2\dias_imports_v2\system\Database\MySQLi\Connection.php:231
Stack trace:
#0 C:\Sistemas\Dias Imports\Dias Importes - Marketing v2\dias_imports_v2\system\Database\BaseConnection.php(555): CodeIgniter\Database\MySQLi\Connection->connect()
#1 C:\Sistemas\Dias Imports\Dias Importes - Marketing v2\dias_imports_v2\system\Database\BaseConnection.php(795): CodeIgniter\Database\BaseConnection->initialize()
#2 C:\Sistemas\Dias Imports\Dias Importes - Marketing v2\dias_imports_v2\system\Database\BaseBuilder.php(1659): CodeIgniter\Database\BaseConnection->query()
#3 C:\Sistemas\Dias Imports\Dias Importes - Marketing v2\dias_imports_v2\app\Models\SystemJobQueueModel.php(38): CodeIgniter\Database\BaseBuilder->get()
#4 C:\Sistemas\Dias Imports\Dias Importes - Marketing v2\dias_imports_v2\app\Controllers\Health.php(68): App\Models\SystemJobQueueModel->getQueueStats()
#5 C:\Sistemas\Dias Imports\Dias Importes - Marketing v2\dias_imports_v2\system\CodeIgniter.php(974): App\Controllers\Health->check()
#6 C:\Sistemas\Dias Imports\Dias Importes - Marketing v2\dias_imports_v2\system\CodeIgniter.php(520): CodeIgniter\CodeIgniter->runController()
#7 C:\Sistemas\Dias Imports\Dias Importes - Marketing v2\dias_imports_v2\system\CodeIgniter.php(363): CodeIgniter\CodeIgniter->handleRequest()
#8 C:\Sistemas\Dias Imports\Dias Importes - Marketing v2\dias_imports_v2\system\Boot.php(417): CodeIgniter\CodeIgniter->run()
#9 C:\Sistemas\Dias Imports\Dias Importes - Marketing v2\dias_imports_v2\system\Boot.php(68): CodeIgniter\Boot::runCodeIgniter()
#10 C:\Sistemas\Dias Imports\Dias Importes - Marketing v2\dias_imports_v2\public\index.php(59): CodeIgniter\Boot::bootWeb()
#11 C:\Sistemas\Dias Imports\Dias Importes - Marketing v2\dias_imports_v2\system\rewrite.php(44): require_once('...')
#12 {main}
DEBUG - 2026-08-23 09:08:46 --> Session: Class initialized using 'CodeIgniter\Session\Handlers\FileHandler' driver.
ERROR - 2026-08-23 09:08:46 --> Error connecting to the database: mysqli_sql_exception: User 'u215145685_dias_imports' has exceeded the 'max_connections_per_hour' resource (current value: 500) in C:\Sistemas\Dias Imports\Dias Importes - Marketing v2\dias_imports_v2\system\Database\MySQLi\Connection.php:201
Stack trace:
#0 C:\Sistemas\Dias Imports\Dias Importes - Marketing v2\dias_imports_v2\system\Database\MySQLi\Connection.php(201): mysqli->real_connect()
#1 C:\Sistemas\Dias Imports\Dias Importes - Marketing v2\dias_imports_v2\system\Database\BaseConnection.php(555): CodeIgniter\Database\MySQLi\Connection->connect()
#2 C:\Sistemas\Dias Imports\Dias Importes - Marketing v2\dias_imports_v2\system\Database\BaseConnection.php(795): CodeIgniter\Database\BaseConnection->initialize()
#3 C:\Sistemas\Dias Imports\Dias Importes - Marketing v2\dias_imports_v2\system\Database\BaseBuilder.php(1659): CodeIgniter\Database\BaseConnection->query()
#4 C:\Sistemas\Dias Imports\Dias Importes - Marketing v2\dias_imports_v2\system\Model.php(297): CodeIgniter\Database\BaseBuilder->get()
#5 C:\Sistemas\Dias Imports\Dias Importes - Marketing v2\dias_imports_v2\system\BaseModel.php(714): CodeIgniter\Model->doFirst()
#6 C:\Sistemas\Dias Imports\Dias Importes - Marketing v2\dias_imports_v2\app\Libraries\EvolutionApiService.php(21): CodeIgniter\BaseModel->first()
#7 C:\Sistemas\Dias Imports\Dias Importes - Marketing v2\dias_imports_v2\app\Libraries\EvolutionApiService.php(39): App\Libraries\EvolutionApiService->getSettings()
#8 C:\Sistemas\Dias Imports\Dias Importes - Marketing v2\dias_imports_v2\app\Controllers\Health.php(33): App\Libraries\EvolutionApiService->isConfigured()
#9 C:\Sistemas\Dias Imports\Dias Importes - Marketing v2\dias_imports_v2\system\CodeIgniter.php(974): App\Controllers\Health->check()
#10 C:\Sistemas\Dias Imports\Dias Importes - Marketing v2\dias_imports_v2\system\CodeIgniter.php(520): CodeIgniter\CodeIgniter->runController()
#11 C:\Sistemas\Dias Imports\Dias Importes - Marketing v2\dias_imports_v2\system\CodeIgniter.php(363): CodeIgniter\CodeIgniter->handleRequest()
#12 C:\Sistemas\Dias Imports\Dias Importes - Marketing v2\dias_imports_v2\system\Boot.php(417): CodeIgniter\CodeIgniter->run()
#13 C:\Sistemas\Dias Imports\Dias Importes - Marketing v2\dias_imports_v2\system\Boot.php(68): CodeIgniter\Boot::runCodeIgniter()
#14 C:\Sistemas\Dias Imports\Dias Importes - Marketing v2\dias_imports_v2\public\index.php(59): CodeIgniter\Boot::bootWeb()
#15 C:\Sistemas\Dias Imports\Dias Importes - Marketing v2\dias_imports_v2\system\rewrite.php(44): require_once('...')
#16 {main}

Next CodeIgniter\Database\Exceptions\DatabaseException: User '****' has exceeded the 'max_connections_per_hour' resource (current value: 500) in C:\Sistemas\Dias Imports\Dias Importes - Marketing v2\dias_imports_v2\system\Database\MySQLi\Connection.php:231
Stack trace:
#0 C:\Sistemas\Dias Imports\Dias Importes - Marketing v2\dias_imports_v2\system\Database\BaseConnection.php(555): CodeIgniter\Database\MySQLi\Connection->connect()
#1 C:\Sistemas\Dias Imports\Dias Importes - Marketing v2\dias_imports_v2\system\Database\BaseConnection.php(795): CodeIgniter\Database\BaseConnection->initialize()
#2 C:\Sistemas\Dias Imports\Dias Importes - Marketing v2\dias_imports_v2\system\Database\BaseBuilder.php(1659): CodeIgniter\Database\BaseConnection->query()
#3 C:\Sistemas\Dias Imports\Dias Importes - Marketing v2\dias_imports_v2\system\Model.php(297): CodeIgniter\Database\BaseBuilder->get()
#4 C:\Sistemas\Dias Imports\Dias Importes - Marketing v2\dias_imports_v2\system\BaseModel.php(714): CodeIgniter\Model->doFirst()
#5 C:\Sistemas\Dias Imports\Dias Importes - Marketing v2\dias_imports_v2\app\Libraries\EvolutionApiService.php(21): CodeIgniter\BaseModel->first()
#6 C:\Sistemas\Dias Imports\Dias Importes - Marketing v2\dias_imports_v2\app\Libraries\EvolutionApiService.php(39): App\Libraries\EvolutionApiService->getSettings()
#7 C:\Sistemas\Dias Imports\Dias Importes - Marketing v2\dias_imports_v2\app\Controllers\Health.php(33): App\Libraries\EvolutionApiService->isConfigured()
#8 C:\Sistemas\Dias Imports\Dias Importes - Marketing v2\dias_imports_v2\system\CodeIgniter.php(974): App\Controllers\Health->check()
#9 C:\Sistemas\Dias Imports\Dias Importes - Marketing v2\dias_imports_v2\system\CodeIgniter.php(520): CodeIgniter\CodeIgniter->runController()
#10 C:\Sistemas\Dias Imports\Dias Importes - Marketing v2\dias_imports_v2\system\CodeIgniter.php(363): CodeIgniter\CodeIgniter->handleRequest()
#11 C:\Sistemas\Dias Imports\Dias Importes - Marketing v2\dias_imports_v2\system\Boot.php(417): CodeIgniter\CodeIgniter->run()
#12 C:\Sistemas\Dias Imports\Dias Importes - Marketing v2\dias_imports_v2\system\Boot.php(68): CodeIgniter\Boot::runCodeIgniter()
#13 C:\Sistemas\Dias Imports\Dias Importes - Marketing v2\dias_imports_v2\public\index.php(59): CodeIgniter\Boot::bootWeb()
#14 C:\Sistemas\Dias Imports\Dias Importes - Marketing v2\dias_imports_v2\system\rewrite.php(44): require_once('...')
#15 {main}
ERROR - 2026-08-23 09:08:46 --> Error connecting to the database: mysqli_sql_exception: User 'u215145685_dias_imports' has exceeded the 'max_connections_per_hour' resource (current value: 500) in C:\Sistemas\Dias Imports\Dias Importes - Marketing v2\dias_imports_v2\system\Database\MySQLi\Connection.php:201
Stack trace:
#0 C:\Sistemas\Dias Imports\Dias Importes - Marketing v2\dias_imports_v2\system\Database\MySQLi\Connection.php(201): mysqli->real_connect()
#1 C:\Sistemas\Dias Imports\Dias Importes - Marketing v2\dias_imports_v2\system\Database\BaseConnection.php(555): CodeIgniter\Database\MySQLi\Connection->connect()
#2 C:\Sistemas\Dias Imports\Dias Importes - Marketing v2\dias_imports_v2\system\Database\BaseConnection.php(795): CodeIgniter\Database\BaseConnection->initialize()
#3 C:\Sistemas\Dias Imports\Dias Importes - Marketing v2\dias_imports_v2\system\Database\BaseBuilder.php(1659): CodeIgniter\Database\BaseConnection->query()
#4 C:\Sistemas\Dias Imports\Dias Importes - Marketing v2\dias_imports_v2\app\Models\SystemJobQueueModel.php(38): CodeIgniter\Database\BaseBuilder->get()
#5 C:\Sistemas\Dias Imports\Dias Importes - Marketing v2\dias_imports_v2\app\Controllers\Health.php(68): App\Models\SystemJobQueueModel->getQueueStats()
#6 C:\Sistemas\Dias Imports\Dias Importes - Marketing v2\dias_imports_v2\system\CodeIgniter.php(974): App\Controllers\Health->check()
#7 C:\Sistemas\Dias Imports\Dias Importes - Marketing v2\dias_imports_v2\system\CodeIgniter.php(520): CodeIgniter\CodeIgniter->runController()
#8 C:\Sistemas\Dias Imports\Dias Importes - Marketing v2\dias_imports_v2\system\CodeIgniter.php(363): CodeIgniter\CodeIgniter->handleRequest()
#9 C:\Sistemas\Dias Imports\Dias Importes - Marketing v2\dias_imports_v2\system\Boot.php(417): CodeIgniter\CodeIgniter->run()
#10 C:\Sistemas\Dias Imports\Dias Importes - Marketing v2\dias_imports_v2\system\Boot.php(68): CodeIgniter\Boot::runCodeIgniter()
#11 C:\Sistemas\Dias Imports\Dias Importes - Marketing v2\dias_imports_v2\public\index.php(59): CodeIgniter\Boot::bootWeb()
#12 C:\Sistemas\Dias Imports\Dias Importes - Marketing v2\dias_imports_v2\system\rewrite.php(44): require_once('...')
#13 {main}

Next CodeIgniter\Database\Exceptions\DatabaseException: User '****' has exceeded the 'max_connections_per_hour' resource (current value: 500) in C:\Sistemas\Dias Imports\Dias Importes - Marketing v2\dias_imports_v2\system\Database\MySQLi\Connection.php:231
Stack trace:
#0 C:\Sistemas\Dias Imports\Dias Importes - Marketing v2\dias_imports_v2\system\Database\BaseConnection.php(555): CodeIgniter\Database\MySQLi\Connection->connect()
#1 C:\Sistemas\Dias Imports\Dias Importes - Marketing v2\dias_imports_v2\system\Database\BaseConnection.php(795): CodeIgniter\Database\BaseConnection->initialize()
#2 C:\Sistemas\Dias Imports\Dias Importes - Marketing v2\dias_imports_v2\system\Database\BaseBuilder.php(1659): CodeIgniter\Database\BaseConnection->query()
#3 C:\Sistemas\Dias Imports\Dias Importes - Marketing v2\dias_imports_v2\app\Models\SystemJobQueueModel.php(38): CodeIgniter\Database\BaseBuilder->get()
#4 C:\Sistemas\Dias Imports\Dias Importes - Marketing v2\dias_imports_v2\app\Controllers\Health.php(68): App\Models\SystemJobQueueModel->getQueueStats()
#5 C:\Sistemas\Dias Imports\Dias Importes - Marketing v2\dias_imports_v2\system\CodeIgniter.php(974): App\Controllers\Health->check()
#6 C:\Sistemas\Dias Imports\Dias Importes - Marketing v2\dias_imports_v2\system\CodeIgniter.php(520): CodeIgniter\CodeIgniter->runController()
#7 C:\Sistemas\Dias Imports\Dias Importes - Marketing v2\dias_imports_v2\system\CodeIgniter.php(363): CodeIgniter\CodeIgniter->handleRequest()
#8 C:\Sistemas\Dias Imports\Dias Importes - Marketing v2\dias_imports_v2\system\Boot.php(417): CodeIgniter\CodeIgniter->run()
#9 C:\Sistemas\Dias Imports\Dias Importes - Marketing v2\dias_imports_v2\system\Boot.php(68): CodeIgniter\Boot::runCodeIgniter()
#10 C:\Sistemas\Dias Imports\Dias Importes - Marketing v2\dias_imports_v2\public\index.php(59): CodeIgniter\Boot::bootWeb()
#11 C:\Sistemas\Dias Imports\Dias Importes - Marketing v2\dias_imports_v2\system\rewrite.php(44): require_once('...')
#12 {main}
DEBUG - 2026-08-23 09:08:47 --> Session: Class initialized using 'CodeIgniter\Session\Handlers\FileHandler' driver.
ERROR - 2026-08-23 09:08:47 --> Error connecting to the database: mysqli_sql_exception: User 'u215145685_dias_imports' has exceeded the 'max_connections_per_hour' resource (current value: 500) in C:\Sistemas\Dias Imports\Dias Importes - Marketing v2\dias_imports_v2\system\Database\MySQLi\Connection.php:201
Stack trace:
#0 C:\Sistemas\Dias Imports\Dias Importes - Marketing v2\dias_imports_v2\system\Database\MySQLi\Connection.php(201): mysqli->real_connect()
#1 C:\Sistemas\Dias Imports\Dias Importes - Marketing v2\dias_imports_v2\system\Database\BaseConnection.php(555): CodeIgniter\Database\MySQLi\Connection->connect()
#2 C:\Sistemas\Dias Imports\Dias Importes - Marketing v2\dias_imports_v2\system\Database\BaseConnection.php(795): CodeIgniter\Database\BaseConnection->initialize()
#3 C:\Sistemas\Dias Imports\Dias Importes - Marketing v2\dias_imports_v2\system\Database\BaseBuilder.php(1659): CodeIgniter\Database\BaseConnection->query()
#4 C:\Sistemas\Dias Imports\Dias Importes - Marketing v2\dias_imports_v2\system\Model.php(297): CodeIgniter\Database\BaseBuilder->get()
#5 C:\Sistemas\Dias Imports\Dias Importes - Marketing v2\dias_imports_v2\system\BaseModel.php(714): CodeIgniter\Model->doFirst()
#6 C:\Sistemas\Dias Imports\Dias Importes - Marketing v2\dias_imports_v2\app\Controllers\Home.php(443): CodeIgniter\BaseModel->first()
#7 C:\Sistemas\Dias Imports\Dias Importes - Marketing v2\dias_imports_v2\app\Controllers\Home.php(118): App\Controllers\Home->renderPage()
#8 C:\Sistemas\Dias Imports\Dias Importes - Marketing v2\dias_imports_v2\system\CodeIgniter.php(974): App\Controllers\Home->settings()
#9 C:\Sistemas\Dias Imports\Dias Importes - Marketing v2\dias_imports_v2\system\CodeIgniter.php(520): CodeIgniter\CodeIgniter->runController()
#10 C:\Sistemas\Dias Imports\Dias Importes - Marketing v2\dias_imports_v2\system\CodeIgniter.php(363): CodeIgniter\CodeIgniter->handleRequest()
#11 C:\Sistemas\Dias Imports\Dias Importes - Marketing v2\dias_imports_v2\system\Boot.php(417): CodeIgniter\CodeIgniter->run()
#12 C:\Sistemas\Dias Imports\Dias Importes - Marketing v2\dias_imports_v2\system\Boot.php(68): CodeIgniter\Boot::runCodeIgniter()
#13 C:\Sistemas\Dias Imports\Dias Importes - Marketing v2\dias_imports_v2\public\index.php(59): CodeIgniter\Boot::bootWeb()
#14 C:\Sistemas\Dias Imports\Dias Importes - Marketing v2\dias_imports_v2\system\rewrite.php(44): require_once('...')
#15 {main}

Next CodeIgniter\Database\Exceptions\DatabaseException: User '****' has exceeded the 'max_connections_per_hour' resource (current value: 500) in C:\Sistemas\Dias Imports\Dias Importes - Marketing v2\dias_imports_v2\system\Database\MySQLi\Connection.php:231
Stack trace:
#0 C:\Sistemas\Dias Imports\Dias Importes - Marketing v2\dias_imports_v2\system\Database\BaseConnection.php(555): CodeIgniter\Database\MySQLi\Connection->connect()
#1 C:\Sistemas\Dias Imports\Dias Importes - Marketing v2\dias_imports_v2\system\Database\BaseConnection.php(795): CodeIgniter\Database\BaseConnection->initialize()
#2 C:\Sistemas\Dias Imports\Dias Importes - Marketing v2\dias_imports_v2\system\Database\BaseBuilder.php(1659): CodeIgniter\Database\BaseConnection->query()
#3 C:\Sistemas\Dias Imports\Dias Importes - Marketing v2\dias_imports_v2\system\Model.php(297): CodeIgniter\Database\BaseBuilder->get()
#4 C:\Sistemas\Dias Imports\Dias Importes - Marketing v2\dias_imports_v2\system\BaseModel.php(714): CodeIgniter\Model->doFirst()
#5 C:\Sistemas\Dias Imports\Dias Importes - Marketing v2\dias_imports_v2\app\Controllers\Home.php(443): CodeIgniter\BaseModel->first()
#6 C:\Sistemas\Dias Imports\Dias Importes - Marketing v2\dias_imports_v2\app\Controllers\Home.php(118): App\Controllers\Home->renderPage()
#7 C:\Sistemas\Dias Imports\Dias Importes - Marketing v2\dias_imports_v2\system\CodeIgniter.php(974): App\Controllers\Home->settings()
#8 C:\Sistemas\Dias Imports\Dias Importes - Marketing v2\dias_imports_v2\system\CodeIgniter.php(520): CodeIgniter\CodeIgniter->runController()
#9 C:\Sistemas\Dias Imports\Dias Importes - Marketing v2\dias_imports_v2\system\CodeIgniter.php(363): CodeIgniter\CodeIgniter->handleRequest()
#10 C:\Sistemas\Dias Imports\Dias Importes - Marketing v2\dias_imports_v2\system\Boot.php(417): CodeIgniter\CodeIgniter->run()
#11 C:\Sistemas\Dias Imports\Dias Importes - Marketing v2\dias_imports_v2\system\Boot.php(68): CodeIgniter\Boot::runCodeIgniter()
#12 C:\Sistemas\Dias Imports\Dias Importes - Marketing v2\dias_imports_v2\public\index.php(59): CodeIgniter\Boot::bootWeb()
#13 C:\Sistemas\Dias Imports\Dias Importes - Marketing v2\dias_imports_v2\system\rewrite.php(44): require_once('...')
#14 {main}
CRITICAL - 2026-08-23 09:08:47 --> CodeIgniter\Database\Exceptions\DatabaseException: Unable to connect to the database.
Main connection [MySQLi]: User '****' has exceeded the 'max_connections_per_hour' resource (current value: 500)
[Method: GET, Route: configuracoes]
in SYSTEMPATH\Database\BaseConnection.php on line 606.
 1 SYSTEMPATH\Database\BaseConnection.php(795): CodeIgniter\Database\BaseConnection->initialize()
 2 SYSTEMPATH\Database\BaseBuilder.php(1659): CodeIgniter\Database\BaseConnection->query()
 3 SYSTEMPATH\Model.php(297): CodeIgniter\Database\BaseBuilder->get()
 4 SYSTEMPATH\BaseModel.php(714): CodeIgniter\Model->doFirst()
 5 APPPATH\Controllers\Home.php(443): CodeIgniter\BaseModel->first()
 6 APPPATH\Controllers\Home.php(118): App\Controllers\Home->renderPage()
 7 SYSTEMPATH\CodeIgniter.php(974): App\Controllers\Home->settings()
 8 SYSTEMPATH\CodeIgniter.php(520): CodeIgniter\CodeIgniter->runController()
 9 SYSTEMPATH\CodeIgniter.php(363): CodeIgniter\CodeIgniter->handleRequest()
10 SYSTEMPATH\Boot.php(417): CodeIgniter\CodeIgniter->run()
11 SYSTEMPATH\Boot.php(68): CodeIgniter\Boot::runCodeIgniter()
12 FCPATH\index.php(59): CodeIgniter\Boot::bootWeb()
13 SYSTEMPATH\rewrite.php(44): require_once('C:\\Sistemas\\Dias Imports\\Dias Importes - Marketing v2\\dias_imports_v2\\public\\index.php')
DEBUG - 2026-08-23 09:08:52 --> Session: Class initialized using 'CodeIgniter\Session\Handlers\FileHandler' driver.
ERROR - 2026-08-23 09:08:52 --> Error connecting to the database: mysqli_sql_exception: User 'u215145685_dias_imports' has exceeded the 'max_connections_per_hour' resource (current value: 500) in C:\Sistemas\Dias Imports\Dias Importes - Marketing v2\dias_imports_v2\system\Database\MySQLi\Connection.php:201
Stack trace:
#0 C:\Sistemas\Dias Imports\Dias Importes - Marketing v2\dias_imports_v2\system\Database\MySQLi\Connection.php(201): mysqli->real_connect()
#1 C:\Sistemas\Dias Imports\Dias Importes - Marketing v2\dias_imports_v2\system\Database\BaseConnection.php(555): CodeIgniter\Database\MySQLi\Connection->connect()
#2 C:\Sistemas\Dias Imports\Dias Importes - Marketing v2\dias_imports_v2\system\Database\BaseConnection.php(795): CodeIgniter\Database\BaseConnection->initialize()
#3 C:\Sistemas\Dias Imports\Dias Importes - Marketing v2\dias_imports_v2\system\Database\BaseBuilder.php(1659): CodeIgniter\Database\BaseConnection->query()
#4 C:\Sistemas\Dias Imports\Dias Importes - Marketing v2\dias_imports_v2\system\Model.php(297): CodeIgniter\Database\BaseBuilder->get()
#5 C:\Sistemas\Dias Imports\Dias Importes - Marketing v2\dias_imports_v2\system\BaseModel.php(714): CodeIgniter\Model->doFirst()
#6 C:\Sistemas\Dias Imports\Dias Importes - Marketing v2\dias_imports_v2\app\Libraries\EvolutionApiService.php(21): CodeIgniter\BaseModel->first()
#7 C:\Sistemas\Dias Imports\Dias Importes - Marketing v2\dias_imports_v2\app\Libraries\EvolutionApiService.php(39): App\Libraries\EvolutionApiService->getSettings()
#8 C:\Sistemas\Dias Imports\Dias Importes - Marketing v2\dias_imports_v2\app\Controllers\Health.php(33): App\Libraries\EvolutionApiService->isConfigured()
#9 C:\Sistemas\Dias Imports\Dias Importes - Marketing v2\dias_imports_v2\system\CodeIgniter.php(974): App\Controllers\Health->check()
#10 C:\Sistemas\Dias Imports\Dias Importes - Marketing v2\dias_imports_v2\system\CodeIgniter.php(520): CodeIgniter\CodeIgniter->runController()
#11 C:\Sistemas\Dias Imports\Dias Importes - Marketing v2\dias_imports_v2\system\CodeIgniter.php(363): CodeIgniter\CodeIgniter->handleRequest()
#12 C:\Sistemas\Dias Imports\Dias Importes - Marketing v2\dias_imports_v2\system\Boot.php(417): CodeIgniter\CodeIgniter->run()
#13 C:\Sistemas\Dias Imports\Dias Importes - Marketing v2\dias_imports_v2\system\Boot.php(68): CodeIgniter\Boot::runCodeIgniter()
#14 C:\Sistemas\Dias Imports\Dias Importes - Marketing v2\dias_imports_v2\public\index.php(59): CodeIgniter\Boot::bootWeb()
#15 C:\Sistemas\Dias Imports\Dias Importes - Marketing v2\dias_imports_v2\system\rewrite.php(44): require_once('...')
#16 {main}

Next CodeIgniter\Database\Exceptions\DatabaseException: User '****' has exceeded the 'max_connections_per_hour' resource (current value: 500) in C:\Sistemas\Dias Imports\Dias Importes - Marketing v2\dias_imports_v2\system\Database\MySQLi\Connection.php:231
Stack trace:
#0 C:\Sistemas\Dias Imports\Dias Importes - Marketing v2\dias_imports_v2\system\Database\BaseConnection.php(555): CodeIgniter\Database\MySQLi\Connection->connect()
#1 C:\Sistemas\Dias Imports\Dias Importes - Marketing v2\dias_imports_v2\system\Database\BaseConnection.php(795): CodeIgniter\Database\BaseConnection->initialize()
#2 C:\Sistemas\Dias Imports\Dias Importes - Marketing v2\dias_imports_v2\system\Database\BaseBuilder.php(1659): CodeIgniter\Database\BaseConnection->query()
#3 C:\Sistemas\Dias Imports\Dias Importes - Marketing v2\dias_imports_v2\system\Model.php(297): CodeIgniter\Database\BaseBuilder->get()
#4 C:\Sistemas\Dias Imports\Dias Importes - Marketing v2\dias_imports_v2\system\BaseModel.php(714): CodeIgniter\Model->doFirst()
#5 C:\Sistemas\Dias Imports\Dias Importes - Marketing v2\dias_imports_v2\app\Libraries\EvolutionApiService.php(21): CodeIgniter\BaseModel->first()
#6 C:\Sistemas\Dias Imports\Dias Importes - Marketing v2\dias_imports_v2\app\Libraries\EvolutionApiService.php(39): App\Libraries\EvolutionApiService->getSettings()
#7 C:\Sistemas\Dias Imports\Dias Importes - Marketing v2\dias_imports_v2\app\Controllers\Health.php(33): App\Libraries\EvolutionApiService->isConfigured()
#8 C:\Sistemas\Dias Imports\Dias Importes - Marketing v2\dias_imports_v2\system\CodeIgniter.php(974): App\Controllers\Health->check()
#9 C:\Sistemas\Dias Imports\Dias Importes - Marketing v2\dias_imports_v2\system\CodeIgniter.php(520): CodeIgniter\CodeIgniter->runController()
#10 C:\Sistemas\Dias Imports\Dias Importes - Marketing v2\dias_imports_v2\system\CodeIgniter.php(363): CodeIgniter\CodeIgniter->handleRequest()
#11 C:\Sistemas\Dias Imports\Dias Importes - Marketing v2\dias_imports_v2\system\Boot.php(417): CodeIgniter\CodeIgniter->run()
#12 C:\Sistemas\Dias Imports\Dias Importes - Marketing v2\dias_imports_v2\system\Boot.php(68): CodeIgniter\Boot::runCodeIgniter()
#13 C:\Sistemas\Dias Imports\Dias Importes - Marketing v2\dias_imports_v2\public\index.php(59): CodeIgniter\Boot::bootWeb()
#14 C:\Sistemas\Dias Imports\Dias Importes - Marketing v2\dias_imports_v2\system\rewrite.php(44): require_once('...')
#15 {main}
ERROR - 2026-08-23 09:08:52 --> Error connecting to the database: mysqli_sql_exception: User 'u215145685_dias_imports' has exceeded the 'max_connections_per_hour' resource (current value: 500) in C:\Sistemas\Dias Imports\Dias Importes - Marketing v2\dias_imports_v2\system\Database\MySQLi\Connection.php:201
Stack trace:
#0 C:\Sistemas\Dias Imports\Dias Importes - Marketing v2\dias_imports_v2\system\Database\MySQLi\Connection.php(201): mysqli->real_connect()
#1 C:\Sistemas\Dias Imports\Dias Importes - Marketing v2\dias_imports_v2\system\Database\BaseConnection.php(555): CodeIgniter\Database\MySQLi\Connection->connect()
#2 C:\Sistemas\Dias Imports\Dias Importes - Marketing v2\dias_imports_v2\system\Database\BaseConnection.php(795): CodeIgniter\Database\BaseConnection->initialize()
#3 C:\Sistemas\Dias Imports\Dias Importes - Marketing v2\dias_imports_v2\system\Database\BaseBuilder.php(1659): CodeIgniter\Database\BaseConnection->query()
#4 C:\Sistemas\Dias Imports\Dias Importes - Marketing v2\dias_imports_v2\app\Models\SystemJobQueueModel.php(38): CodeIgniter\Database\BaseBuilder->get()
#5 C:\Sistemas\Dias Imports\Dias Importes - Marketing v2\dias_imports_v2\app\Controllers\Health.php(68): App\Models\SystemJobQueueModel->getQueueStats()
#6 C:\Sistemas\Dias Imports\Dias Importes - Marketing v2\dias_imports_v2\system\CodeIgniter.php(974): App\Controllers\Health->check()
#7 C:\Sistemas\Dias Imports\Dias Importes - Marketing v2\dias_imports_v2\system\CodeIgniter.php(520): CodeIgniter\CodeIgniter->runController()
#8 C:\Sistemas\Dias Imports\Dias Importes - Marketing v2\dias_imports_v2\system\CodeIgniter.php(363): CodeIgniter\CodeIgniter->handleRequest()
#9 C:\Sistemas\Dias Imports\Dias Importes - Marketing v2\dias_imports_v2\system\Boot.php(417): CodeIgniter\CodeIgniter->run()
#10 C:\Sistemas\Dias Imports\Dias Importes - Marketing v2\dias_imports_v2\system\Boot.php(68): CodeIgniter\Boot::runCodeIgniter()
#11 C:\Sistemas\Dias Imports\Dias Importes - Marketing v2\dias_imports_v2\public\index.php(59): CodeIgniter\Boot::bootWeb()
#12 C:\Sistemas\Dias Imports\Dias Importes - Marketing v2\dias_imports_v2\system\rewrite.php(44): require_once('...')
#13 {main}

Next CodeIgniter\Database\Exceptions\DatabaseException: User '****' has exceeded the 'max_connections_per_hour' resource (current value: 500) in C:\Sistemas\Dias Imports\Dias Importes - Marketing v2\dias_imports_v2\system\Database\MySQLi\Connection.php:231
Stack trace:
#0 C:\Sistemas\Dias Imports\Dias Importes - Marketing v2\dias_imports_v2\system\Database\BaseConnection.php(555): CodeIgniter\Database\MySQLi\Connection->connect()
#1 C:\Sistemas\Dias Imports\Dias Importes - Marketing v2\dias_imports_v2\system\Database\BaseConnection.php(795): CodeIgniter\Database\BaseConnection->initialize()
#2 C:\Sistemas\Dias Imports\Dias Importes - Marketing v2\dias_imports_v2\system\Database\BaseBuilder.php(1659): CodeIgniter\Database\BaseConnection->query()
#3 C:\Sistemas\Dias Imports\Dias Importes - Marketing v2\dias_imports_v2\app\Models\SystemJobQueueModel.php(38): CodeIgniter\Database\BaseBuilder->get()
#4 C:\Sistemas\Dias Imports\Dias Importes - Marketing v2\dias_imports_v2\app\Controllers\Health.php(68): App\Models\SystemJobQueueModel->getQueueStats()
#5 C:\Sistemas\Dias Imports\Dias Importes - Marketing v2\dias_imports_v2\system\CodeIgniter.php(974): App\Controllers\Health->check()
#6 C:\Sistemas\Dias Imports\Dias Importes - Marketing v2\dias_imports_v2\system\CodeIgniter.php(520): CodeIgniter\CodeIgniter->runController()
#7 C:\Sistemas\Dias Imports\Dias Importes - Marketing v2\dias_imports_v2\system\CodeIgniter.php(363): CodeIgniter\CodeIgniter->handleRequest()
#8 C:\Sistemas\Dias Imports\Dias Importes - Marketing v2\dias_imports_v2\system\Boot.php(417): CodeIgniter\CodeIgniter->run()
#9 C:\Sistemas\Dias Imports\Dias Importes - Marketing v2\dias_imports_v2\system\Boot.php(68): CodeIgniter\Boot::runCodeIgniter()
#10 C:\Sistemas\Dias Imports\Dias Importes - Marketing v2\dias_imports_v2\public\index.php(59): CodeIgniter\Boot::bootWeb()
#11 C:\Sistemas\Dias Imports\Dias Importes - Marketing v2\dias_imports_v2\system\rewrite.php(44): require_once('...')
#12 {main}
DEBUG - 2026-08-23 09:08:53 --> Session: Class initialized using 'CodeIgniter\Session\Handlers\FileHandler' driver.
ERROR - 2026-08-23 09:08:53 --> Error connecting to the database: mysqli_sql_exception: User 'u215145685_dias_imports' has exceeded the 'max_connections_per_hour' resource (current value: 500) in C:\Sistemas\Dias Imports\Dias Importes - Marketing v2\dias_imports_v2\system\Database\MySQLi\Connection.php:201
Stack trace:
#0 C:\Sistemas\Dias Imports\Dias Importes - Marketing v2\dias_imports_v2\system\Database\MySQLi\Connection.php(201): mysqli->real_connect()
#1 C:\Sistemas\Dias Imports\Dias Importes - Marketing v2\dias_imports_v2\system\Database\BaseConnection.php(555): CodeIgniter\Database\MySQLi\Connection->connect()
#2 C:\Sistemas\Dias Imports\Dias Importes - Marketing v2\dias_imports_v2\system\Database\BaseConnection.php(795): CodeIgniter\Database\BaseConnection->initialize()
#3 C:\Sistemas\Dias Imports\Dias Importes - Marketing v2\dias_imports_v2\system\Database\BaseBuilder.php(1659): CodeIgniter\Database\BaseConnection->query()
#4 C:\Sistemas\Dias Imports\Dias Importes - Marketing v2\dias_imports_v2\system\Model.php(297): CodeIgniter\Database\BaseBuilder->get()
#5 C:\Sistemas\Dias Imports\Dias Importes - Marketing v2\dias_imports_v2\system\BaseModel.php(714): CodeIgniter\Model->doFirst()
#6 C:\Sistemas\Dias Imports\Dias Importes - Marketing v2\dias_imports_v2\app\Controllers\Home.php(325): CodeIgniter\BaseModel->first()
#7 C:\Sistemas\Dias Imports\Dias Importes - Marketing v2\dias_imports_v2\system\CodeIgniter.php(974): App\Controllers\Home->landingLeadsSettings()
#8 C:\Sistemas\Dias Imports\Dias Importes - Marketing v2\dias_imports_v2\system\CodeIgniter.php(520): CodeIgniter\CodeIgniter->runController()
#9 C:\Sistemas\Dias Imports\Dias Importes - Marketing v2\dias_imports_v2\system\CodeIgniter.php(363): CodeIgniter\CodeIgniter->handleRequest()
#10 C:\Sistemas\Dias Imports\Dias Importes - Marketing v2\dias_imports_v2\system\Boot.php(417): CodeIgniter\CodeIgniter->run()
#11 C:\Sistemas\Dias Imports\Dias Importes - Marketing v2\dias_imports_v2\system\Boot.php(68): CodeIgniter\Boot::runCodeIgniter()
#12 C:\Sistemas\Dias Imports\Dias Importes - Marketing v2\dias_imports_v2\public\index.php(59): CodeIgniter\Boot::bootWeb()
#13 C:\Sistemas\Dias Imports\Dias Importes - Marketing v2\dias_imports_v2\system\rewrite.php(44): require_once('...')
#14 {main}

Next CodeIgniter\Database\Exceptions\DatabaseException: User '****' has exceeded the 'max_connections_per_hour' resource (current value: 500) in C:\Sistemas\Dias Imports\Dias Importes - Marketing v2\dias_imports_v2\system\Database\MySQLi\Connection.php:231
Stack trace:
#0 C:\Sistemas\Dias Imports\Dias Importes - Marketing v2\dias_imports_v2\system\Database\BaseConnection.php(555): CodeIgniter\Database\MySQLi\Connection->connect()
#1 C:\Sistemas\Dias Imports\Dias Importes - Marketing v2\dias_imports_v2\system\Database\BaseConnection.php(795): CodeIgniter\Database\BaseConnection->initialize()
#2 C:\Sistemas\Dias Imports\Dias Importes - Marketing v2\dias_imports_v2\system\Database\BaseBuilder.php(1659): CodeIgniter\Database\BaseConnection->query()
#3 C:\Sistemas\Dias Imports\Dias Importes - Marketing v2\dias_imports_v2\system\Model.php(297): CodeIgniter\Database\BaseBuilder->get()
#4 C:\Sistemas\Dias Imports\Dias Importes - Marketing v2\dias_imports_v2\system\BaseModel.php(714): CodeIgniter\Model->doFirst()
#5 C:\Sistemas\Dias Imports\Dias Importes - Marketing v2\dias_imports_v2\app\Controllers\Home.php(325): CodeIgniter\BaseModel->first()
#6 C:\Sistemas\Dias Imports\Dias Importes - Marketing v2\dias_imports_v2\system\CodeIgniter.php(974): App\Controllers\Home->landingLeadsSettings()
#7 C:\Sistemas\Dias Imports\Dias Importes - Marketing v2\dias_imports_v2\system\CodeIgniter.php(520): CodeIgniter\CodeIgniter->runController()
#8 C:\Sistemas\Dias Imports\Dias Importes - Marketing v2\dias_imports_v2\system\CodeIgniter.php(363): CodeIgniter\CodeIgniter->handleRequest()
#9 C:\Sistemas\Dias Imports\Dias Importes - Marketing v2\dias_imports_v2\system\Boot.php(417): CodeIgniter\CodeIgniter->run()
#10 C:\Sistemas\Dias Imports\Dias Importes - Marketing v2\dias_imports_v2\system\Boot.php(68): CodeIgniter\Boot::runCodeIgniter()
#11 C:\Sistemas\Dias Imports\Dias Importes - Marketing v2\dias_imports_v2\public\index.php(59): CodeIgniter\Boot::bootWeb()
#12 C:\Sistemas\Dias Imports\Dias Importes - Marketing v2\dias_imports_v2\system\rewrite.php(44): require_once('...')
#13 {main}
CRITICAL - 2026-08-23 09:08:53 --> CodeIgniter\Database\Exceptions\DatabaseException: Unable to connect to the database.
Main connection [MySQLi]: User '****' has exceeded the 'max_connections_per_hour' resource (current value: 500)
[Method: GET, Route: landing-leads]
in SYSTEMPATH\Database\BaseConnection.php on line 606.
 1 SYSTEMPATH\Database\BaseConnection.php(795): CodeIgniter\Database\BaseConnection->initialize()
 2 SYSTEMPATH\Database\BaseBuilder.php(1659): CodeIgniter\Database\BaseConnection->query()
 3 SYSTEMPATH\Model.php(297): CodeIgniter\Database\BaseBuilder->get()
 4 SYSTEMPATH\BaseModel.php(714): CodeIgniter\Model->doFirst()
 5 APPPATH\Controllers\Home.php(325): CodeIgniter\BaseModel->first()
 6 SYSTEMPATH\CodeIgniter.php(974): App\Controllers\Home->landingLeadsSettings()
 7 SYSTEMPATH\CodeIgniter.php(520): CodeIgniter\CodeIgniter->runController()
 8 SYSTEMPATH\CodeIgniter.php(363): CodeIgniter\CodeIgniter->handleRequest()
 9 SYSTEMPATH\Boot.php(417): CodeIgniter\CodeIgniter->run()
10 SYSTEMPATH\Boot.php(68): CodeIgniter\Boot::runCodeIgniter()
11 FCPATH\index.php(59): CodeIgniter\Boot::bootWeb()
12 SYSTEMPATH\rewrite.php(44): require_once('C:\\Sistemas\\Dias Imports\\Dias Importes - Marketing v2\\dias_imports_v2\\public\\index.php')
DEBUG - 2026-08-23 09:08:57 --> Session: Class initialized using 'CodeIgniter\Session\Handlers\FileHandler' driver.
ERROR - 2026-08-23 09:08:57 --> Error connecting to the database: mysqli_sql_exception: User 'u215145685_dias_imports' has exceeded the 'max_connections_per_hour' resource (current value: 500) in C:\Sistemas\Dias Imports\Dias Importes - Marketing v2\dias_imports_v2\system\Database\MySQLi\Connection.php:201
Stack trace:
#0 C:\Sistemas\Dias Imports\Dias Importes - Marketing v2\dias_imports_v2\system\Database\MySQLi\Connection.php(201): mysqli->real_connect()
#1 C:\Sistemas\Dias Imports\Dias Importes - Marketing v2\dias_imports_v2\system\Database\BaseConnection.php(555): CodeIgniter\Database\MySQLi\Connection->connect()
#2 C:\Sistemas\Dias Imports\Dias Importes - Marketing v2\dias_imports_v2\system\Database\BaseConnection.php(795): CodeIgniter\Database\BaseConnection->initialize()
#3 C:\Sistemas\Dias Imports\Dias Importes - Marketing v2\dias_imports_v2\system\Database\BaseBuilder.php(1659): CodeIgniter\Database\BaseConnection->query()
#4 C:\Sistemas\Dias Imports\Dias Importes - Marketing v2\dias_imports_v2\system\Model.php(297): CodeIgniter\Database\BaseBuilder->get()
#5 C:\Sistemas\Dias Imports\Dias Importes - Marketing v2\dias_imports_v2\system\BaseModel.php(714): CodeIgniter\Model->doFirst()
#6 C:\Sistemas\Dias Imports\Dias Importes - Marketing v2\dias_imports_v2\app\Controllers\Home.php(443): CodeIgniter\BaseModel->first()
#7 C:\Sistemas\Dias Imports\Dias Importes - Marketing v2\dias_imports_v2\app\Controllers\Home.php(118): App\Controllers\Home->renderPage()
#8 C:\Sistemas\Dias Imports\Dias Importes - Marketing v2\dias_imports_v2\system\CodeIgniter.php(974): App\Controllers\Home->settings()
#9 C:\Sistemas\Dias Imports\Dias Importes - Marketing v2\dias_imports_v2\system\CodeIgniter.php(520): CodeIgniter\CodeIgniter->runController()
#10 C:\Sistemas\Dias Imports\Dias Importes - Marketing v2\dias_imports_v2\system\CodeIgniter.php(363): CodeIgniter\CodeIgniter->handleRequest()
#11 C:\Sistemas\Dias Imports\Dias Importes - Marketing v2\dias_imports_v2\system\Boot.php(417): CodeIgniter\CodeIgniter->run()
#12 C:\Sistemas\Dias Imports\Dias Importes - Marketing v2\dias_imports_v2\system\Boot.php(68): CodeIgniter\Boot::runCodeIgniter()
#13 C:\Sistemas\Dias Imports\Dias Importes - Marketing v2\dias_imports_v2\public\index.php(59): CodeIgniter\Boot::bootWeb()
#14 C:\Sistemas\Dias Imports\Dias Importes - Marketing v2\dias_imports_v2\system\rewrite.php(44): require_once('...')
#15 {main}

Next CodeIgniter\Database\Exceptions\DatabaseException: User '****' has exceeded the 'max_connections_per_hour' resource (current value: 500) in C:\Sistemas\Dias Imports\Dias Importes - Marketing v2\dias_imports_v2\system\Database\MySQLi\Connection.php:231
Stack trace:
#0 C:\Sistemas\Dias Imports\Dias Importes - Marketing v2\dias_imports_v2\system\Database\BaseConnection.php(555): CodeIgniter\Database\MySQLi\Connection->connect()
#1 C:\Sistemas\Dias Imports\Dias Importes - Marketing v2\dias_imports_v2\system\Database\BaseConnection.php(795): CodeIgniter\Database\BaseConnection->initialize()
#2 C:\Sistemas\Dias Imports\Dias Importes - Marketing v2\dias_imports_v2\system\Database\BaseBuilder.php(1659): CodeIgniter\Database\BaseConnection->query()
#3 C:\Sistemas\Dias Imports\Dias Importes - Marketing v2\dias_imports_v2\system\Model.php(297): CodeIgniter\Database\BaseBuilder->get()
#4 C:\Sistemas\Dias Imports\Dias Importes - Marketing v2\dias_imports_v2\system\BaseModel.php(714): CodeIgniter\Model->doFirst()
#5 C:\Sistemas\Dias Imports\Dias Importes - Marketing v2\dias_imports_v2\app\Controllers\Home.php(443): CodeIgniter\BaseModel->first()
#6 C:\Sistemas\Dias Imports\Dias Importes - Marketing v2\dias_imports_v2\app\Controllers\Home.php(118): App\Controllers\Home->renderPage()
#7 C:\Sistemas\Dias Imports\Dias Importes - Marketing v2\dias_imports_v2\system\CodeIgniter.php(974): App\Controllers\Home->settings()
#8 C:\Sistemas\Dias Imports\Dias Importes - Marketing v2\dias_imports_v2\system\CodeIgniter.php(520): CodeIgniter\CodeIgniter->runController()
#9 C:\Sistemas\Dias Imports\Dias Importes - Marketing v2\dias_imports_v2\system\CodeIgniter.php(363): CodeIgniter\CodeIgniter->handleRequest()
#10 C:\Sistemas\Dias Imports\Dias Importes - Marketing v2\dias_imports_v2\system\Boot.php(417): CodeIgniter\CodeIgniter->run()
#11 C:\Sistemas\Dias Imports\Dias Importes - Marketing v2\dias_imports_v2\system\Boot.php(68): CodeIgniter\Boot::runCodeIgniter()
#12 C:\Sistemas\Dias Imports\Dias Importes - Marketing v2\dias_imports_v2\public\index.php(59): CodeIgniter\Boot::bootWeb()
#13 C:\Sistemas\Dias Imports\Dias Importes - Marketing v2\dias_imports_v2\system\rewrite.php(44): require_once('...')
#14 {main}
CRITICAL - 2026-08-23 09:08:57 --> CodeIgniter\Database\Exceptions\DatabaseException: Unable to connect to the database.
Main connection [MySQLi]: User '****' has exceeded the 'max_connections_per_hour' resource (current value: 500)
[Method: GET, Route: configuracoes]
in SYSTEMPATH\Database\BaseConnection.php on line 606.
 1 SYSTEMPATH\Database\BaseConnection.php(795): CodeIgniter\Database\BaseConnection->initialize()
 2 SYSTEMPATH\Database\BaseBuilder.php(1659): CodeIgniter\Database\BaseConnection->query()
 3 SYSTEMPATH\Model.php(297): CodeIgniter\Database\BaseBuilder->get()
 4 SYSTEMPATH\BaseModel.php(714): CodeIgniter\Model->doFirst()
 5 APPPATH\Controllers\Home.php(443): CodeIgniter\BaseModel->first()
 6 APPPATH\Controllers\Home.php(118): App\Controllers\Home->renderPage()
 7 SYSTEMPATH\CodeIgniter.php(974): App\Controllers\Home->settings()
 8 SYSTEMPATH\CodeIgniter.php(520): CodeIgniter\CodeIgniter->runController()
 9 SYSTEMPATH\CodeIgniter.php(363): CodeIgniter\CodeIgniter->handleRequest()
10 SYSTEMPATH\Boot.php(417): CodeIgniter\CodeIgniter->run()
11 SYSTEMPATH\Boot.php(68): CodeIgniter\Boot::runCodeIgniter()
12 FCPATH\index.php(59): CodeIgniter\Boot::bootWeb()
13 SYSTEMPATH\rewrite.php(44): require_once('C:\\Sistemas\\Dias Imports\\Dias Importes - Marketing v2\\dias_imports_v2\\public\\index.php')
DEBUG - 2026-08-23 09:09:16 --> Session: Class initialized using 'CodeIgniter\Session\Handlers\FileHandler' driver.
ERROR - 2026-08-23 09:09:16 --> Error connecting to the database: mysqli_sql_exception: User 'u215145685_dias_imports' has exceeded the 'max_connections_per_hour' resource (current value: 500) in C:\Sistemas\Dias Imports\Dias Importes - Marketing v2\dias_imports_v2\system\Database\MySQLi\Connection.php:201
Stack trace:
#0 C:\Sistemas\Dias Imports\Dias Importes - Marketing v2\dias_imports_v2\system\Database\MySQLi\Connection.php(201): mysqli->real_connect()
#1 C:\Sistemas\Dias Imports\Dias Importes - Marketing v2\dias_imports_v2\system\Database\BaseConnection.php(555): CodeIgniter\Database\MySQLi\Connection->connect()
#2 C:\Sistemas\Dias Imports\Dias Importes - Marketing v2\dias_imports_v2\system\Database\BaseConnection.php(795): CodeIgniter\Database\BaseConnection->initialize()
#3 C:\Sistemas\Dias Imports\Dias Importes - Marketing v2\dias_imports_v2\system\Database\BaseBuilder.php(1659): CodeIgniter\Database\BaseConnection->query()
#4 C:\Sistemas\Dias Imports\Dias Importes - Marketing v2\dias_imports_v2\system\Model.php(297): CodeIgniter\Database\BaseBuilder->get()
#5 C:\Sistemas\Dias Imports\Dias Importes - Marketing v2\dias_imports_v2\system\BaseModel.php(714): CodeIgniter\Model->doFirst()
#6 C:\Sistemas\Dias Imports\Dias Importes - Marketing v2\dias_imports_v2\app\Libraries\EvolutionApiService.php(21): CodeIgniter\BaseModel->first()
#7 C:\Sistemas\Dias Imports\Dias Importes - Marketing v2\dias_imports_v2\app\Libraries\EvolutionApiService.php(39): App\Libraries\EvolutionApiService->getSettings()
#8 C:\Sistemas\Dias Imports\Dias Importes - Marketing v2\dias_imports_v2\app\Controllers\Health.php(33): App\Libraries\EvolutionApiService->isConfigured()
#9 C:\Sistemas\Dias Imports\Dias Importes - Marketing v2\dias_imports_v2\system\CodeIgniter.php(974): App\Controllers\Health->check()
#10 C:\Sistemas\Dias Imports\Dias Importes - Marketing v2\dias_imports_v2\system\CodeIgniter.php(520): CodeIgniter\CodeIgniter->runController()
#11 C:\Sistemas\Dias Imports\Dias Importes - Marketing v2\dias_imports_v2\system\CodeIgniter.php(363): CodeIgniter\CodeIgniter->handleRequest()
#12 C:\Sistemas\Dias Imports\Dias Importes - Marketing v2\dias_imports_v2\system\Boot.php(417): CodeIgniter\CodeIgniter->run()
#13 C:\Sistemas\Dias Imports\Dias Importes - Marketing v2\dias_imports_v2\system\Boot.php(68): CodeIgniter\Boot::runCodeIgniter()
#14 C:\Sistemas\Dias Imports\Dias Importes - Marketing v2\dias_imports_v2\public\index.php(59): CodeIgniter\Boot::bootWeb()
#15 C:\Sistemas\Dias Imports\Dias Importes - Marketing v2\dias_imports_v2\system\rewrite.php(44): require_once('...')
#16 {main}

Next CodeIgniter\Database\Exceptions\DatabaseException: User '****' has exceeded the 'max_connections_per_hour' resource (current value: 500) in C:\Sistemas\Dias Imports\Dias Importes - Marketing v2\dias_imports_v2\system\Database\MySQLi\Connection.php:231
Stack trace:
#0 C:\Sistemas\Dias Imports\Dias Importes - Marketing v2\dias_imports_v2\system\Database\BaseConnection.php(555): CodeIgniter\Database\MySQLi\Connection->connect()
#1 C:\Sistemas\Dias Imports\Dias Importes - Marketing v2\dias_imports_v2\system\Database\BaseConnection.php(795): CodeIgniter\Database\BaseConnection->initialize()
#2 C:\Sistemas\Dias Imports\Dias Importes - Marketing v2\dias_imports_v2\system\Database\BaseBuilder.php(1659): CodeIgniter\Database\BaseConnection->query()
#3 C:\Sistemas\Dias Imports\Dias Importes - Marketing v2\dias_imports_v2\system\Model.php(297): CodeIgniter\Database\BaseBuilder->get()
#4 C:\Sistemas\Dias Imports\Dias Importes - Marketing v2\dias_imports_v2\system\BaseModel.php(714): CodeIgniter\Model->doFirst()
#5 C:\Sistemas\Dias Imports\Dias Importes - Marketing v2\dias_imports_v2\app\Libraries\EvolutionApiService.php(21): CodeIgniter\BaseModel->first()
#6 C:\Sistemas\Dias Imports\Dias Importes - Marketing v2\dias_imports_v2\app\Libraries\EvolutionApiService.php(39): App\Libraries\EvolutionApiService->getSettings()
#7 C:\Sistemas\Dias Imports\Dias Importes - Marketing v2\dias_imports_v2\app\Controllers\Health.php(33): App\Libraries\EvolutionApiService->isConfigured()
#8 C:\Sistemas\Dias Imports\Dias Importes - Marketing v2\dias_imports_v2\system\CodeIgniter.php(974): App\Controllers\Health->check()
#9 C:\Sistemas\Dias Imports\Dias Importes - Marketing v2\dias_imports_v2\system\CodeIgniter.php(520): CodeIgniter\CodeIgniter->runController()
#10 C:\Sistemas\Dias Imports\Dias Importes - Marketing v2\dias_imports_v2\system\CodeIgniter.php(363): CodeIgniter\CodeIgniter->handleRequest()
#11 C:\Sistemas\Dias Imports\Dias Importes - Marketing v2\dias_imports_v2\system\Boot.php(417): CodeIgniter\CodeIgniter->run()
#12 C:\Sistemas\Dias Imports\Dias Importes - Marketing v2\dias_imports_v2\system\Boot.php(68): CodeIgniter\Boot::runCodeIgniter()
#13 C:\Sistemas\Dias Imports\Dias Importes - Marketing v2\dias_imports_v2\public\index.php(59): CodeIgniter\Boot::bootWeb()
#14 C:\Sistemas\Dias Imports\Dias Importes - Marketing v2\dias_imports_v2\system\rewrite.php(44): require_once('...')
#15 {main}
ERROR - 2026-08-23 09:09:16 --> Error connecting to the database: mysqli_sql_exception: User 'u215145685_dias_imports' has exceeded the 'max_connections_per_hour' resource (current value: 500) in C:\Sistemas\Dias Imports\Dias Importes - Marketing v2\dias_imports_v2\system\Database\MySQLi\Connection.php:201
Stack trace:
#0 C:\Sistemas\Dias Imports\Dias Importes - Marketing v2\dias_imports_v2\system\Database\MySQLi\Connection.php(201): mysqli->real_connect()
#1 C:\Sistemas\Dias Imports\Dias Importes - Marketing v2\dias_imports_v2\system\Database\BaseConnection.php(555): CodeIgniter\Database\MySQLi\Connection->connect()
#2 C:\Sistemas\Dias Imports\Dias Importes - Marketing v2\dias_imports_v2\system\Database\BaseConnection.php(795): CodeIgniter\Database\BaseConnection->initialize()
#3 C:\Sistemas\Dias Imports\Dias Importes - Marketing v2\dias_imports_v2\system\Database\BaseBuilder.php(1659): CodeIgniter\Database\BaseConnection->query()
#4 C:\Sistemas\Dias Imports\Dias Importes - Marketing v2\dias_imports_v2\app\Models\SystemJobQueueModel.php(38): CodeIgniter\Database\BaseBuilder->get()
#5 C:\Sistemas\Dias Imports\Dias Importes - Marketing v2\dias_imports_v2\app\Controllers\Health.php(68): App\Models\SystemJobQueueModel->getQueueStats()
#6 C:\Sistemas\Dias Imports\Dias Importes - Marketing v2\dias_imports_v2\system\CodeIgniter.php(974): App\Controllers\Health->check()
#7 C:\Sistemas\Dias Imports\Dias Importes - Marketing v2\dias_imports_v2\system\CodeIgniter.php(520): CodeIgniter\CodeIgniter->runController()
#8 C:\Sistemas\Dias Imports\Dias Importes - Marketing v2\dias_imports_v2\system\CodeIgniter.php(363): CodeIgniter\CodeIgniter->handleRequest()
#9 C:\Sistemas\Dias Imports\Dias Importes - Marketing v2\dias_imports_v2\system\Boot.php(417): CodeIgniter\CodeIgniter->run()
#10 C:\Sistemas\Dias Imports\Dias Importes - Marketing v2\dias_imports_v2\system\Boot.php(68): CodeIgniter\Boot::runCodeIgniter()
#11 C:\Sistemas\Dias Imports\Dias Importes - Marketing v2\dias_imports_v2\public\index.php(59): CodeIgniter\Boot::bootWeb()
#12 C:\Sistemas\Dias Imports\Dias Importes - Marketing v2\dias_imports_v2\system\rewrite.php(44): require_once('...')
#13 {main}

Next CodeIgniter\Database\Exceptions\DatabaseException: User '****' has exceeded the 'max_connections_per_hour' resource (current value: 500) in C:\Sistemas\Dias Imports\Dias Importes - Marketing v2\dias_imports_v2\system\Database\MySQLi\Connection.php:231
Stack trace:
#0 C:\Sistemas\Dias Imports\Dias Importes - Marketing v2\dias_imports_v2\system\Database\BaseConnection.php(555): CodeIgniter\Database\MySQLi\Connection->connect()
#1 C:\Sistemas\Dias Imports\Dias Importes - Marketing v2\dias_imports_v2\system\Database\BaseConnection.php(795): CodeIgniter\Database\BaseConnection->initialize()
#2 C:\Sistemas\Dias Imports\Dias Importes - Marketing v2\dias_imports_v2\system\Database\BaseBuilder.php(1659): CodeIgniter\Database\BaseConnection->query()
#3 C:\Sistemas\Dias Imports\Dias Importes - Marketing v2\dias_imports_v2\app\Models\SystemJobQueueModel.php(38): CodeIgniter\Database\BaseBuilder->get()
#4 C:\Sistemas\Dias Imports\Dias Importes - Marketing v2\dias_imports_v2\app\Controllers\Health.php(68): App\Models\SystemJobQueueModel->getQueueStats()
#5 C:\Sistemas\Dias Imports\Dias Importes - Marketing v2\dias_imports_v2\system\CodeIgniter.php(974): App\Controllers\Health->check()
#6 C:\Sistemas\Dias Imports\Dias Importes - Marketing v2\dias_imports_v2\system\CodeIgniter.php(520): CodeIgniter\CodeIgniter->runController()
#7 C:\Sistemas\Dias Imports\Dias Importes - Marketing v2\dias_imports_v2\system\CodeIgniter.php(363): CodeIgniter\CodeIgniter->handleRequest()
#8 C:\Sistemas\Dias Imports\Dias Importes - Marketing v2\dias_imports_v2\system\Boot.php(417): CodeIgniter\CodeIgniter->run()
#9 C:\Sistemas\Dias Imports\Dias Importes - Marketing v2\dias_imports_v2\system\Boot.php(68): CodeIgniter\Boot::runCodeIgniter()
#10 C:\Sistemas\Dias Imports\Dias Importes - Marketing v2\dias_imports_v2\public\index.php(59): CodeIgniter\Boot::bootWeb()
#11 C:\Sistemas\Dias Imports\Dias Importes - Marketing v2\dias_imports_v2\system\rewrite.php(44): require_once('...')
#12 {main}
DEBUG - 2026-08-23 09:09:24 --> Session: Class initialized using 'CodeIgniter\Session\Handlers\FileHandler' driver.
DEBUG - 2026-08-23 09:09:24 --> Session: Class initialized using 'CodeIgniter\Session\Handlers\FileHandler' driver.
ERROR - 2026-08-23 09:09:24 --> Error connecting to the database: mysqli_sql_exception: User 'u215145685_dias_imports' has exceeded the 'max_connections_per_hour' resource (current value: 500) in C:\Sistemas\Dias Imports\Dias Importes - Marketing v2\dias_imports_v2\system\Database\MySQLi\Connection.php:201
Stack trace:
#0 C:\Sistemas\Dias Imports\Dias Importes - Marketing v2\dias_imports_v2\system\Database\MySQLi\Connection.php(201): mysqli->real_connect()
#1 C:\Sistemas\Dias Imports\Dias Importes - Marketing v2\dias_imports_v2\system\Database\BaseConnection.php(555): CodeIgniter\Database\MySQLi\Connection->connect()
#2 C:\Sistemas\Dias Imports\Dias Importes - Marketing v2\dias_imports_v2\system\Database\BaseConnection.php(795): CodeIgniter\Database\BaseConnection->initialize()
#3 C:\Sistemas\Dias Imports\Dias Importes - Marketing v2\dias_imports_v2\system\Database\BaseBuilder.php(1659): CodeIgniter\Database\BaseConnection->query()
#4 C:\Sistemas\Dias Imports\Dias Importes - Marketing v2\dias_imports_v2\system\Model.php(297): CodeIgniter\Database\BaseBuilder->get()
#5 C:\Sistemas\Dias Imports\Dias Importes - Marketing v2\dias_imports_v2\system\BaseModel.php(714): CodeIgniter\Model->doFirst()
#6 C:\Sistemas\Dias Imports\Dias Importes - Marketing v2\dias_imports_v2\app\Controllers\Home.php(443): CodeIgniter\BaseModel->first()
#7 C:\Sistemas\Dias Imports\Dias Importes - Marketing v2\dias_imports_v2\app\Controllers\Home.php(89): App\Controllers\Home->renderPage()
#8 C:\Sistemas\Dias Imports\Dias Importes - Marketing v2\dias_imports_v2\system\CodeIgniter.php(974): App\Controllers\Home->index()
#9 C:\Sistemas\Dias Imports\Dias Importes - Marketing v2\dias_imports_v2\system\CodeIgniter.php(520): CodeIgniter\CodeIgniter->runController()
#10 C:\Sistemas\Dias Imports\Dias Importes - Marketing v2\dias_imports_v2\system\CodeIgniter.php(363): CodeIgniter\CodeIgniter->handleRequest()
#11 C:\Sistemas\Dias Imports\Dias Importes - Marketing v2\dias_imports_v2\system\Boot.php(417): CodeIgniter\CodeIgniter->run()
#12 C:\Sistemas\Dias Imports\Dias Importes - Marketing v2\dias_imports_v2\system\Boot.php(68): CodeIgniter\Boot::runCodeIgniter()
#13 C:\Sistemas\Dias Imports\Dias Importes - Marketing v2\dias_imports_v2\public\index.php(59): CodeIgniter\Boot::bootWeb()
#14 C:\Sistemas\Dias Imports\Dias Importes - Marketing v2\dias_imports_v2\system\rewrite.php(44): require_once('...')
#15 {main}

Next CodeIgniter\Database\Exceptions\DatabaseException: User '****' has exceeded the 'max_connections_per_hour' resource (current value: 500) in C:\Sistemas\Dias Imports\Dias Importes - Marketing v2\dias_imports_v2\system\Database\MySQLi\Connection.php:231
Stack trace:
#0 C:\Sistemas\Dias Imports\Dias Importes - Marketing v2\dias_imports_v2\system\Database\BaseConnection.php(555): CodeIgniter\Database\MySQLi\Connection->connect()
#1 C:\Sistemas\Dias Imports\Dias Importes - Marketing v2\dias_imports_v2\system\Database\BaseConnection.php(795): CodeIgniter\Database\BaseConnection->initialize()
#2 C:\Sistemas\Dias Imports\Dias Importes - Marketing v2\dias_imports_v2\system\Database\BaseBuilder.php(1659): CodeIgniter\Database\BaseConnection->query()
#3 C:\Sistemas\Dias Imports\Dias Importes - Marketing v2\dias_imports_v2\system\Model.php(297): CodeIgniter\Database\BaseBuilder->get()
#4 C:\Sistemas\Dias Imports\Dias Importes - Marketing v2\dias_imports_v2\system\BaseModel.php(714): CodeIgniter\Model->doFirst()
#5 C:\Sistemas\Dias Imports\Dias Importes - Marketing v2\dias_imports_v2\app\Controllers\Home.php(443): CodeIgniter\BaseModel->first()
#6 C:\Sistemas\Dias Imports\Dias Importes - Marketing v2\dias_imports_v2\app\Controllers\Home.php(89): App\Controllers\Home->renderPage()
#7 C:\Sistemas\Dias Imports\Dias Importes - Marketing v2\dias_imports_v2\system\CodeIgniter.php(974): App\Controllers\Home->index()
#8 C:\Sistemas\Dias Imports\Dias Importes - Marketing v2\dias_imports_v2\system\CodeIgniter.php(520): CodeIgniter\CodeIgniter->runController()
#9 C:\Sistemas\Dias Imports\Dias Importes - Marketing v2\dias_imports_v2\system\CodeIgniter.php(363): CodeIgniter\CodeIgniter->handleRequest()
#10 C:\Sistemas\Dias Imports\Dias Importes - Marketing v2\dias_imports_v2\system\Boot.php(417): CodeIgniter\CodeIgniter->run()
#11 C:\Sistemas\Dias Imports\Dias Importes - Marketing v2\dias_imports_v2\system\Boot.php(68): CodeIgniter\Boot::runCodeIgniter()
#12 C:\Sistemas\Dias Imports\Dias Importes - Marketing v2\dias_imports_v2\public\index.php(59): CodeIgniter\Boot::bootWeb()
#13 C:\Sistemas\Dias Imports\Dias Importes - Marketing v2\dias_imports_v2\system\rewrite.php(44): require_once('...')
#14 {main}
CRITICAL - 2026-08-23 09:09:24 --> CodeIgniter\Database\Exceptions\DatabaseException: Unable to connect to the database.
Main connection [MySQLi]: User '****' has exceeded the 'max_connections_per_hour' resource (current value: 500)
[Method: GET, Route: /]
in SYSTEMPATH\Database\BaseConnection.php on line 606.
 1 SYSTEMPATH\Database\BaseConnection.php(795): CodeIgniter\Database\BaseConnection->initialize()
 2 SYSTEMPATH\Database\BaseBuilder.php(1659): CodeIgniter\Database\BaseConnection->query()
 3 SYSTEMPATH\Model.php(297): CodeIgniter\Database\BaseBuilder->get()
 4 SYSTEMPATH\BaseModel.php(714): CodeIgniter\Model->doFirst()
 5 APPPATH\Controllers\Home.php(443): CodeIgniter\BaseModel->first()
 6 APPPATH\Controllers\Home.php(89): App\Controllers\Home->renderPage()
 7 SYSTEMPATH\CodeIgniter.php(974): App\Controllers\Home->index()
 8 SYSTEMPATH\CodeIgniter.php(520): CodeIgniter\CodeIgniter->runController()
 9 SYSTEMPATH\CodeIgniter.php(363): CodeIgniter\CodeIgniter->handleRequest()
10 SYSTEMPATH\Boot.php(417): CodeIgniter\CodeIgniter->run()
11 SYSTEMPATH\Boot.php(68): CodeIgniter\Boot::runCodeIgniter()
12 FCPATH\index.php(59): CodeIgniter\Boot::bootWeb()
13 SYSTEMPATH\rewrite.php(44): require_once('C:\\Sistemas\\Dias Imports\\Dias Importes - Marketing v2\\dias_imports_v2\\public\\index.php')
DEBUG - 2026-08-23 09:09:26 --> Session: Class initialized using 'CodeIgniter\Session\Handlers\FileHandler' driver.
ERROR - 2026-08-23 09:09:27 --> Error connecting to the database: mysqli_sql_exception: User 'u215145685_dias_imports' has exceeded the 'max_connections_per_hour' resource (current value: 500) in C:\Sistemas\Dias Imports\Dias Importes - Marketing v2\dias_imports_v2\system\Database\MySQLi\Connection.php:201
Stack trace:
#0 C:\Sistemas\Dias Imports\Dias Importes - Marketing v2\dias_imports_v2\system\Database\MySQLi\Connection.php(201): mysqli->real_connect()
#1 C:\Sistemas\Dias Imports\Dias Importes - Marketing v2\dias_imports_v2\system\Database\BaseConnection.php(555): CodeIgniter\Database\MySQLi\Connection->connect()
#2 C:\Sistemas\Dias Imports\Dias Importes - Marketing v2\dias_imports_v2\system\Database\BaseConnection.php(795): CodeIgniter\Database\BaseConnection->initialize()
#3 C:\Sistemas\Dias Imports\Dias Importes - Marketing v2\dias_imports_v2\system\Database\BaseBuilder.php(1659): CodeIgniter\Database\BaseConnection->query()
#4 C:\Sistemas\Dias Imports\Dias Importes - Marketing v2\dias_imports_v2\system\Model.php(297): CodeIgniter\Database\BaseBuilder->get()
#5 C:\Sistemas\Dias Imports\Dias Importes - Marketing v2\dias_imports_v2\system\BaseModel.php(714): CodeIgniter\Model->doFirst()
#6 C:\Sistemas\Dias Imports\Dias Importes - Marketing v2\dias_imports_v2\app\Controllers\Home.php(443): CodeIgniter\BaseModel->first()
#7 C:\Sistemas\Dias Imports\Dias Importes - Marketing v2\dias_imports_v2\app\Controllers\Home.php(118): App\Controllers\Home->renderPage()
#8 C:\Sistemas\Dias Imports\Dias Importes - Marketing v2\dias_imports_v2\system\CodeIgniter.php(974): App\Controllers\Home->settings()
#9 C:\Sistemas\Dias Imports\Dias Importes - Marketing v2\dias_imports_v2\system\CodeIgniter.php(520): CodeIgniter\CodeIgniter->runController()
#10 C:\Sistemas\Dias Imports\Dias Importes - Marketing v2\dias_imports_v2\system\CodeIgniter.php(363): CodeIgniter\CodeIgniter->handleRequest()
#11 C:\Sistemas\Dias Imports\Dias Importes - Marketing v2\dias_imports_v2\system\Boot.php(417): CodeIgniter\CodeIgniter->run()
#12 C:\Sistemas\Dias Imports\Dias Importes - Marketing v2\dias_imports_v2\system\Boot.php(68): CodeIgniter\Boot::runCodeIgniter()
#13 C:\Sistemas\Dias Imports\Dias Importes - Marketing v2\dias_imports_v2\public\index.php(59): CodeIgniter\Boot::bootWeb()
#14 C:\Sistemas\Dias Imports\Dias Importes - Marketing v2\dias_imports_v2\system\rewrite.php(44): require_once('...')
#15 {main}

Next CodeIgniter\Database\Exceptions\DatabaseException: User '****' has exceeded the 'max_connections_per_hour' resource (current value: 500) in C:\Sistemas\Dias Imports\Dias Importes - Marketing v2\dias_imports_v2\system\Database\MySQLi\Connection.php:231
Stack trace:
#0 C:\Sistemas\Dias Imports\Dias Importes - Marketing v2\dias_imports_v2\system\Database\BaseConnection.php(555): CodeIgniter\Database\MySQLi\Connection->connect()
#1 C:\Sistemas\Dias Imports\Dias Importes - Marketing v2\dias_imports_v2\system\Database\BaseConnection.php(795): CodeIgniter\Database\BaseConnection->initialize()
#2 C:\Sistemas\Dias Imports\Dias Importes - Marketing v2\dias_imports_v2\system\Database\BaseBuilder.php(1659): CodeIgniter\Database\BaseConnection->query()
#3 C:\Sistemas\Dias Imports\Dias Importes - Marketing v2\dias_imports_v2\system\Model.php(297): CodeIgniter\Database\BaseBuilder->get()
#4 C:\Sistemas\Dias Imports\Dias Importes - Marketing v2\dias_imports_v2\system\BaseModel.php(714): CodeIgniter\Model->doFirst()
#5 C:\Sistemas\Dias Imports\Dias Importes - Marketing v2\dias_imports_v2\app\Controllers\Home.php(443): CodeIgniter\BaseModel->first()
#6 C:\Sistemas\Dias Imports\Dias Importes - Marketing v2\dias_imports_v2\app\Controllers\Home.php(118): App\Controllers\Home->renderPage()
#7 C:\Sistemas\Dias Imports\Dias Importes - Marketing v2\dias_imports_v2\system\CodeIgniter.php(974): App\Controllers\Home->settings()
#8 C:\Sistemas\Dias Imports\Dias Importes - Marketing v2\dias_imports_v2\system\CodeIgniter.php(520): CodeIgniter\CodeIgniter->runController()
#9 C:\Sistemas\Dias Imports\Dias Importes - Marketing v2\dias_imports_v2\system\CodeIgniter.php(363): CodeIgniter\CodeIgniter->handleRequest()
#10 C:\Sistemas\Dias Imports\Dias Importes - Marketing v2\dias_imports_v2\system\Boot.php(417): CodeIgniter\CodeIgniter->run()
#11 C:\Sistemas\Dias Imports\Dias Importes - Marketing v2\dias_imports_v2\system\Boot.php(68): CodeIgniter\Boot::runCodeIgniter()
#12 C:\Sistemas\Dias Imports\Dias Importes - Marketing v2\dias_imports_v2\public\index.php(59): CodeIgniter\Boot::bootWeb()
#13 C:\Sistemas\Dias Imports\Dias Importes - Marketing v2\dias_imports_v2\system\rewrite.php(44): require_once('...')
#14 {main}
CRITICAL - 2026-08-23 09:09:27 --> CodeIgniter\Database\Exceptions\DatabaseException: Unable to connect to the database.
Main connection [MySQLi]: User '****' has exceeded the 'max_connections_per_hour' resource (current value: 500)
[Method: GET, Route: configuracoes]
in SYSTEMPATH\Database\BaseConnection.php on line 606.
 1 SYSTEMPATH\Database\BaseConnection.php(795): CodeIgniter\Database\BaseConnection->initialize()
 2 SYSTEMPATH\Database\BaseBuilder.php(1659): CodeIgniter\Database\BaseConnection->query()
 3 SYSTEMPATH\Model.php(297): CodeIgniter\Database\BaseBuilder->get()
 4 SYSTEMPATH\BaseModel.php(714): CodeIgniter\Model->doFirst()
 5 APPPATH\Controllers\Home.php(443): CodeIgniter\BaseModel->first()
 6 APPPATH\Controllers\Home.php(118): App\Controllers\Home->renderPage()
 7 SYSTEMPATH\CodeIgniter.php(974): App\Controllers\Home->settings()
 8 SYSTEMPATH\CodeIgniter.php(520): CodeIgniter\CodeIgniter->runController()
 9 SYSTEMPATH\CodeIgniter.php(363): CodeIgniter\CodeIgniter->handleRequest()
10 SYSTEMPATH\Boot.php(417): CodeIgniter\CodeIgniter->run()
11 SYSTEMPATH\Boot.php(68): CodeIgniter\Boot::runCodeIgniter()
12 FCPATH\index.php(59): CodeIgniter\Boot::bootWeb()
13 SYSTEMPATH\rewrite.php(44): require_once('C:\\Sistemas\\Dias Imports\\Dias Importes - Marketing v2\\dias_imports_v2\\public\\index.php')
ERROR - 2026-08-23 09:09:55 --> Error connecting to the database: mysqli_sql_exception: User 'u215145685_dias_imports' has exceeded the 'max_connections_per_hour' resource (current value: 500) in C:\Sistemas\Dias Imports\Dias Importes - Marketing v2\dias_imports_v2\system\Database\MySQLi\Connection.php:201
Stack trace:
#0 C:\Sistemas\Dias Imports\Dias Importes - Marketing v2\dias_imports_v2\system\Database\MySQLi\Connection.php(201): mysqli->real_connect()
#1 C:\Sistemas\Dias Imports\Dias Importes - Marketing v2\dias_imports_v2\system\Database\BaseConnection.php(555): CodeIgniter\Database\MySQLi\Connection->connect()
#2 C:\Sistemas\Dias Imports\Dias Importes - Marketing v2\dias_imports_v2\system\Database\Database.php(74): CodeIgniter\Database\BaseConnection->initialize()
#3 C:\Sistemas\Dias Imports\Dias Importes - Marketing v2\dias_imports_v2\system\Database\Config.php(111): CodeIgniter\Database\Database->loadForge()
#4 C:\Sistemas\Dias Imports\Dias Importes - Marketing v2\dias_imports_v2\system\Database\Seeder.php(103): CodeIgniter\Database\Config::forge()
#5 C:\Sistemas\Dias Imports\Dias Importes - Marketing v2\dias_imports_v2\system\Commands\Database\Seed.php(71): CodeIgniter\Database\Seeder->__construct()
#6 C:\Sistemas\Dias Imports\Dias Importes - Marketing v2\dias_imports_v2\system\CLI\Commands.php(72): CodeIgniter\Commands\Database\Seed->run()
#7 C:\Sistemas\Dias Imports\Dias Importes - Marketing v2\dias_imports_v2\system\CLI\Console.php(47): CodeIgniter\CLI\Commands->run()
#8 C:\Sistemas\Dias Imports\Dias Importes - Marketing v2\dias_imports_v2\system\Boot.php(444): CodeIgniter\CLI\Console->run()
#9 C:\Sistemas\Dias Imports\Dias Importes - Marketing v2\dias_imports_v2\system\Boot.php(166): CodeIgniter\Boot::runCommand()
#10 C:\Sistemas\Dias Imports\Dias Importes - Marketing v2\dias_imports_v2\spark(87): CodeIgniter\Boot::bootSpark()
#11 {main}

Next CodeIgniter\Database\Exceptions\DatabaseException: User '****' has exceeded the 'max_connections_per_hour' resource (current value: 500) in C:\Sistemas\Dias Imports\Dias Importes - Marketing v2\dias_imports_v2\system\Database\MySQLi\Connection.php:231
Stack trace:
#0 C:\Sistemas\Dias Imports\Dias Importes - Marketing v2\dias_imports_v2\system\Database\BaseConnection.php(555): CodeIgniter\Database\MySQLi\Connection->connect()
#1 C:\Sistemas\Dias Imports\Dias Importes - Marketing v2\dias_imports_v2\system\Database\Database.php(74): CodeIgniter\Database\BaseConnection->initialize()
#2 C:\Sistemas\Dias Imports\Dias Importes - Marketing v2\dias_imports_v2\system\Database\Config.php(111): CodeIgniter\Database\Database->loadForge()
#3 C:\Sistemas\Dias Imports\Dias Importes - Marketing v2\dias_imports_v2\system\Database\Seeder.php(103): CodeIgniter\Database\Config::forge()
#4 C:\Sistemas\Dias Imports\Dias Importes - Marketing v2\dias_imports_v2\system\Commands\Database\Seed.php(71): CodeIgniter\Database\Seeder->__construct()
#5 C:\Sistemas\Dias Imports\Dias Importes - Marketing v2\dias_imports_v2\system\CLI\Commands.php(72): CodeIgniter\Commands\Database\Seed->run()
#6 C:\Sistemas\Dias Imports\Dias Importes - Marketing v2\dias_imports_v2\system\CLI\Console.php(47): CodeIgniter\CLI\Commands->run()
#7 C:\Sistemas\Dias Imports\Dias Importes - Marketing v2\dias_imports_v2\system\Boot.php(444): CodeIgniter\CLI\Console->run()
#8 C:\Sistemas\Dias Imports\Dias Importes - Marketing v2\dias_imports_v2\system\Boot.php(166): CodeIgniter\Boot::runCommand()
#9 C:\Sistemas\Dias Imports\Dias Importes - Marketing v2\dias_imports_v2\spark(87): CodeIgniter\Boot::bootSpark()
#10 {main}
CRITICAL - 2026-08-23 09:09:55 --> CodeIgniter\Database\Exceptions\DatabaseException: Unable to connect to the database.
Main connection [MySQLi]: User '****' has exceeded the 'max_connections_per_hour' resource (current value: 500)
[Method: CLI, Route: db:seed/DatabaseSeeder]
in SYSTEMPATH\Database\BaseConnection.php on line 606.
 1 SYSTEMPATH\Database\Database.php(74): CodeIgniter\Database\BaseConnection->initialize()
 2 SYSTEMPATH\Database\Config.php(111): CodeIgniter\Database\Database->loadForge()
 3 SYSTEMPATH\Database\Seeder.php(103): CodeIgniter\Database\Config::forge()
 4 SYSTEMPATH\Commands\Database\Seed.php(71): CodeIgniter\Database\Seeder->__construct()
 5 SYSTEMPATH\CLI\Commands.php(72): CodeIgniter\Commands\Database\Seed->run()
 6 SYSTEMPATH\CLI\Console.php(47): CodeIgniter\CLI\Commands->run()
 7 SYSTEMPATH\Boot.php(444): CodeIgniter\CLI\Console->run()
 8 SYSTEMPATH\Boot.php(166): CodeIgniter\Boot::runCommand()
 9 ROOTPATH\spark(87): CodeIgniter\Boot::bootSpark()
DEBUG - 2026-08-23 09:10:07 --> Session: Class initialized using 'CodeIgniter\Session\Handlers\FileHandler' driver.
ERROR - 2026-08-23 09:10:07 --> Error connecting to the database: mysqli_sql_exception: User 'u215145685_dias_imports' has exceeded the 'max_connections_per_hour' resource (current value: 500) in C:\Sistemas\Dias Imports\Dias Importes - Marketing v2\dias_imports_v2\system\Database\MySQLi\Connection.php:201
Stack trace:
#0 C:\Sistemas\Dias Imports\Dias Importes - Marketing v2\dias_imports_v2\system\Database\MySQLi\Connection.php(201): mysqli->real_connect()
#1 C:\Sistemas\Dias Imports\Dias Importes - Marketing v2\dias_imports_v2\system\Database\BaseConnection.php(555): CodeIgniter\Database\MySQLi\Connection->connect()
#2 C:\Sistemas\Dias Imports\Dias Importes - Marketing v2\dias_imports_v2\system\Database\BaseConnection.php(795): CodeIgniter\Database\BaseConnection->initialize()
#3 C:\Sistemas\Dias Imports\Dias Importes - Marketing v2\dias_imports_v2\system\Database\BaseBuilder.php(1659): CodeIgniter\Database\BaseConnection->query()
#4 C:\Sistemas\Dias Imports\Dias Importes - Marketing v2\dias_imports_v2\system\Model.php(297): CodeIgniter\Database\BaseBuilder->get()
#5 C:\Sistemas\Dias Imports\Dias Importes - Marketing v2\dias_imports_v2\system\BaseModel.php(714): CodeIgniter\Model->doFirst()
#6 C:\Sistemas\Dias Imports\Dias Importes - Marketing v2\dias_imports_v2\app\Controllers\Home.php(443): CodeIgniter\BaseModel->first()
#7 C:\Sistemas\Dias Imports\Dias Importes - Marketing v2\dias_imports_v2\app\Controllers\Home.php(118): App\Controllers\Home->renderPage()
#8 C:\Sistemas\Dias Imports\Dias Importes - Marketing v2\dias_imports_v2\system\CodeIgniter.php(974): App\Controllers\Home->settings()
#9 C:\Sistemas\Dias Imports\Dias Importes - Marketing v2\dias_imports_v2\system\CodeIgniter.php(520): CodeIgniter\CodeIgniter->runController()
#10 C:\Sistemas\Dias Imports\Dias Importes - Marketing v2\dias_imports_v2\system\CodeIgniter.php(363): CodeIgniter\CodeIgniter->handleRequest()
#11 C:\Sistemas\Dias Imports\Dias Importes - Marketing v2\dias_imports_v2\system\Boot.php(417): CodeIgniter\CodeIgniter->run()
#12 C:\Sistemas\Dias Imports\Dias Importes - Marketing v2\dias_imports_v2\system\Boot.php(68): CodeIgniter\Boot::runCodeIgniter()
#13 C:\Sistemas\Dias Imports\Dias Importes - Marketing v2\dias_imports_v2\public\index.php(59): CodeIgniter\Boot::bootWeb()
#14 C:\Sistemas\Dias Imports\Dias Importes - Marketing v2\dias_imports_v2\system\rewrite.php(44): require_once('...')
#15 {main}

Next CodeIgniter\Database\Exceptions\DatabaseException: User '****' has exceeded the 'max_connections_per_hour' resource (current value: 500) in C:\Sistemas\Dias Imports\Dias Importes - Marketing v2\dias_imports_v2\system\Database\MySQLi\Connection.php:231
Stack trace:
#0 C:\Sistemas\Dias Imports\Dias Importes - Marketing v2\dias_imports_v2\system\Database\BaseConnection.php(555): CodeIgniter\Database\MySQLi\Connection->connect()
#1 C:\Sistemas\Dias Imports\Dias Importes - Marketing v2\dias_imports_v2\system\Database\BaseConnection.php(795): CodeIgniter\Database\BaseConnection->initialize()
#2 C:\Sistemas\Dias Imports\Dias Importes - Marketing v2\dias_imports_v2\system\Database\BaseBuilder.php(1659): CodeIgniter\Database\BaseConnection->query()
#3 C:\Sistemas\Dias Imports\Dias Importes - Marketing v2\dias_imports_v2\system\Model.php(297): CodeIgniter\Database\BaseBuilder->get()
#4 C:\Sistemas\Dias Imports\Dias Importes - Marketing v2\dias_imports_v2\system\BaseModel.php(714): CodeIgniter\Model->doFirst()
#5 C:\Sistemas\Dias Imports\Dias Importes - Marketing v2\dias_imports_v2\app\Controllers\Home.php(443): CodeIgniter\BaseModel->first()
#6 C:\Sistemas\Dias Imports\Dias Importes - Marketing v2\dias_imports_v2\app\Controllers\Home.php(118): App\Controllers\Home->renderPage()
#7 C:\Sistemas\Dias Imports\Dias Importes - Marketing v2\dias_imports_v2\system\CodeIgniter.php(974): App\Controllers\Home->settings()
#8 C:\Sistemas\Dias Imports\Dias Importes - Marketing v2\dias_imports_v2\system\CodeIgniter.php(520): CodeIgniter\CodeIgniter->runController()
#9 C:\Sistemas\Dias Imports\Dias Importes - Marketing v2\dias_imports_v2\system\CodeIgniter.php(363): CodeIgniter\CodeIgniter->handleRequest()
#10 C:\Sistemas\Dias Imports\Dias Importes - Marketing v2\dias_imports_v2\system\Boot.php(417): CodeIgniter\CodeIgniter->run()
#11 C:\Sistemas\Dias Imports\Dias Importes - Marketing v2\dias_imports_v2\system\Boot.php(68): CodeIgniter\Boot::runCodeIgniter()
#12 C:\Sistemas\Dias Imports\Dias Importes - Marketing v2\dias_imports_v2\public\index.php(59): CodeIgniter\Boot::bootWeb()
#13 C:\Sistemas\Dias Imports\Dias Importes - Marketing v2\dias_imports_v2\system\rewrite.php(44): require_once('...')
#14 {main}
CRITICAL - 2026-08-23 09:10:07 --> CodeIgniter\Database\Exceptions\DatabaseException: Unable to connect to the database.
Main connection [MySQLi]: User '****' has exceeded the 'max_connections_per_hour' resource (current value: 500)
[Method: GET, Route: configuracoes]
in SYSTEMPATH\Database\BaseConnection.php on line 606.
 1 SYSTEMPATH\Database\BaseConnection.php(795): CodeIgniter\Database\BaseConnection->initialize()
 2 SYSTEMPATH\Database\BaseBuilder.php(1659): CodeIgniter\Database\BaseConnection->query()
 3 SYSTEMPATH\Model.php(297): CodeIgniter\Database\BaseBuilder->get()
 4 SYSTEMPATH\BaseModel.php(714): CodeIgniter\Model->doFirst()
 5 APPPATH\Controllers\Home.php(443): CodeIgniter\BaseModel->first()
 6 APPPATH\Controllers\Home.php(118): App\Controllers\Home->renderPage()
 7 SYSTEMPATH\CodeIgniter.php(974): App\Controllers\Home->settings()
 8 SYSTEMPATH\CodeIgniter.php(520): CodeIgniter\CodeIgniter->runController()
 9 SYSTEMPATH\CodeIgniter.php(363): CodeIgniter\CodeIgniter->handleRequest()
10 SYSTEMPATH\Boot.php(417): CodeIgniter\CodeIgniter->run()
11 SYSTEMPATH\Boot.php(68): CodeIgniter\Boot::runCodeIgniter()
12 FCPATH\index.php(59): CodeIgniter\Boot::bootWeb()
13 SYSTEMPATH\rewrite.php(44): require_once('C:\\Sistemas\\Dias Imports\\Dias Importes - Marketing v2\\dias_imports_v2\\public\\index.php')
DEBUG - 2026-08-23 09:10:25 --> Session: Class initialized using 'CodeIgniter\Session\Handlers\FileHandler' driver.
ERROR - 2026-08-23 09:10:25 --> Error connecting to the database: mysqli_sql_exception: User 'u215145685_dias_imports' has exceeded the 'max_connections_per_hour' resource (current value: 500) in C:\Sistemas\Dias Imports\Dias Importes - Marketing v2\dias_imports_v2\system\Database\MySQLi\Connection.php:201
Stack trace:
#0 C:\Sistemas\Dias Imports\Dias Importes - Marketing v2\dias_imports_v2\system\Database\MySQLi\Connection.php(201): mysqli->real_connect()
#1 C:\Sistemas\Dias Imports\Dias Importes - Marketing v2\dias_imports_v2\system\Database\BaseConnection.php(555): CodeIgniter\Database\MySQLi\Connection->connect()
#2 C:\Sistemas\Dias Imports\Dias Importes - Marketing v2\dias_imports_v2\system\Database\BaseConnection.php(795): CodeIgniter\Database\BaseConnection->initialize()
#3 C:\Sistemas\Dias Imports\Dias Importes - Marketing v2\dias_imports_v2\system\Database\BaseBuilder.php(1659): CodeIgniter\Database\BaseConnection->query()
#4 C:\Sistemas\Dias Imports\Dias Importes - Marketing v2\dias_imports_v2\system\Model.php(297): CodeIgniter\Database\BaseBuilder->get()
#5 C:\Sistemas\Dias Imports\Dias Importes - Marketing v2\dias_imports_v2\system\BaseModel.php(714): CodeIgniter\Model->doFirst()
#6 C:\Sistemas\Dias Imports\Dias Importes - Marketing v2\dias_imports_v2\app\Controllers\Home.php(443): CodeIgniter\BaseModel->first()
#7 C:\Sistemas\Dias Imports\Dias Importes - Marketing v2\dias_imports_v2\app\Controllers\Home.php(118): App\Controllers\Home->renderPage()
#8 C:\Sistemas\Dias Imports\Dias Importes - Marketing v2\dias_imports_v2\system\CodeIgniter.php(974): App\Controllers\Home->settings()
#9 C:\Sistemas\Dias Imports\Dias Importes - Marketing v2\dias_imports_v2\system\CodeIgniter.php(520): CodeIgniter\CodeIgniter->runController()
#10 C:\Sistemas\Dias Imports\Dias Importes - Marketing v2\dias_imports_v2\system\CodeIgniter.php(363): CodeIgniter\CodeIgniter->handleRequest()
#11 C:\Sistemas\Dias Imports\Dias Importes - Marketing v2\dias_imports_v2\system\Boot.php(417): CodeIgniter\CodeIgniter->run()
#12 C:\Sistemas\Dias Imports\Dias Importes - Marketing v2\dias_imports_v2\system\Boot.php(68): CodeIgniter\Boot::runCodeIgniter()
#13 C:\Sistemas\Dias Imports\Dias Importes - Marketing v2\dias_imports_v2\public\index.php(59): CodeIgniter\Boot::bootWeb()
#14 C:\Sistemas\Dias Imports\Dias Importes - Marketing v2\dias_imports_v2\system\rewrite.php(44): require_once('...')
#15 {main}

Next CodeIgniter\Database\Exceptions\DatabaseException: User '****' has exceeded the 'max_connections_per_hour' resource (current value: 500) in C:\Sistemas\Dias Imports\Dias Importes - Marketing v2\dias_imports_v2\system\Database\MySQLi\Connection.php:231
Stack trace:
#0 C:\Sistemas\Dias Imports\Dias Importes - Marketing v2\dias_imports_v2\system\Database\BaseConnection.php(555): CodeIgniter\Database\MySQLi\Connection->connect()
#1 C:\Sistemas\Dias Imports\Dias Importes - Marketing v2\dias_imports_v2\system\Database\BaseConnection.php(795): CodeIgniter\Database\BaseConnection->initialize()
#2 C:\Sistemas\Dias Imports\Dias Importes - Marketing v2\dias_imports_v2\system\Database\BaseBuilder.php(1659): CodeIgniter\Database\BaseConnection->query()
#3 C:\Sistemas\Dias Imports\Dias Importes - Marketing v2\dias_imports_v2\system\Model.php(297): CodeIgniter\Database\BaseBuilder->get()
#4 C:\Sistemas\Dias Imports\Dias Importes - Marketing v2\dias_imports_v2\system\BaseModel.php(714): CodeIgniter\Model->doFirst()
#5 C:\Sistemas\Dias Imports\Dias Importes - Marketing v2\dias_imports_v2\app\Controllers\Home.php(443): CodeIgniter\BaseModel->first()
#6 C:\Sistemas\Dias Imports\Dias Importes - Marketing v2\dias_imports_v2\app\Controllers\Home.php(118): App\Controllers\Home->renderPage()
#7 C:\Sistemas\Dias Imports\Dias Importes - Marketing v2\dias_imports_v2\system\CodeIgniter.php(974): App\Controllers\Home->settings()
#8 C:\Sistemas\Dias Imports\Dias Importes - Marketing v2\dias_imports_v2\system\CodeIgniter.php(520): CodeIgniter\CodeIgniter->runController()
#9 C:\Sistemas\Dias Imports\Dias Importes - Marketing v2\dias_imports_v2\system\CodeIgniter.php(363): CodeIgniter\CodeIgniter->handleRequest()
#10 C:\Sistemas\Dias Imports\Dias Importes - Marketing v2\dias_imports_v2\system\Boot.php(417): CodeIgniter\CodeIgniter->run()
#11 C:\Sistemas\Dias Imports\Dias Importes - Marketing v2\dias_imports_v2\system\Boot.php(68): CodeIgniter\Boot::runCodeIgniter()
#12 C:\Sistemas\Dias Imports\Dias Importes - Marketing v2\dias_imports_v2\public\index.php(59): CodeIgniter\Boot::bootWeb()
#13 C:\Sistemas\Dias Imports\Dias Importes - Marketing v2\dias_imports_v2\system\rewrite.php(44): require_once('...')
#14 {main}
CRITICAL - 2026-08-23 09:10:25 --> CodeIgniter\Database\Exceptions\DatabaseException: Unable to connect to the database.
Main connection [MySQLi]: User '****' has exceeded the 'max_connections_per_hour' resource (current value: 500)
[Method: GET, Route: configuracoes]
in SYSTEMPATH\Database\BaseConnection.php on line 606.
 1 SYSTEMPATH\Database\BaseConnection.php(795): CodeIgniter\Database\BaseConnection->initialize()
 2 SYSTEMPATH\Database\BaseBuilder.php(1659): CodeIgniter\Database\BaseConnection->query()
 3 SYSTEMPATH\Model.php(297): CodeIgniter\Database\BaseBuilder->get()
 4 SYSTEMPATH\BaseModel.php(714): CodeIgniter\Model->doFirst()
 5 APPPATH\Controllers\Home.php(443): CodeIgniter\BaseModel->first()
 6 APPPATH\Controllers\Home.php(118): App\Controllers\Home->renderPage()
 7 SYSTEMPATH\CodeIgniter.php(974): App\Controllers\Home->settings()
 8 SYSTEMPATH\CodeIgniter.php(520): CodeIgniter\CodeIgniter->runController()
 9 SYSTEMPATH\CodeIgniter.php(363): CodeIgniter\CodeIgniter->handleRequest()
10 SYSTEMPATH\Boot.php(417): CodeIgniter\CodeIgniter->run()
11 SYSTEMPATH\Boot.php(68): CodeIgniter\Boot::runCodeIgniter()
12 FCPATH\index.php(59): CodeIgniter\Boot::bootWeb()
13 SYSTEMPATH\rewrite.php(44): require_once('C:\\Sistemas\\Dias Imports\\Dias Importes - Marketing v2\\dias_imports_v2\\public\\index.php')
DEBUG - 2026-08-23 09:11:26 --> Session: Class initialized using 'CodeIgniter\Session\Handlers\FileHandler' driver.
DEBUG - 2026-08-23 09:11:28 --> Session: Class initialized using 'CodeIgniter\Session\Handlers\FileHandler' driver.
DEBUG - 2026-08-23 09:11:50 --> Session: Class initialized using 'CodeIgniter\Session\Handlers\FileHandler' driver.
DEBUG - 2026-08-23 09:11:51 --> Session: Class initialized using 'CodeIgniter\Session\Handlers\FileHandler' driver.
DEBUG - 2026-08-23 09:11:58 --> Session: Class initialized using 'CodeIgniter\Session\Handlers\FileHandler' driver.
DEBUG - 2026-08-23 09:12:03 --> Session: Class initialized using 'CodeIgniter\Session\Handlers\FileHandler' driver.
DEBUG - 2026-08-23 09:12:05 --> Session: Class initialized using 'CodeIgniter\Session\Handlers\FileHandler' driver.
DEBUG - 2026-08-23 09:12:08 --> Session: Class initialized using 'CodeIgniter\Session\Handlers\FileHandler' driver.
DEBUG - 2026-08-23 09:12:10 --> Session: Class initialized using 'CodeIgniter\Session\Handlers\FileHandler' driver.
DEBUG - 2026-08-23 09:12:11 --> Session: Class initialized using 'CodeIgniter\Session\Handlers\FileHandler' driver.
DEBUG - 2026-08-23 09:12:16 --> Session: Class initialized using 'CodeIgniter\Session\Handlers\FileHandler' driver.
DEBUG - 2026-08-23 09:12:23 --> Session: Class initialized using 'CodeIgniter\Session\Handlers\FileHandler' driver.
DEBUG - 2026-08-23 09:12:29 --> Session: Class initialized using 'CodeIgniter\Session\Handlers\FileHandler' driver.
DEBUG - 2026-08-23 09:12:35 --> Session: Class initialized using 'CodeIgniter\Session\Handlers\FileHandler' driver.
DEBUG - 2026-08-23 09:12:37 --> Session: Class initialized using 'CodeIgniter\Session\Handlers\FileHandler' driver.
INFO - 2026-08-23 09:12:37 --> CSRF token verified.
DEBUG - 2026-08-23 09:12:38 --> Session: Class initialized using 'CodeIgniter\Session\Handlers\FileHandler' driver.
DEBUG - 2026-08-23 09:12:41 --> Session: Class initialized using 'CodeIgniter\Session\Handlers\FileHandler' driver.
DEBUG - 2026-08-23 09:12:46 --> Session: Class initialized using 'CodeIgniter\Session\Handlers\FileHandler' driver.
DEBUG - 2026-08-23 09:13:00 --> Session: Class initialized using 'CodeIgniter\Session\Handlers\FileHandler' driver.
DEBUG - 2026-08-23 09:13:00 --> Session: Class initialized using 'CodeIgniter\Session\Handlers\FileHandler' driver.
DEBUG - 2026-08-23 09:13:00 --> Session: Class initialized using 'CodeIgniter\Session\Handlers\FileHandler' driver.
DEBUG - 2026-08-23 09:13:05 --> Session: Class initialized using 'CodeIgniter\Session\Handlers\FileHandler' driver.
DEBUG - 2026-08-23 09:13:05 --> Session: Class initialized using 'CodeIgniter\Session\Handlers\FileHandler' driver.
DEBUG - 2026-08-23 09:13:05 --> Session: Class initialized using 'CodeIgniter\Session\Handlers\FileHandler' driver.
DEBUG - 2026-08-23 09:13:11 --> Session: Class initialized using 'CodeIgniter\Session\Handlers\FileHandler' driver.
DEBUG - 2026-08-23 09:13:28 --> Session: Class initialized using 'CodeIgniter\Session\Handlers\FileHandler' driver.
DEBUG - 2026-08-23 09:13:28 --> Session: Class initialized using 'CodeIgniter\Session\Handlers\FileHandler' driver.
DEBUG - 2026-08-23 09:13:29 --> Session: Class initialized using 'CodeIgniter\Session\Handlers\FileHandler' driver.
DEBUG - 2026-08-23 09:13:35 --> Session: Class initialized using 'CodeIgniter\Session\Handlers\FileHandler' driver.
CRITICAL - 2026-08-23 09:13:35 --> CodeIgniter\Security\Exceptions\SecurityException: The action you requested is not allowed.
[Method: POST, Route: logout]
in SYSTEMPATH\Security\Security.php on line 258.
 1 SYSTEMPATH\Security\Security.php(258): CodeIgniter\Security\Exceptions\SecurityException::forDisallowedAction()
 2 SYSTEMPATH\Filters\CSRF.php(52): CodeIgniter\Security\Security->verify()
 3 SYSTEMPATH\Filters\Filters.php(241): CodeIgniter\Filters\CSRF->before()
 4 SYSTEMPATH\Filters\Filters.php(221): CodeIgniter\Filters\Filters->runBefore()
 5 SYSTEMPATH\CodeIgniter.php(488): CodeIgniter\Filters\Filters->run()
 6 SYSTEMPATH\CodeIgniter.php(363): CodeIgniter\CodeIgniter->handleRequest()
 7 SYSTEMPATH\Boot.php(417): CodeIgniter\CodeIgniter->run()
 8 SYSTEMPATH\Boot.php(68): CodeIgniter\Boot::runCodeIgniter()
 9 FCPATH\index.php(59): CodeIgniter\Boot::bootWeb()
10 SYSTEMPATH\rewrite.php(44): require_once('C:\\Sistemas\\Dias Imports\\Dias Importes - Marketing v2\\dias_imports_v2\\public\\index.php')
DEBUG - 2026-08-23 09:13:40 --> Session: Class initialized using 'CodeIgniter\Session\Handlers\FileHandler' driver.
DEBUG - 2026-08-23 09:13:40 --> Session: Class initialized using 'CodeIgniter\Session\Handlers\FileHandler' driver.
DEBUG - 2026-08-23 09:13:41 --> Session: Class initialized using 'CodeIgniter\Session\Handlers\FileHandler' driver.
DEBUG - 2026-08-23 09:13:44 --> Session: Class initialized using 'CodeIgniter\Session\Handlers\FileHandler' driver.
DEBUG - 2026-08-23 09:13:47 --> Session: Class initialized using 'CodeIgniter\Session\Handlers\FileHandler' driver.
DEBUG - 2026-08-23 09:13:48 --> Session: Class initialized using 'CodeIgniter\Session\Handlers\FileHandler' driver.
DEBUG - 2026-08-23 09:13:55 --> Session: Class initialized using 'CodeIgniter\Session\Handlers\FileHandler' driver.
DEBUG - 2026-08-23 09:13:55 --> Session: Class initialized using 'CodeIgniter\Session\Handlers\FileHandler' driver.
DEBUG - 2026-08-23 09:13:56 --> Session: Class initialized using 'CodeIgniter\Session\Handlers\FileHandler' driver.
DEBUG - 2026-08-23 09:14:07 --> Session: Class initialized using 'CodeIgniter\Session\Handlers\FileHandler' driver.
CRITICAL - 2026-08-23 09:14:07 --> CodeIgniter\Security\Exceptions\SecurityException: The action you requested is not allowed.
[Method: POST, Route: logout]
in SYSTEMPATH\Security\Security.php on line 258.
 1 SYSTEMPATH\Security\Security.php(258): CodeIgniter\Security\Exceptions\SecurityException::forDisallowedAction()
 2 SYSTEMPATH\Filters\CSRF.php(52): CodeIgniter\Security\Security->verify()
 3 SYSTEMPATH\Filters\Filters.php(241): CodeIgniter\Filters\CSRF->before()
 4 SYSTEMPATH\Filters\Filters.php(221): CodeIgniter\Filters\Filters->runBefore()
 5 SYSTEMPATH\CodeIgniter.php(488): CodeIgniter\Filters\Filters->run()
 6 SYSTEMPATH\CodeIgniter.php(363): CodeIgniter\CodeIgniter->handleRequest()
 7 SYSTEMPATH\Boot.php(417): CodeIgniter\CodeIgniter->run()
 8 SYSTEMPATH\Boot.php(68): CodeIgniter\Boot::runCodeIgniter()
 9 FCPATH\index.php(59): CodeIgniter\Boot::bootWeb()
10 SYSTEMPATH\rewrite.php(44): require_once('C:\\Sistemas\\Dias Imports\\Dias Importes - Marketing v2\\dias_imports_v2\\public\\index.php')
DEBUG - 2026-08-23 09:14:11 --> Session: Class initialized using 'CodeIgniter\Session\Handlers\FileHandler' driver.
DEBUG - 2026-08-23 09:14:12 --> Session: Class initialized using 'CodeIgniter\Session\Handlers\FileHandler' driver.
DEBUG - 2026-08-23 09:14:15 --> Session: Class initialized using 'CodeIgniter\Session\Handlers\FileHandler' driver.
DEBUG - 2026-08-23 09:14:16 --> Session: Class initialized using 'CodeIgniter\Session\Handlers\FileHandler' driver.
DEBUG - 2026-08-23 09:14:16 --> Session: Class initialized using 'CodeIgniter\Session\Handlers\FileHandler' driver.
DEBUG - 2026-08-23 09:14:20 --> Session: Class initialized using 'CodeIgniter\Session\Handlers\FileHandler' driver.
DEBUG - 2026-08-23 09:14:22 --> Session: Class initialized using 'CodeIgniter\Session\Handlers\FileHandler' driver.
DEBUG - 2026-08-23 09:14:22 --> Session: Class initialized using 'CodeIgniter\Session\Handlers\FileHandler' driver.
DEBUG - 2026-08-23 09:14:22 --> Session: Class initialized using 'CodeIgniter\Session\Handlers\FileHandler' driver.
DEBUG - 2026-08-23 09:14:25 --> Session: Class initialized using 'CodeIgniter\Session\Handlers\FileHandler' driver.
DEBUG - 2026-08-23 09:14:27 --> Session: Class initialized using 'CodeIgniter\Session\Handlers\FileHandler' driver.
DEBUG - 2026-08-23 09:14:29 --> Session: Class initialized using 'CodeIgniter\Session\Handlers\FileHandler' driver.
DEBUG - 2026-08-23 09:14:55 --> Session: Class initialized using 'CodeIgniter\Session\Handlers\FileHandler' driver.
DEBUG - 2026-08-23 09:14:59 --> Session: Class initialized using 'CodeIgniter\Session\Handlers\FileHandler' driver.
DEBUG - 2026-08-23 09:15:25 --> Session: Class initialized using 'CodeIgniter\Session\Handlers\FileHandler' driver.
DEBUG - 2026-08-23 09:15:29 --> Session: Class initialized using 'CodeIgniter\Session\Handlers\FileHandler' driver.
DEBUG - 2026-08-23 09:15:54 --> Session: Class initialized using 'CodeIgniter\Session\Handlers\FileHandler' driver.
DEBUG - 2026-08-23 09:15:56 --> Session: Class initialized using 'CodeIgniter\Session\Handlers\FileHandler' driver.
DEBUG - 2026-08-23 09:15:59 --> Session: Class initialized using 'CodeIgniter\Session\Handlers\FileHandler' driver.
DEBUG - 2026-08-23 09:16:01 --> Session: Class initialized using 'CodeIgniter\Session\Handlers\FileHandler' driver.
DEBUG - 2026-08-23 09:16:02 --> Session: Class initialized using 'CodeIgniter\Session\Handlers\FileHandler' driver.
DEBUG - 2026-08-23 09:16:04 --> Session: Class initialized using 'CodeIgniter\Session\Handlers\FileHandler' driver.
DEBUG - 2026-08-23 09:16:05 --> Session: Class initialized using 'CodeIgniter\Session\Handlers\FileHandler' driver.
DEBUG - 2026-08-23 09:16:08 --> Session: Class initialized using 'CodeIgniter\Session\Handlers\FileHandler' driver.
DEBUG - 2026-08-23 09:16:09 --> Session: Class initialized using 'CodeIgniter\Session\Handlers\FileHandler' driver.
DEBUG - 2026-08-23 09:16:12 --> Session: Class initialized using 'CodeIgniter\Session\Handlers\FileHandler' driver.
CRITICAL - 2026-08-23 09:16:13 --> ParseError: syntax error, unexpected token "endif"
[Method: GET, Route: leads-vip]
in APPPATH\Views\admin\leads\_table_rows.php on line 110.
 1 SYSTEMPATH\View\View.php(243): CodeIgniter\View\View->{closure:CodeIgniter\View\View::render():237}()
 2 SYSTEMPATH\Common.php(1268): CodeIgniter\View\View->render()
 3 APPPATH\Views\admin\leads\index.php(73): view()
 4 SYSTEMPATH\View\View.php(240): include('C:\\Sistemas\\Dias Imports\\Dias Importes - Marketing v2\\dias_imports_v2\\app\\Views\\admin\\leads\\index.php')
 5 SYSTEMPATH\View\View.php(243): CodeIgniter\View\View->{closure:CodeIgniter\View\View::render():237}()
 6 SYSTEMPATH\Common.php(1268): CodeIgniter\View\View->render()
 7 APPPATH\Controllers\VipLeads.php(45): view()
 8 SYSTEMPATH\CodeIgniter.php(974): App\Controllers\VipLeads->index()
 9 SYSTEMPATH\CodeIgniter.php(520): CodeIgniter\CodeIgniter->runController()
10 SYSTEMPATH\CodeIgniter.php(363): CodeIgniter\CodeIgniter->handleRequest()
11 SYSTEMPATH\Boot.php(417): CodeIgniter\CodeIgniter->run()
12 SYSTEMPATH\Boot.php(68): CodeIgniter\Boot::runCodeIgniter()
13 FCPATH\index.php(59): CodeIgniter\Boot::bootWeb()
14 SYSTEMPATH\rewrite.php(44): require_once('C:\\Sistemas\\Dias Imports\\Dias Importes - Marketing v2\\dias_imports_v2\\public\\index.php')
DEBUG - 2026-08-23 09:16:16 --> Session: Class initialized using 'CodeIgniter\Session\Handlers\FileHandler' driver.
DEBUG - 2026-08-23 09:16:17 --> Session: Class initialized using 'CodeIgniter\Session\Handlers\FileHandler' driver.
DEBUG - 2026-08-23 09:16:22 --> Session: Class initialized using 'CodeIgniter\Session\Handlers\FileHandler' driver.
DEBUG - 2026-08-23 09:16:23 --> Session: Class initialized using 'CodeIgniter\Session\Handlers\FileHandler' driver.
DEBUG - 2026-08-23 09:16:26 --> Session: Class initialized using 'CodeIgniter\Session\Handlers\FileHandler' driver.
DEBUG - 2026-08-23 09:16:29 --> Session: Class initialized using 'CodeIgniter\Session\Handlers\FileHandler' driver.
DEBUG - 2026-08-23 09:16:30 --> Session: Class initialized using 'CodeIgniter\Session\Handlers\FileHandler' driver.
DEBUG - 2026-08-23 09:16:33 --> Session: Class initialized using 'CodeIgniter\Session\Handlers\FileHandler' driver.
DEBUG - 2026-08-23 09:16:34 --> Session: Class initialized using 'CodeIgniter\Session\Handlers\FileHandler' driver.
DEBUG - 2026-08-23 09:16:55 --> Session: Class initialized using 'CodeIgniter\Session\Handlers\FileHandler' driver.
DEBUG - 2026-08-23 09:17:04 --> Session: Class initialized using 'CodeIgniter\Session\Handlers\FileHandler' driver.
DEBUG - 2026-08-23 09:17:28 --> Session: Class initialized using 'CodeIgniter\Session\Handlers\FileHandler' driver.
DEBUG - 2026-08-23 09:17:29 --> Session: Class initialized using 'CodeIgniter\Session\Handlers\FileHandler' driver.
DEBUG - 2026-08-23 09:17:59 --> Session: Class initialized using 'CodeIgniter\Session\Handlers\FileHandler' driver.
DEBUG - 2026-08-23 09:18:29 --> Session: Class initialized using 'CodeIgniter\Session\Handlers\FileHandler' driver.
DEBUG - 2026-08-23 09:18:59 --> Session: Class initialized using 'CodeIgniter\Session\Handlers\FileHandler' driver.
DEBUG - 2026-08-23 09:19:02 --> Session: Class initialized using 'CodeIgniter\Session\Handlers\FileHandler' driver.
DEBUG - 2026-08-23 09:19:03 --> Session: Class initialized using 'CodeIgniter\Session\Handlers\FileHandler' driver.
DEBUG - 2026-08-23 09:19:05 --> Session: Class initialized using 'CodeIgniter\Session\Handlers\FileHandler' driver.
DEBUG - 2026-08-23 09:19:07 --> Session: Class initialized using 'CodeIgniter\Session\Handlers\FileHandler' driver.
DEBUG - 2026-08-23 09:19:27 --> Session: Class initialized using 'CodeIgniter\Session\Handlers\FileHandler' driver.
DEBUG - 2026-08-23 09:19:29 --> Session: Class initialized using 'CodeIgniter\Session\Handlers\FileHandler' driver.
DEBUG - 2026-08-23 09:19:32 --> Session: Class initialized using 'CodeIgniter\Session\Handlers\FileHandler' driver.
DEBUG - 2026-08-23 09:19:34 --> Session: Class initialized using 'CodeIgniter\Session\Handlers\FileHandler' driver.
DEBUG - 2026-08-23 09:19:39 --> Session: Class initialized using 'CodeIgniter\Session\Handlers\FileHandler' driver.
DEBUG - 2026-08-23 09:19:45 --> Session: Class initialized using 'CodeIgniter\Session\Handlers\FileHandler' driver.
DEBUG - 2026-08-23 09:19:52 --> Session: Class initialized using 'CodeIgniter\Session\Handlers\FileHandler' driver.
DEBUG - 2026-08-23 09:19:58 --> Session: Class initialized using 'CodeIgniter\Session\Handlers\FileHandler' driver.
DEBUG - 2026-08-23 09:20:04 --> Session: Class initialized using 'CodeIgniter\Session\Handlers\FileHandler' driver.
DEBUG - 2026-08-23 09:20:06 --> Session: Class initialized using 'CodeIgniter\Session\Handlers\FileHandler' driver.
DEBUG - 2026-08-23 09:20:12 --> Session: Class initialized using 'CodeIgniter\Session\Handlers\FileHandler' driver.
DEBUG - 2026-08-23 09:20:19 --> Session: Class initialized using 'CodeIgniter\Session\Handlers\FileHandler' driver.
DEBUG - 2026-08-23 09:20:25 --> Session: Class initialized using 'CodeIgniter\Session\Handlers\FileHandler' driver.
DEBUG - 2026-08-23 09:20:32 --> Session: Class initialized using 'CodeIgniter\Session\Handlers\FileHandler' driver.
DEBUG - 2026-08-23 09:20:34 --> Session: Class initialized using 'CodeIgniter\Session\Handlers\FileHandler' driver.
DEBUG - 2026-08-23 09:20:38 --> Session: Class initialized using 'CodeIgniter\Session\Handlers\FileHandler' driver.
DEBUG - 2026-08-23 09:20:44 --> Session: Class initialized using 'CodeIgniter\Session\Handlers\FileHandler' driver.
DEBUG - 2026-08-23 09:20:51 --> Session: Class initialized using 'CodeIgniter\Session\Handlers\FileHandler' driver.
DEBUG - 2026-08-23 09:20:57 --> Session: Class initialized using 'CodeIgniter\Session\Handlers\FileHandler' driver.
DEBUG - 2026-08-23 09:21:03 --> Session: Class initialized using 'CodeIgniter\Session\Handlers\FileHandler' driver.
DEBUG - 2026-08-23 09:21:05 --> Session: Class initialized using 'CodeIgniter\Session\Handlers\FileHandler' driver.
DEBUG - 2026-08-23 09:21:10 --> Session: Class initialized using 'CodeIgniter\Session\Handlers\FileHandler' driver.
DEBUG - 2026-08-23 09:21:16 --> Session: Class initialized using 'CodeIgniter\Session\Handlers\FileHandler' driver.
DEBUG - 2026-08-23 09:21:22 --> Session: Class initialized using 'CodeIgniter\Session\Handlers\FileHandler' driver.
DEBUG - 2026-08-23 09:21:29 --> Session: Class initialized using 'CodeIgniter\Session\Handlers\FileHandler' driver.
DEBUG - 2026-08-23 09:21:34 --> Session: Class initialized using 'CodeIgniter\Session\Handlers\FileHandler' driver.
DEBUG - 2026-08-23 09:21:36 --> Session: Class initialized using 'CodeIgniter\Session\Handlers\FileHandler' driver.
DEBUG - 2026-08-23 09:21:42 --> Session: Class initialized using 'CodeIgniter\Session\Handlers\FileHandler' driver.
DEBUG - 2026-08-23 09:21:49 --> Session: Class initialized using 'CodeIgniter\Session\Handlers\FileHandler' driver.
DEBUG - 2026-08-23 09:21:55 --> Session: Class initialized using 'CodeIgniter\Session\Handlers\FileHandler' driver.
DEBUG - 2026-08-23 09:22:02 --> Session: Class initialized using 'CodeIgniter\Session\Handlers\FileHandler' driver.
DEBUG - 2026-08-23 09:22:04 --> Session: Class initialized using 'CodeIgniter\Session\Handlers\FileHandler' driver.
DEBUG - 2026-08-23 09:22:08 --> Session: Class initialized using 'CodeIgniter\Session\Handlers\FileHandler' driver.
DEBUG - 2026-08-23 09:22:14 --> Session: Class initialized using 'CodeIgniter\Session\Handlers\FileHandler' driver.
DEBUG - 2026-08-23 09:22:21 --> Session: Class initialized using 'CodeIgniter\Session\Handlers\FileHandler' driver.
DEBUG - 2026-08-23 09:22:27 --> Session: Class initialized using 'CodeIgniter\Session\Handlers\FileHandler' driver.
DEBUG - 2026-08-23 09:22:32 --> Session: Class initialized using 'CodeIgniter\Session\Handlers\FileHandler' driver.
DEBUG - 2026-08-23 09:22:35 --> Session: Class initialized using 'CodeIgniter\Session\Handlers\FileHandler' driver.
DEBUG - 2026-08-23 09:22:36 --> Session: Class initialized using 'CodeIgniter\Session\Handlers\FileHandler' driver.
DEBUG - 2026-08-23 09:22:39 --> Session: Class initialized using 'CodeIgniter\Session\Handlers\FileHandler' driver.
DEBUG - 2026-08-23 09:22:44 --> Session: Class initialized using 'CodeIgniter\Session\Handlers\FileHandler' driver.
DEBUG - 2026-08-23 09:22:50 --> Session: Class initialized using 'CodeIgniter\Session\Handlers\FileHandler' driver.
DEBUG - 2026-08-23 09:22:56 --> Session: Class initialized using 'CodeIgniter\Session\Handlers\FileHandler' driver.
DEBUG - 2026-08-23 09:23:03 --> Session: Class initialized using 'CodeIgniter\Session\Handlers\FileHandler' driver.
DEBUG - 2026-08-23 09:23:09 --> Session: Class initialized using 'CodeIgniter\Session\Handlers\FileHandler' driver.
DEBUG - 2026-08-23 09:23:11 --> Session: Class initialized using 'CodeIgniter\Session\Handlers\FileHandler' driver.
DEBUG - 2026-08-23 09:23:18 --> Session: Class initialized using 'CodeIgniter\Session\Handlers\FileHandler' driver.
DEBUG - 2026-08-23 09:23:24 --> Session: Class initialized using 'CodeIgniter\Session\Handlers\FileHandler' driver.
DEBUG - 2026-08-23 09:23:30 --> Session: Class initialized using 'CodeIgniter\Session\Handlers\FileHandler' driver.
DEBUG - 2026-08-23 09:23:34 --> Session: Class initialized using 'CodeIgniter\Session\Handlers\FileHandler' driver.
DEBUG - 2026-08-23 09:23:37 --> Session: Class initialized using 'CodeIgniter\Session\Handlers\FileHandler' driver.
DEBUG - 2026-08-23 09:23:42 --> Session: Class initialized using 'CodeIgniter\Session\Handlers\FileHandler' driver.
DEBUG - 2026-08-23 09:23:48 --> Session: Class initialized using 'CodeIgniter\Session\Handlers\FileHandler' driver.
DEBUG - 2026-08-23 09:23:54 --> Session: Class initialized using 'CodeIgniter\Session\Handlers\FileHandler' driver.
DEBUG - 2026-08-23 09:24:00 --> Session: Class initialized using 'CodeIgniter\Session\Handlers\FileHandler' driver.
DEBUG - 2026-08-23 09:24:03 --> Session: Class initialized using 'CodeIgniter\Session\Handlers\FileHandler' driver.
DEBUG - 2026-08-23 09:24:05 --> Session: Class initialized using 'CodeIgniter\Session\Handlers\FileHandler' driver.
DEBUG - 2026-08-23 09:24:10 --> Session: Class initialized using 'CodeIgniter\Session\Handlers\FileHandler' driver.
DEBUG - 2026-08-23 09:24:25 --> Session: Class initialized using 'CodeIgniter\Session\Handlers\FileHandler' driver.
INFO - 2026-08-23 09:24:25 --> CSRF token verified.
DEBUG - 2026-08-23 09:24:27 --> Session: Class initialized using 'CodeIgniter\Session\Handlers\FileHandler' driver.
DEBUG - 2026-08-23 09:24:29 --> Session: Class initialized using 'CodeIgniter\Session\Handlers\FileHandler' driver.
DEBUG - 2026-08-23 09:24:34 --> Session: Class initialized using 'CodeIgniter\Session\Handlers\FileHandler' driver.
DEBUG - 2026-08-23 09:24:37 --> Session: Class initialized using 'CodeIgniter\Session\Handlers\FileHandler' driver.
INFO - 2026-08-23 09:24:37 --> CSRF token verified.
DEBUG - 2026-08-23 09:24:39 --> Session: Class initialized using 'CodeIgniter\Session\Handlers\FileHandler' driver.
DEBUG - 2026-08-23 09:24:41 --> Session: Class initialized using 'CodeIgniter\Session\Handlers\FileHandler' driver.
DEBUG - 2026-08-23 09:24:42 --> Session: Class initialized using 'CodeIgniter\Session\Handlers\FileHandler' driver.
DEBUG - 2026-08-23 09:24:47 --> Session: Class initialized using 'CodeIgniter\Session\Handlers\FileHandler' driver.
DEBUG - 2026-08-23 09:24:52 --> Session: Class initialized using 'CodeIgniter\Session\Handlers\FileHandler' driver.
INFO - 2026-08-23 09:24:52 --> CSRF token verified.
DEBUG - 2026-08-23 09:24:54 --> Session: Class initialized using 'CodeIgniter\Session\Handlers\FileHandler' driver.
DEBUG - 2026-08-23 09:24:55 --> Session: Class initialized using 'CodeIgniter\Session\Handlers\FileHandler' driver.
DEBUG - 2026-08-23 09:24:58 --> Session: Class initialized using 'CodeIgniter\Session\Handlers\FileHandler' driver.
DEBUG - 2026-08-23 09:25:03 --> Session: Class initialized using 'CodeIgniter\Session\Handlers\FileHandler' driver.
DEBUG - 2026-08-23 09:25:09 --> Session: Class initialized using 'CodeIgniter\Session\Handlers\FileHandler' driver.
DEBUG - 2026-08-23 09:25:11 --> Session: Class initialized using 'CodeIgniter\Session\Handlers\FileHandler' driver.
INFO - 2026-08-23 09:25:11 --> CSRF token verified.
DEBUG - 2026-08-23 09:25:18 --> Session: Class initialized using 'CodeIgniter\Session\Handlers\FileHandler' driver.
DEBUG - 2026-08-23 09:25:19 --> Session: Class initialized using 'CodeIgniter\Session\Handlers\FileHandler' driver.
DEBUG - 2026-08-23 09:25:22 --> Session: Class initialized using 'CodeIgniter\Session\Handlers\FileHandler' driver.
DEBUG - 2026-08-23 09:25:25 --> Session: Class initialized using 'CodeIgniter\Session\Handlers\FileHandler' driver.
INFO - 2026-08-23 09:25:25 --> CSRF token verified.
DEBUG - 2026-08-23 09:25:30 --> Session: Class initialized using 'CodeIgniter\Session\Handlers\FileHandler' driver.
DEBUG - 2026-08-23 09:25:32 --> Session: Class initialized using 'CodeIgniter\Session\Handlers\FileHandler' driver.
DEBUG - 2026-08-23 09:25:33 --> Session: Class initialized using 'CodeIgniter\Session\Handlers\FileHandler' driver.
DEBUG - 2026-08-23 09:25:39 --> Session: Class initialized using 'CodeIgniter\Session\Handlers\FileHandler' driver.
DEBUG - 2026-08-23 09:25:41 --> Session: Class initialized using 'CodeIgniter\Session\Handlers\FileHandler' driver.
DEBUG - 2026-08-23 09:26:11 --> Session: Class initialized using 'CodeIgniter\Session\Handlers\FileHandler' driver.
DEBUG - 2026-08-23 09:26:28 --> Session: Class initialized using 'CodeIgniter\Session\Handlers\FileHandler' driver.
DEBUG - 2026-08-23 09:26:30 --> Session: Class initialized using 'CodeIgniter\Session\Handlers\FileHandler' driver.
DEBUG - 2026-08-23 09:26:33 --> Session: Class initialized using 'CodeIgniter\Session\Handlers\FileHandler' driver.
DEBUG - 2026-08-23 09:26:36 --> Session: Class initialized using 'CodeIgniter\Session\Handlers\FileHandler' driver.
DEBUG - 2026-08-23 09:26:59 --> Session: Class initialized using 'CodeIgniter\Session\Handlers\FileHandler' driver.
INFO - 2026-08-23 09:26:59 --> CSRF token verified.
DEBUG - 2026-08-23 09:27:00 --> Session: Class initialized using 'CodeIgniter\Session\Handlers\FileHandler' driver.
DEBUG - 2026-08-23 09:27:02 --> Session: Class initialized using 'CodeIgniter\Session\Handlers\FileHandler' driver.
DEBUG - 2026-08-23 09:27:07 --> Session: Class initialized using 'CodeIgniter\Session\Handlers\FileHandler' driver.
DEBUG - 2026-08-23 09:27:09 --> Session: Class initialized using 'CodeIgniter\Session\Handlers\FileHandler' driver.
DEBUG - 2026-08-23 09:27:14 --> Session: Class initialized using 'CodeIgniter\Session\Handlers\FileHandler' driver.
DEBUG - 2026-08-23 09:27:39 --> Session: Class initialized using 'CodeIgniter\Session\Handlers\FileHandler' driver.
DEBUG - 2026-08-23 09:28:09 --> Session: Class initialized using 'CodeIgniter\Session\Handlers\FileHandler' driver.
DEBUG - 2026-08-23 09:28:37 --> Session: Class initialized using 'CodeIgniter\Session\Handlers\FileHandler' driver.
INFO - 2026-08-23 09:28:37 --> CSRF token verified.
DEBUG - 2026-08-23 09:28:37 --> Session: Class initialized using 'CodeIgniter\Session\Handlers\FileHandler' driver.
DEBUG - 2026-08-23 09:28:40 --> Session: Class initialized using 'CodeIgniter\Session\Handlers\FileHandler' driver.
DEBUG - 2026-08-23 09:28:43 --> Session: Class initialized using 'CodeIgniter\Session\Handlers\FileHandler' driver.
DEBUG - 2026-08-23 09:28:48 --> Session: Class initialized using 'CodeIgniter\Session\Handlers\FileHandler' driver.
DEBUG - 2026-08-23 09:29:13 --> Session: Class initialized using 'CodeIgniter\Session\Handlers\FileHandler' driver.
DEBUG - 2026-08-23 09:29:43 --> Session: Class initialized using 'CodeIgniter\Session\Handlers\FileHandler' driver.
DEBUG - 2026-08-23 09:30:01 --> Session: Class initialized using 'CodeIgniter\Session\Handlers\FileHandler' driver.
DEBUG - 2026-08-23 09:30:03 --> Session: Class initialized using 'CodeIgniter\Session\Handlers\FileHandler' driver.
DEBUG - 2026-08-23 09:30:17 --> Session: Class initialized using 'CodeIgniter\Session\Handlers\FileHandler' driver.
DEBUG - 2026-08-23 09:30:19 --> Session: Class initialized using 'CodeIgniter\Session\Handlers\FileHandler' driver.
DEBUG - 2026-08-23 09:30:49 --> Session: Class initialized using 'CodeIgniter\Session\Handlers\FileHandler' driver.
DEBUG - 2026-08-23 09:31:19 --> Session: Class initialized using 'CodeIgniter\Session\Handlers\FileHandler' driver.
DEBUG - 2026-08-23 09:31:49 --> Session: Class initialized using 'CodeIgniter\Session\Handlers\FileHandler' driver.
DEBUG - 2026-08-23 09:32:10 --> Session: Class initialized using 'CodeIgniter\Session\Handlers\FileHandler' driver.
DEBUG - 2026-08-23 09:32:11 --> Session: Class initialized using 'CodeIgniter\Session\Handlers\FileHandler' driver.
DEBUG - 2026-08-23 09:32:17 --> Session: Class initialized using 'CodeIgniter\Session\Handlers\FileHandler' driver.
DEBUG - 2026-08-23 09:32:19 --> Session: Class initialized using 'CodeIgniter\Session\Handlers\FileHandler' driver.
DEBUG - 2026-08-23 09:32:25 --> Session: Class initialized using 'CodeIgniter\Session\Handlers\FileHandler' driver.
DEBUG - 2026-08-23 09:32:26 --> Session: Class initialized using 'CodeIgniter\Session\Handlers\FileHandler' driver.
DEBUG - 2026-08-23 09:32:51 --> Session: Class initialized using 'CodeIgniter\Session\Handlers\FileHandler' driver.
INFO - 2026-08-23 09:32:51 --> CSRF token verified.
DEBUG - 2026-08-23 09:32:52 --> Session: Class initialized using 'CodeIgniter\Session\Handlers\FileHandler' driver.
DEBUG - 2026-08-23 09:32:53 --> Session: Class initialized using 'CodeIgniter\Session\Handlers\FileHandler' driver.
DEBUG - 2026-08-23 09:32:57 --> Session: Class initialized using 'CodeIgniter\Session\Handlers\FileHandler' driver.
INFO - 2026-08-23 09:32:57 --> CSRF token verified.
DEBUG - 2026-08-23 09:32:57 --> Session: Class initialized using 'CodeIgniter\Session\Handlers\FileHandler' driver.
DEBUG - 2026-08-23 09:32:59 --> Session: Class initialized using 'CodeIgniter\Session\Handlers\FileHandler' driver.
DEBUG - 2026-08-23 09:33:25 --> Session: Class initialized using 'CodeIgniter\Session\Handlers\FileHandler' driver.
DEBUG - 2026-08-23 09:33:27 --> Session: Class initialized using 'CodeIgniter\Session\Handlers\FileHandler' driver.
DEBUG - 2026-08-23 09:33:31 --> Session: Class initialized using 'CodeIgniter\Session\Handlers\FileHandler' driver.
DEBUG - 2026-08-23 09:33:33 --> Session: Class initialized using 'CodeIgniter\Session\Handlers\FileHandler' driver.
DEBUG - 2026-08-23 09:33:48 --> Session: Class initialized using 'CodeIgniter\Session\Handlers\FileHandler' driver.
DEBUG - 2026-08-23 09:33:50 --> Session: Class initialized using 'CodeIgniter\Session\Handlers\FileHandler' driver.
DEBUG - 2026-08-23 09:34:16 --> Session: Class initialized using 'CodeIgniter\Session\Handlers\FileHandler' driver.
DEBUG - 2026-08-23 09:34:18 --> Session: Class initialized using 'CodeIgniter\Session\Handlers\FileHandler' driver.
DEBUG - 2026-08-23 09:34:27 --> Session: Class initialized using 'CodeIgniter\Session\Handlers\FileHandler' driver.
DEBUG - 2026-08-23 09:34:29 --> Session: Class initialized using 'CodeIgniter\Session\Handlers\FileHandler' driver.
DEBUG - 2026-08-23 09:34:59 --> Session: Class initialized using 'CodeIgniter\Session\Handlers\FileHandler' driver.
DEBUG - 2026-08-23 09:35:29 --> Session: Class initialized using 'CodeIgniter\Session\Handlers\FileHandler' driver.
DEBUG - 2026-08-23 09:35:59 --> Session: Class initialized using 'CodeIgniter\Session\Handlers\FileHandler' driver.
DEBUG - 2026-08-23 09:36:21 --> Session: Class initialized using 'CodeIgniter\Session\Handlers\FileHandler' driver.
DEBUG - 2026-08-23 09:36:22 --> Session: Class initialized using 'CodeIgniter\Session\Handlers\FileHandler' driver.
DEBUG - 2026-08-23 09:36:37 --> Session: Class initialized using 'CodeIgniter\Session\Handlers\FileHandler' driver.
DEBUG - 2026-08-23 09:36:38 --> Session: Class initialized using 'CodeIgniter\Session\Handlers\FileHandler' driver.
DEBUG - 2026-08-23 09:37:00 --> Session: Class initialized using 'CodeIgniter\Session\Handlers\FileHandler' driver.
DEBUG - 2026-08-23 09:37:01 --> Session: Class initialized using 'CodeIgniter\Session\Handlers\FileHandler' driver.
DEBUG - 2026-08-23 09:37:31 --> Session: Class initialized using 'CodeIgniter\Session\Handlers\FileHandler' driver.
DEBUG - 2026-08-23 09:38:01 --> Session: Class initialized using 'CodeIgniter\Session\Handlers\FileHandler' driver.
DEBUG - 2026-08-23 09:38:16 --> Session: Class initialized using 'CodeIgniter\Session\Handlers\FileHandler' driver.
DEBUG - 2026-08-23 09:38:16 --> Session: Class initialized using 'CodeIgniter\Session\Handlers\FileHandler' driver.
DEBUG - 2026-08-23 09:38:32 --> Session: Class initialized using 'CodeIgniter\Session\Handlers\FileHandler' driver.
DEBUG - 2026-08-23 09:39:02 --> Session: Class initialized using 'CodeIgniter\Session\Handlers\FileHandler' driver.
DEBUG - 2026-08-23 09:39:32 --> Session: Class initialized using 'CodeIgniter\Session\Handlers\FileHandler' driver.
DEBUG - 2026-08-23 09:40:02 --> Session: Class initialized using 'CodeIgniter\Session\Handlers\FileHandler' driver.
DEBUG - 2026-08-23 09:40:32 --> Session: Class initialized using 'CodeIgniter\Session\Handlers\FileHandler' driver.
DEBUG - 2026-08-23 09:41:00 --> Session: Class initialized using 'CodeIgniter\Session\Handlers\FileHandler' driver.
DEBUG - 2026-08-23 09:41:02 --> Session: Class initialized using 'CodeIgniter\Session\Handlers\FileHandler' driver.
DEBUG - 2026-08-23 09:41:18 --> Session: Class initialized using 'CodeIgniter\Session\Handlers\FileHandler' driver.
DEBUG - 2026-08-23 09:41:21 --> Session: Class initialized using 'CodeIgniter\Session\Handlers\FileHandler' driver.
DEBUG - 2026-08-23 09:41:51 --> Session: Class initialized using 'CodeIgniter\Session\Handlers\FileHandler' driver.
INFO - 2026-08-23 09:41:54 --> CSRF token verified.
DEBUG - 2026-08-23 09:41:55 --> Session: Class initialized using 'CodeIgniter\Session\Handlers\FileHandler' driver.
DEBUG - 2026-08-23 09:41:55 --> Session: Class initialized using 'CodeIgniter\Session\Handlers\FileHandler' driver.
DEBUG - 2026-08-23 09:42:21 --> Session: Class initialized using 'CodeIgniter\Session\Handlers\FileHandler' driver.
DEBUG - 2026-08-23 09:42:51 --> Session: Class initialized using 'CodeIgniter\Session\Handlers\FileHandler' driver.
DEBUG - 2026-08-23 09:43:21 --> Session: Class initialized using 'CodeIgniter\Session\Handlers\FileHandler' driver.
DEBUG - 2026-08-23 09:43:35 --> Session: Class initialized using 'CodeIgniter\Session\Handlers\FileHandler' driver.
INFO - 2026-08-23 09:43:45 --> CSRF token verified.
DEBUG - 2026-08-23 09:43:46 --> Session: Class initialized using 'CodeIgniter\Session\Handlers\FileHandler' driver.
DEBUG - 2026-08-23 09:43:46 --> Session: Class initialized using 'CodeIgniter\Session\Handlers\FileHandler' driver.
DEBUG - 2026-08-23 09:43:47 --> Session: Class initialized using 'CodeIgniter\Session\Handlers\FileHandler' driver.
DEBUG - 2026-08-23 09:43:51 --> Session: Class initialized using 'CodeIgniter\Session\Handlers\FileHandler' driver.
DEBUG - 2026-08-23 09:43:55 --> Session: Class initialized using 'CodeIgniter\Session\Handlers\FileHandler' driver.
DEBUG - 2026-08-23 09:43:57 --> Session: Class initialized using 'CodeIgniter\Session\Handlers\FileHandler' driver.
DEBUG - 2026-08-23 09:44:21 --> Session: Class initialized using 'CodeIgniter\Session\Handlers\FileHandler' driver.
DEBUG - 2026-08-23 09:44:27 --> Session: Class initialized using 'CodeIgniter\Session\Handlers\FileHandler' driver.
DEBUG - 2026-08-23 09:44:51 --> Session: Class initialized using 'CodeIgniter\Session\Handlers\FileHandler' driver.
DEBUG - 2026-08-23 09:44:57 --> Session: Class initialized using 'CodeIgniter\Session\Handlers\FileHandler' driver.
DEBUG - 2026-08-23 09:45:05 --> Session: Class initialized using 'CodeIgniter\Session\Handlers\FileHandler' driver.
DEBUG - 2026-08-23 09:45:07 --> Session: Class initialized using 'CodeIgniter\Session\Handlers\FileHandler' driver.
DEBUG - 2026-08-23 09:45:26 --> Session: Class initialized using 'CodeIgniter\Session\Handlers\FileHandler' driver.
INFO - 2026-08-23 09:45:26 --> CSRF token verified.
DEBUG - 2026-08-23 09:45:27 --> Session: Class initialized using 'CodeIgniter\Session\Handlers\FileHandler' driver.
DEBUG - 2026-08-23 09:45:28 --> Session: Class initialized using 'CodeIgniter\Session\Handlers\FileHandler' driver.
DEBUG - 2026-08-23 09:45:31 --> Session: Class initialized using 'CodeIgniter\Session\Handlers\FileHandler' driver.
DEBUG - 2026-08-23 09:45:33 --> Session: Class initialized using 'CodeIgniter\Session\Handlers\FileHandler' driver.
DEBUG - 2026-08-23 09:45:35 --> Session: Class initialized using 'CodeIgniter\Session\Handlers\FileHandler' driver.
DEBUG - 2026-08-23 09:45:37 --> Session: Class initialized using 'CodeIgniter\Session\Handlers\FileHandler' driver.
DEBUG - 2026-08-23 09:45:57 --> Session: Class initialized using 'CodeIgniter\Session\Handlers\FileHandler' driver.
DEBUG - 2026-08-23 09:46:05 --> Session: Class initialized using 'CodeIgniter\Session\Handlers\FileHandler' driver.
DEBUG - 2026-08-23 09:46:07 --> Session: Class initialized using 'CodeIgniter\Session\Handlers\FileHandler' driver.
DEBUG - 2026-08-23 09:46:27 --> Session: Class initialized using 'CodeIgniter\Session\Handlers\FileHandler' driver.
DEBUG - 2026-08-23 09:46:35 --> Session: Class initialized using 'CodeIgniter\Session\Handlers\FileHandler' driver.
DEBUG - 2026-08-23 09:46:37 --> Session: Class initialized using 'CodeIgniter\Session\Handlers\FileHandler' driver.
DEBUG - 2026-08-23 09:46:57 --> Session: Class initialized using 'CodeIgniter\Session\Handlers\FileHandler' driver.
DEBUG - 2026-08-23 09:47:05 --> Session: Class initialized using 'CodeIgniter\Session\Handlers\FileHandler' driver.
DEBUG - 2026-08-23 09:47:07 --> Session: Class initialized using 'CodeIgniter\Session\Handlers\FileHandler' driver.
DEBUG - 2026-08-23 09:47:27 --> Session: Class initialized using 'CodeIgniter\Session\Handlers\FileHandler' driver.
DEBUG - 2026-08-23 09:47:35 --> Session: Class initialized using 'CodeIgniter\Session\Handlers\FileHandler' driver.
DEBUG - 2026-08-23 09:47:37 --> Session: Class initialized using 'CodeIgniter\Session\Handlers\FileHandler' driver.
DEBUG - 2026-08-23 09:47:40 --> Session: Class initialized using 'CodeIgniter\Session\Handlers\FileHandler' driver.
DEBUG - 2026-08-23 09:47:42 --> Session: Class initialized using 'CodeIgniter\Session\Handlers\FileHandler' driver.
DEBUG - 2026-08-23 09:47:49 --> Session: Class initialized using 'CodeIgniter\Session\Handlers\FileHandler' driver.
DEBUG - 2026-08-23 09:47:51 --> Session: Class initialized using 'CodeIgniter\Session\Handlers\FileHandler' driver.
DEBUG - 2026-08-23 09:48:12 --> Session: Class initialized using 'CodeIgniter\Session\Handlers\FileHandler' driver.
DEBUG - 2026-08-23 09:48:18 --> Session: Class initialized using 'CodeIgniter\Session\Handlers\FileHandler' driver.
DEBUG - 2026-08-23 09:48:21 --> Session: Class initialized using 'CodeIgniter\Session\Handlers\FileHandler' driver.
DEBUG - 2026-08-23 09:48:36 --> Session: Class initialized using 'CodeIgniter\Session\Handlers\FileHandler' driver.
DEBUG - 2026-08-23 09:48:38 --> Session: Class initialized using 'CodeIgniter\Session\Handlers\FileHandler' driver.
DEBUG - 2026-08-23 09:48:41 --> Session: Class initialized using 'CodeIgniter\Session\Handlers\FileHandler' driver.
INFO - 2026-08-23 09:48:41 --> CSRF token verified.
DEBUG - 2026-08-23 09:48:42 --> Session: Class initialized using 'CodeIgniter\Session\Handlers\FileHandler' driver.
DEBUG - 2026-08-23 09:48:44 --> Session: Class initialized using 'CodeIgniter\Session\Handlers\FileHandler' driver.
DEBUG - 2026-08-23 09:48:59 --> Session: Class initialized using 'CodeIgniter\Session\Handlers\FileHandler' driver.
DEBUG - 2026-08-23 09:49:00 --> Session: Class initialized using 'CodeIgniter\Session\Handlers\FileHandler' driver.
DEBUG - 2026-08-23 09:49:13 --> Session: Class initialized using 'CodeIgniter\Session\Handlers\FileHandler' driver.
DEBUG - 2026-08-23 09:49:18 --> Session: Class initialized using 'CodeIgniter\Session\Handlers\FileHandler' driver.
DEBUG - 2026-08-23 09:49:30 --> Session: Class initialized using 'CodeIgniter\Session\Handlers\FileHandler' driver.
DEBUG - 2026-08-23 09:49:39 --> Session: Class initialized using 'CodeIgniter\Session\Handlers\FileHandler' driver.
DEBUG - 2026-08-23 09:49:41 --> Session: Class initialized using 'CodeIgniter\Session\Handlers\FileHandler' driver.
DEBUG - 2026-08-23 09:49:43 --> Session: Class initialized using 'CodeIgniter\Session\Handlers\FileHandler' driver.
DEBUG - 2026-08-23 09:49:45 --> Session: Class initialized using 'CodeIgniter\Session\Handlers\FileHandler' driver.
DEBUG - 2026-08-23 09:50:09 --> Session: Class initialized using 'CodeIgniter\Session\Handlers\FileHandler' driver.
DEBUG - 2026-08-23 09:50:11 --> Session: Class initialized using 'CodeIgniter\Session\Handlers\FileHandler' driver.
DEBUG - 2026-08-23 09:50:14 --> Session: Class initialized using 'CodeIgniter\Session\Handlers\FileHandler' driver.
DEBUG - 2026-08-23 09:50:15 --> Session: Class initialized using 'CodeIgniter\Session\Handlers\FileHandler' driver.
DEBUG - 2026-08-23 09:50:18 --> Session: Class initialized using 'CodeIgniter\Session\Handlers\FileHandler' driver.
DEBUG - 2026-08-23 09:50:20 --> Session: Class initialized using 'CodeIgniter\Session\Handlers\FileHandler' driver.
DEBUG - 2026-08-23 09:50:41 --> Session: Class initialized using 'CodeIgniter\Session\Handlers\FileHandler' driver.
DEBUG - 2026-08-23 09:50:48 --> Session: Class initialized using 'CodeIgniter\Session\Handlers\FileHandler' driver.
DEBUG - 2026-08-23 09:50:50 --> Session: Class initialized using 'CodeIgniter\Session\Handlers\FileHandler' driver.
DEBUG - 2026-08-23 09:50:52 --> Session: Class initialized using 'CodeIgniter\Session\Handlers\FileHandler' driver.
DEBUG - 2026-08-23 09:51:18 --> Session: Class initialized using 'CodeIgniter\Session\Handlers\FileHandler' driver.
DEBUG - 2026-08-23 09:51:20 --> Session: Class initialized using 'CodeIgniter\Session\Handlers\FileHandler' driver.
DEBUG - 2026-08-23 09:51:23 --> Session: Class initialized using 'CodeIgniter\Session\Handlers\FileHandler' driver.
DEBUG - 2026-08-23 09:51:48 --> Session: Class initialized using 'CodeIgniter\Session\Handlers\FileHandler' driver.
DEBUG - 2026-08-23 09:51:52 --> Session: Class initialized using 'CodeIgniter\Session\Handlers\FileHandler' driver.
DEBUG - 2026-08-23 09:52:18 --> Session: Class initialized using 'CodeIgniter\Session\Handlers\FileHandler' driver.
DEBUG - 2026-08-23 09:52:20 --> Session: Class initialized using 'CodeIgniter\Session\Handlers\FileHandler' driver.
DEBUG - 2026-08-23 09:52:22 --> Session: Class initialized using 'CodeIgniter\Session\Handlers\FileHandler' driver.
DEBUG - 2026-08-23 09:52:48 --> Session: Class initialized using 'CodeIgniter\Session\Handlers\FileHandler' driver.
DEBUG - 2026-08-23 09:52:52 --> Session: Class initialized using 'CodeIgniter\Session\Handlers\FileHandler' driver.
DEBUG - 2026-08-23 09:53:02 --> Session: Class initialized using 'CodeIgniter\Session\Handlers\FileHandler' driver.
DEBUG - 2026-08-23 09:53:03 --> Session: Class initialized using 'CodeIgniter\Session\Handlers\FileHandler' driver.
DEBUG - 2026-08-23 09:53:08 --> Session: Class initialized using 'CodeIgniter\Session\Handlers\FileHandler' driver.
DEBUG - 2026-08-23 09:53:10 --> Session: Class initialized using 'CodeIgniter\Session\Handlers\FileHandler' driver.
DEBUG - 2026-08-23 09:53:12 --> Session: Class initialized using 'CodeIgniter\Session\Handlers\FileHandler' driver.
DEBUG - 2026-08-23 09:53:14 --> Session: Class initialized using 'CodeIgniter\Session\Handlers\FileHandler' driver.
DEBUG - 2026-08-23 09:53:18 --> Session: Class initialized using 'CodeIgniter\Session\Handlers\FileHandler' driver.
DEBUG - 2026-08-23 09:53:26 --> Session: Class initialized using 'CodeIgniter\Session\Handlers\FileHandler' driver.
DEBUG - 2026-08-23 09:53:28 --> Session: Class initialized using 'CodeIgniter\Session\Handlers\FileHandler' driver.
DEBUG - 2026-08-23 09:53:44 --> Session: Class initialized using 'CodeIgniter\Session\Handlers\FileHandler' driver.
DEBUG - 2026-08-23 09:53:58 --> Session: Class initialized using 'CodeIgniter\Session\Handlers\FileHandler' driver.
DEBUG - 2026-08-23 09:54:14 --> Session: Class initialized using 'CodeIgniter\Session\Handlers\FileHandler' driver.
DEBUG - 2026-08-23 09:54:18 --> Session: Class initialized using 'CodeIgniter\Session\Handlers\FileHandler' driver.
DEBUG - 2026-08-23 09:54:28 --> Session: Class initialized using 'CodeIgniter\Session\Handlers\FileHandler' driver.
DEBUG - 2026-08-23 09:54:44 --> Session: Class initialized using 'CodeIgniter\Session\Handlers\FileHandler' driver.
DEBUG - 2026-08-23 09:54:58 --> Session: Class initialized using 'CodeIgniter\Session\Handlers\FileHandler' driver.
DEBUG - 2026-08-23 09:55:14 --> Session: Class initialized using 'CodeIgniter\Session\Handlers\FileHandler' driver.
DEBUG - 2026-08-23 09:55:18 --> Session: Class initialized using 'CodeIgniter\Session\Handlers\FileHandler' driver.
DEBUG - 2026-08-23 09:55:28 --> Session: Class initialized using 'CodeIgniter\Session\Handlers\FileHandler' driver.
DEBUG - 2026-08-23 09:55:36 --> Session: Class initialized using 'CodeIgniter\Session\Handlers\FileHandler' driver.
DEBUG - 2026-08-23 09:55:38 --> Session: Class initialized using 'CodeIgniter\Session\Handlers\FileHandler' driver.
DEBUG - 2026-08-23 09:55:58 --> Session: Class initialized using 'CodeIgniter\Session\Handlers\FileHandler' driver.
DEBUG - 2026-08-23 09:56:08 --> Session: Class initialized using 'CodeIgniter\Session\Handlers\FileHandler' driver.
DEBUG - 2026-08-23 09:56:18 --> Session: Class initialized using 'CodeIgniter\Session\Handlers\FileHandler' driver.
DEBUG - 2026-08-23 09:56:28 --> Session: Class initialized using 'CodeIgniter\Session\Handlers\FileHandler' driver.
DEBUG - 2026-08-23 09:56:38 --> Session: Class initialized using 'CodeIgniter\Session\Handlers\FileHandler' driver.
DEBUG - 2026-08-23 09:56:58 --> Session: Class initialized using 'CodeIgniter\Session\Handlers\FileHandler' driver.
DEBUG - 2026-08-23 09:57:08 --> Session: Class initialized using 'CodeIgniter\Session\Handlers\FileHandler' driver.
DEBUG - 2026-08-23 09:57:18 --> Session: Class initialized using 'CodeIgniter\Session\Handlers\FileHandler' driver.
DEBUG - 2026-08-23 09:57:28 --> Session: Class initialized using 'CodeIgniter\Session\Handlers\FileHandler' driver.
DEBUG - 2026-08-23 09:57:38 --> Session: Class initialized using 'CodeIgniter\Session\Handlers\FileHandler' driver.
DEBUG - 2026-08-23 09:57:58 --> Session: Class initialized using 'CodeIgniter\Session\Handlers\FileHandler' driver.
DEBUG - 2026-08-23 09:58:08 --> Session: Class initialized using 'CodeIgniter\Session\Handlers\FileHandler' driver.
DEBUG - 2026-08-23 09:58:14 --> Session: Class initialized using 'CodeIgniter\Session\Handlers\FileHandler' driver.
INFO - 2026-08-23 09:58:14 --> CSRF token verified.
DEBUG - 2026-08-23 09:58:14 --> Session: Class initialized using 'CodeIgniter\Session\Handlers\FileHandler' driver.
DEBUG - 2026-08-23 09:58:16 --> Session: Class initialized using 'CodeIgniter\Session\Handlers\FileHandler' driver.
DEBUG - 2026-08-23 09:58:19 --> Session: Class initialized using 'CodeIgniter\Session\Handlers\FileHandler' driver.
DEBUG - 2026-08-23 09:58:21 --> Session: Class initialized using 'CodeIgniter\Session\Handlers\FileHandler' driver.
INFO - 2026-08-23 09:58:21 --> CSRF token verified.
DEBUG - 2026-08-23 09:58:22 --> Session: Class initialized using 'CodeIgniter\Session\Handlers\FileHandler' driver.
DEBUG - 2026-08-23 09:58:24 --> Session: Class initialized using 'CodeIgniter\Session\Handlers\FileHandler' driver.
DEBUG - 2026-08-23 09:58:54 --> Session: Class initialized using 'CodeIgniter\Session\Handlers\FileHandler' driver.
DEBUG - 2026-08-23 09:58:59 --> Session: Class initialized using 'CodeIgniter\Session\Handlers\FileHandler' driver.
DEBUG - 2026-08-23 09:59:18 --> Session: Class initialized using 'CodeIgniter\Session\Handlers\FileHandler' driver.
DEBUG - 2026-08-23 09:59:24 --> Session: Class initialized using 'CodeIgniter\Session\Handlers\FileHandler' driver.
DEBUG - 2026-08-23 09:59:45 --> Session: Class initialized using 'CodeIgniter\Session\Handlers\FileHandler' driver.
DEBUG - 2026-08-23 09:59:48 --> Session: Class initialized using 'CodeIgniter\Session\Handlers\FileHandler' driver.
DEBUG - 2026-08-23 10:00:00 --> Session: Class initialized using 'CodeIgniter\Session\Handlers\FileHandler' driver.
DEBUG - 2026-08-23 10:00:11 --> Session: Class initialized using 'CodeIgniter\Session\Handlers\FileHandler' driver.
DEBUG - 2026-08-23 10:00:13 --> Session: Class initialized using 'CodeIgniter\Session\Handlers\FileHandler' driver.
DEBUG - 2026-08-23 10:00:15 --> Session: Class initialized using 'CodeIgniter\Session\Handlers\FileHandler' driver.
DEBUG - 2026-08-23 10:00:17 --> Session: Class initialized using 'CodeIgniter\Session\Handlers\FileHandler' driver.
DEBUG - 2026-08-23 10:00:20 --> Session: Class initialized using 'CodeIgniter\Session\Handlers\FileHandler' driver.
DEBUG - 2026-08-23 10:00:43 --> Session: Class initialized using 'CodeIgniter\Session\Handlers\FileHandler' driver.
DEBUG - 2026-08-23 10:00:47 --> Session: Class initialized using 'CodeIgniter\Session\Handlers\FileHandler' driver.
DEBUG - 2026-08-23 10:01:05 --> Session: Class initialized using 'CodeIgniter\Session\Handlers\FileHandler' driver.
DEBUG - 2026-08-23 10:01:08 --> Session: Class initialized using 'CodeIgniter\Session\Handlers\FileHandler' driver.
DEBUG - 2026-08-23 10:01:13 --> Session: Class initialized using 'CodeIgniter\Session\Handlers\FileHandler' driver.
DEBUG - 2026-08-23 10:01:18 --> Session: Class initialized using 'CodeIgniter\Session\Handlers\FileHandler' driver.
DEBUG - 2026-08-23 10:01:38 --> Session: Class initialized using 'CodeIgniter\Session\Handlers\FileHandler' driver.
DEBUG - 2026-08-23 10:01:43 --> Session: Class initialized using 'CodeIgniter\Session\Handlers\FileHandler' driver.
DEBUG - 2026-08-23 10:01:51 --> Session: Class initialized using 'CodeIgniter\Session\Handlers\FileHandler' driver.
DEBUG - 2026-08-23 10:01:53 --> Session: Class initialized using 'CodeIgniter\Session\Handlers\FileHandler' driver.
DEBUG - 2026-08-23 10:01:56 --> Session: Class initialized using 'CodeIgniter\Session\Handlers\FileHandler' driver.
DEBUG - 2026-08-23 10:01:57 --> Session: Class initialized using 'CodeIgniter\Session\Handlers\FileHandler' driver.
DEBUG - 2026-08-23 10:02:10 --> Session: Class initialized using 'CodeIgniter\Session\Handlers\FileHandler' driver.
DEBUG - 2026-08-23 10:02:12 --> Session: Class initialized using 'CodeIgniter\Session\Handlers\FileHandler' driver.
DEBUG - 2026-08-23 10:02:18 --> Session: Class initialized using 'CodeIgniter\Session\Handlers\FileHandler' driver.
DEBUG - 2026-08-23 10:02:27 --> Session: Class initialized using 'CodeIgniter\Session\Handlers\FileHandler' driver.
DEBUG - 2026-08-23 10:02:31 --> Session: Class initialized using 'CodeIgniter\Session\Handlers\FileHandler' driver.
DEBUG - 2026-08-23 10:02:33 --> Session: Class initialized using 'CodeIgniter\Session\Handlers\FileHandler' driver.
DEBUG - 2026-08-23 10:02:36 --> Session: Class initialized using 'CodeIgniter\Session\Handlers\FileHandler' driver.
DEBUG - 2026-08-23 10:02:38 --> Session: Class initialized using 'CodeIgniter\Session\Handlers\FileHandler' driver.
DEBUG - 2026-08-23 10:02:43 --> Session: Class initialized using 'CodeIgniter\Session\Handlers\FileHandler' driver.
DEBUG - 2026-08-23 10:02:44 --> Session: Class initialized using 'CodeIgniter\Session\Handlers\FileHandler' driver.
DEBUG - 2026-08-23 10:02:47 --> Session: Class initialized using 'CodeIgniter\Session\Handlers\FileHandler' driver.
DEBUG - 2026-08-23 10:02:48 --> Session: Class initialized using 'CodeIgniter\Session\Handlers\FileHandler' driver.
DEBUG - 2026-08-23 10:02:50 --> Session: Class initialized using 'CodeIgniter\Session\Handlers\FileHandler' driver.
DEBUG - 2026-08-23 10:02:53 --> Session: Class initialized using 'CodeIgniter\Session\Handlers\FileHandler' driver.
DEBUG - 2026-08-23 10:02:58 --> Session: Class initialized using 'CodeIgniter\Session\Handlers\FileHandler' driver.
DEBUG - 2026-08-23 10:03:03 --> Session: Class initialized using 'CodeIgniter\Session\Handlers\FileHandler' driver.
DEBUG - 2026-08-23 10:03:05 --> Session: Class initialized using 'CodeIgniter\Session\Handlers\FileHandler' driver.
DEBUG - 2026-08-23 10:03:09 --> Session: Class initialized using 'CodeIgniter\Session\Handlers\FileHandler' driver.
DEBUG - 2026-08-23 10:03:11 --> Session: Class initialized using 'CodeIgniter\Session\Handlers\FileHandler' driver.
DEBUG - 2026-08-23 10:03:35 --> Session: Class initialized using 'CodeIgniter\Session\Handlers\FileHandler' driver.
DEBUG - 2026-08-23 10:03:41 --> Session: Class initialized using 'CodeIgniter\Session\Handlers\FileHandler' driver.
DEBUG - 2026-08-23 10:03:59 --> Session: Class initialized using 'CodeIgniter\Session\Handlers\FileHandler' driver.
DEBUG - 2026-08-23 10:04:00 --> Session: Class initialized using 'CodeIgniter\Session\Handlers\FileHandler' driver.
DEBUG - 2026-08-23 10:04:10 --> Session: Class initialized using 'CodeIgniter\Session\Handlers\FileHandler' driver.
DEBUG - 2026-08-23 10:04:11 --> Session: Class initialized using 'CodeIgniter\Session\Handlers\FileHandler' driver.
DEBUG - 2026-08-23 10:04:14 --> Session: Class initialized using 'CodeIgniter\Session\Handlers\FileHandler' driver.
DEBUG - 2026-08-23 10:04:19 --> Session: Class initialized using 'CodeIgniter\Session\Handlers\FileHandler' driver.
DEBUG - 2026-08-23 10:04:21 --> Session: Class initialized using 'CodeIgniter\Session\Handlers\FileHandler' driver.
DEBUG - 2026-08-23 10:04:30 --> Session: Class initialized using 'CodeIgniter\Session\Handlers\FileHandler' driver.
DEBUG - 2026-08-23 10:04:51 --> Session: Class initialized using 'CodeIgniter\Session\Handlers\FileHandler' driver.
DEBUG - 2026-08-23 10:05:00 --> Session: Class initialized using 'CodeIgniter\Session\Handlers\FileHandler' driver.
DEBUG - 2026-08-23 10:05:21 --> Session: Class initialized using 'CodeIgniter\Session\Handlers\FileHandler' driver.
DEBUG - 2026-08-23 10:05:30 --> Session: Class initialized using 'CodeIgniter\Session\Handlers\FileHandler' driver.
DEBUG - 2026-08-23 10:05:51 --> Session: Class initialized using 'CodeIgniter\Session\Handlers\FileHandler' driver.
DEBUG - 2026-08-23 10:06:00 --> Session: Class initialized using 'CodeIgniter\Session\Handlers\FileHandler' driver.
DEBUG - 2026-08-23 10:06:21 --> Session: Class initialized using 'CodeIgniter\Session\Handlers\FileHandler' driver.
DEBUG - 2026-08-23 10:06:30 --> Session: Class initialized using 'CodeIgniter\Session\Handlers\FileHandler' driver.
DEBUG - 2026-08-23 10:06:44 --> Session: Class initialized using 'CodeIgniter\Session\Handlers\FileHandler' driver.
DEBUG - 2026-08-23 10:06:45 --> Session: Class initialized using 'CodeIgniter\Session\Handlers\FileHandler' driver.
DEBUG - 2026-08-23 10:06:47 --> Session: Class initialized using 'CodeIgniter\Session\Handlers\FileHandler' driver.
DEBUG - 2026-08-23 10:06:50 --> Session: Class initialized using 'CodeIgniter\Session\Handlers\FileHandler' driver.
DEBUG - 2026-08-23 10:07:17 --> Session: Class initialized using 'CodeIgniter\Session\Handlers\FileHandler' driver.
DEBUG - 2026-08-23 10:07:20 --> Session: Class initialized using 'CodeIgniter\Session\Handlers\FileHandler' driver.
DEBUG - 2026-08-23 10:07:47 --> Session: Class initialized using 'CodeIgniter\Session\Handlers\FileHandler' driver.
DEBUG - 2026-08-23 10:07:50 --> Session: Class initialized using 'CodeIgniter\Session\Handlers\FileHandler' driver.
DEBUG - 2026-08-23 10:08:37 --> Session: Class initialized using 'CodeIgniter\Session\Handlers\FileHandler' driver.
DEBUG - 2026-08-23 10:08:39 --> Session: Class initialized using 'CodeIgniter\Session\Handlers\FileHandler' driver.
DEBUG - 2026-08-23 10:08:42 --> Session: Class initialized using 'CodeIgniter\Session\Handlers\FileHandler' driver.
DEBUG - 2026-08-23 10:08:44 --> Session: Class initialized using 'CodeIgniter\Session\Handlers\FileHandler' driver.
DEBUG - 2026-08-23 10:08:47 --> Session: Class initialized using 'CodeIgniter\Session\Handlers\FileHandler' driver.
DEBUG - 2026-08-23 10:08:53 --> Session: Class initialized using 'CodeIgniter\Session\Handlers\FileHandler' driver.
DEBUG - 2026-08-23 10:08:54 --> Session: Class initialized using 'CodeIgniter\Session\Handlers\FileHandler' driver.
DEBUG - 2026-08-23 10:09:17 --> Session: Class initialized using 'CodeIgniter\Session\Handlers\FileHandler' driver.
DEBUG - 2026-08-23 10:09:22 --> Session: Class initialized using 'CodeIgniter\Session\Handlers\FileHandler' driver.
DEBUG - 2026-08-23 10:09:24 --> Session: Class initialized using 'CodeIgniter\Session\Handlers\FileHandler' driver.
DEBUG - 2026-08-23 10:09:26 --> Session: Class initialized using 'CodeIgniter\Session\Handlers\FileHandler' driver.
DEBUG - 2026-08-23 10:09:43 --> Session: Class initialized using 'CodeIgniter\Session\Handlers\FileHandler' driver.
DEBUG - 2026-08-23 10:09:44 --> Session: Class initialized using 'CodeIgniter\Session\Handlers\FileHandler' driver.
DEBUG - 2026-08-23 10:09:54 --> Session: Class initialized using 'CodeIgniter\Session\Handlers\FileHandler' driver.
DEBUG - 2026-08-23 10:10:07 --> Session: Class initialized using 'CodeIgniter\Session\Handlers\FileHandler' driver.
DEBUG - 2026-08-23 10:10:09 --> Session: Class initialized using 'CodeIgniter\Session\Handlers\FileHandler' driver.
DEBUG - 2026-08-23 10:10:24 --> Session: Class initialized using 'CodeIgniter\Session\Handlers\FileHandler' driver.
DEBUG - 2026-08-23 10:10:39 --> Session: Class initialized using 'CodeIgniter\Session\Handlers\FileHandler' driver.
DEBUG - 2026-08-23 10:10:54 --> Session: Class initialized using 'CodeIgniter\Session\Handlers\FileHandler' driver.
DEBUG - 2026-08-23 10:11:09 --> Session: Class initialized using 'CodeIgniter\Session\Handlers\FileHandler' driver.
DEBUG - 2026-08-23 10:11:24 --> Session: Class initialized using 'CodeIgniter\Session\Handlers\FileHandler' driver.
DEBUG - 2026-08-23 10:11:39 --> Session: Class initialized using 'CodeIgniter\Session\Handlers\FileHandler' driver.
DEBUG - 2026-08-23 10:11:54 --> Session: Class initialized using 'CodeIgniter\Session\Handlers\FileHandler' driver.
DEBUG - 2026-08-23 10:12:09 --> Session: Class initialized using 'CodeIgniter\Session\Handlers\FileHandler' driver.
DEBUG - 2026-08-23 10:12:24 --> Session: Class initialized using 'CodeIgniter\Session\Handlers\FileHandler' driver.
DEBUG - 2026-08-23 10:12:36 --> Session: Class initialized using 'CodeIgniter\Session\Handlers\FileHandler' driver.
DEBUG - 2026-08-23 10:12:38 --> Session: Class initialized using 'CodeIgniter\Session\Handlers\FileHandler' driver.
DEBUG - 2026-08-23 10:12:54 --> Session: Class initialized using 'CodeIgniter\Session\Handlers\FileHandler' driver.
DEBUG - 2026-08-23 10:13:08 --> Session: Class initialized using 'CodeIgniter\Session\Handlers\FileHandler' driver.
DEBUG - 2026-08-23 10:13:43 --> Session: Class initialized using 'CodeIgniter\Session\Handlers\FileHandler' driver.
DEBUG - 2026-08-23 10:14:08 --> Session: Class initialized using 'CodeIgniter\Session\Handlers\FileHandler' driver.
DEBUG - 2026-08-23 10:14:38 --> Session: Class initialized using 'CodeIgniter\Session\Handlers\FileHandler' driver.
DEBUG - 2026-08-23 10:15:33 --> Session: Class initialized using 'CodeIgniter\Session\Handlers\FileHandler' driver.
DEBUG - 2026-08-23 10:15:37 --> Session: Class initialized using 'CodeIgniter\Session\Handlers\FileHandler' driver.
DEBUG - 2026-08-23 10:15:38 --> Session: Class initialized using 'CodeIgniter\Session\Handlers\FileHandler' driver.
DEBUG - 2026-08-23 10:16:08 --> Session: Class initialized using 'CodeIgniter\Session\Handlers\FileHandler' driver.
DEBUG - 2026-08-23 10:16:10 --> Session: Class initialized using 'CodeIgniter\Session\Handlers\FileHandler' driver.
DEBUG - 2026-08-23 10:16:11 --> Session: Class initialized using 'CodeIgniter\Session\Handlers\FileHandler' driver.
DEBUG - 2026-08-23 10:16:41 --> Session: Class initialized using 'CodeIgniter\Session\Handlers\FileHandler' driver.
DEBUG - 2026-08-23 10:16:44 --> Session: Class initialized using 'CodeIgniter\Session\Handlers\FileHandler' driver.
DEBUG - 2026-08-23 10:17:12 --> Session: Class initialized using 'CodeIgniter\Session\Handlers\FileHandler' driver.
DEBUG - 2026-08-23 10:17:42 --> Session: Class initialized using 'CodeIgniter\Session\Handlers\FileHandler' driver.
DEBUG - 2026-08-23 10:18:12 --> Session: Class initialized using 'CodeIgniter\Session\Handlers\FileHandler' driver.
DEBUG - 2026-08-23 10:18:42 --> Session: Class initialized using 'CodeIgniter\Session\Handlers\FileHandler' driver.
DEBUG - 2026-08-23 10:19:12 --> Session: Class initialized using 'CodeIgniter\Session\Handlers\FileHandler' driver.
DEBUG - 2026-08-23 10:20:46 --> Session: Class initialized using 'CodeIgniter\Session\Handlers\FileHandler' driver.
DEBUG - 2026-08-23 10:20:51 --> Session: Class initialized using 'CodeIgniter\Session\Handlers\FileHandler' driver.
DEBUG - 2026-08-23 10:21:01 --> Session: Class initialized using 'CodeIgniter\Session\Handlers\FileHandler' driver.
DEBUG - 2026-08-23 10:21:11 --> Session: Class initialized using 'CodeIgniter\Session\Handlers\FileHandler' driver.
DEBUG - 2026-08-23 10:21:18 --> Session: Class initialized using 'CodeIgniter\Session\Handlers\FileHandler' driver.
DEBUG - 2026-08-23 10:21:19 --> Session: Class initialized using 'CodeIgniter\Session\Handlers\FileHandler' driver.
DEBUG - 2026-08-23 10:21:49 --> Session: Class initialized using 'CodeIgniter\Session\Handlers\FileHandler' driver.
DEBUG - 2026-08-23 10:22:19 --> Session: Class initialized using 'CodeIgniter\Session\Handlers\FileHandler' driver.
DEBUG - 2026-08-23 10:22:49 --> Session: Class initialized using 'CodeIgniter\Session\Handlers\FileHandler' driver.
DEBUG - 2026-08-23 10:23:19 --> Session: Class initialized using 'CodeIgniter\Session\Handlers\FileHandler' driver.
DEBUG - 2026-08-23 10:23:49 --> Session: Class initialized using 'CodeIgniter\Session\Handlers\FileHandler' driver.
DEBUG - 2026-08-23 10:24:19 --> Session: Class initialized using 'CodeIgniter\Session\Handlers\FileHandler' driver.
DEBUG - 2026-08-23 10:24:49 --> Session: Class initialized using 'CodeIgniter\Session\Handlers\FileHandler' driver.
DEBUG - 2026-08-23 10:25:19 --> Session: Class initialized using 'CodeIgniter\Session\Handlers\FileHandler' driver.
DEBUG - 2026-08-23 10:25:49 --> Session: Class initialized using 'CodeIgniter\Session\Handlers\FileHandler' driver.
DEBUG - 2026-08-23 10:26:19 --> Session: Class initialized using 'CodeIgniter\Session\Handlers\FileHandler' driver.
DEBUG - 2026-08-23 10:26:49 --> Session: Class initialized using 'CodeIgniter\Session\Handlers\FileHandler' driver.
DEBUG - 2026-08-23 10:27:19 --> Session: Class initialized using 'CodeIgniter\Session\Handlers\FileHandler' driver.
DEBUG - 2026-08-23 10:27:49 --> Session: Class initialized using 'CodeIgniter\Session\Handlers\FileHandler' driver.
DEBUG - 2026-08-23 10:28:19 --> Session: Class initialized using 'CodeIgniter\Session\Handlers\FileHandler' driver.
DEBUG - 2026-08-23 10:28:49 --> Session: Class initialized using 'CodeIgniter\Session\Handlers\FileHandler' driver.
DEBUG - 2026-08-23 10:29:19 --> Session: Class initialized using 'CodeIgniter\Session\Handlers\FileHandler' driver.
DEBUG - 2026-08-23 10:29:49 --> Session: Class initialized using 'CodeIgniter\Session\Handlers\FileHandler' driver.
DEBUG - 2026-08-23 10:30:19 --> Session: Class initialized using 'CodeIgniter\Session\Handlers\FileHandler' driver.
DEBUG - 2026-08-23 10:30:49 --> Session: Class initialized using 'CodeIgniter\Session\Handlers\FileHandler' driver.
DEBUG - 2026-08-23 10:31:19 --> Session: Class initialized using 'CodeIgniter\Session\Handlers\FileHandler' driver.
DEBUG - 2026-08-23 10:31:49 --> Session: Class initialized using 'CodeIgniter\Session\Handlers\FileHandler' driver.
DEBUG - 2026-08-23 10:32:19 --> Session: Class initialized using 'CodeIgniter\Session\Handlers\FileHandler' driver.
DEBUG - 2026-08-23 10:32:49 --> Session: Class initialized using 'CodeIgniter\Session\Handlers\FileHandler' driver.
DEBUG - 2026-08-23 10:33:19 --> Session: Class initialized using 'CodeIgniter\Session\Handlers\FileHandler' driver.
DEBUG - 2026-08-23 10:33:49 --> Session: Class initialized using 'CodeIgniter\Session\Handlers\FileHandler' driver.
DEBUG - 2026-08-23 10:34:19 --> Session: Class initialized using 'CodeIgniter\Session\Handlers\FileHandler' driver.
DEBUG - 2026-08-23 10:34:49 --> Session: Class initialized using 'CodeIgniter\Session\Handlers\FileHandler' driver.
DEBUG - 2026-08-23 10:35:19 --> Session: Class initialized using 'CodeIgniter\Session\Handlers\FileHandler' driver.
DEBUG - 2026-08-23 10:35:49 --> Session: Class initialized using 'CodeIgniter\Session\Handlers\FileHandler' driver.
DEBUG - 2026-08-23 10:36:19 --> Session: Class initialized using 'CodeIgniter\Session\Handlers\FileHandler' driver.
DEBUG - 2026-08-23 10:36:49 --> Session: Class initialized using 'CodeIgniter\Session\Handlers\FileHandler' driver.
DEBUG - 2026-08-23 10:37:19 --> Session: Class initialized using 'CodeIgniter\Session\Handlers\FileHandler' driver.
DEBUG - 2026-08-23 10:37:49 --> Session: Class initialized using 'CodeIgniter\Session\Handlers\FileHandler' driver.
DEBUG - 2026-08-23 10:38:19 --> Session: Class initialized using 'CodeIgniter\Session\Handlers\FileHandler' driver.
DEBUG - 2026-08-23 10:38:49 --> Session: Class initialized using 'CodeIgniter\Session\Handlers\FileHandler' driver.
DEBUG - 2026-08-23 10:39:19 --> Session: Class initialized using 'CodeIgniter\Session\Handlers\FileHandler' driver.
DEBUG - 2026-08-23 10:39:49 --> Session: Class initialized using 'CodeIgniter\Session\Handlers\FileHandler' driver.
DEBUG - 2026-08-23 10:40:19 --> Session: Class initialized using 'CodeIgniter\Session\Handlers\FileHandler' driver.
DEBUG - 2026-08-23 10:40:49 --> Session: Class initialized using 'CodeIgniter\Session\Handlers\FileHandler' driver.
DEBUG - 2026-08-23 10:41:19 --> Session: Class initialized using 'CodeIgniter\Session\Handlers\FileHandler' driver.
DEBUG - 2026-08-23 10:41:49 --> Session: Class initialized using 'CodeIgniter\Session\Handlers\FileHandler' driver.
DEBUG - 2026-08-23 10:42:19 --> Session: Class initialized using 'CodeIgniter\Session\Handlers\FileHandler' driver.
DEBUG - 2026-08-23 10:42:49 --> Session: Class initialized using 'CodeIgniter\Session\Handlers\FileHandler' driver.
DEBUG - 2026-08-23 10:43:19 --> Session: Class initialized using 'CodeIgniter\Session\Handlers\FileHandler' driver.
DEBUG - 2026-08-23 10:43:49 --> Session: Class initialized using 'CodeIgniter\Session\Handlers\FileHandler' driver.
DEBUG - 2026-08-23 10:44:19 --> Session: Class initialized using 'CodeIgniter\Session\Handlers\FileHandler' driver.
DEBUG - 2026-08-23 10:44:49 --> Session: Class initialized using 'CodeIgniter\Session\Handlers\FileHandler' driver.
DEBUG - 2026-08-23 10:45:19 --> Session: Class initialized using 'CodeIgniter\Session\Handlers\FileHandler' driver.
DEBUG - 2026-08-23 10:45:49 --> Session: Class initialized using 'CodeIgniter\Session\Handlers\FileHandler' driver.
DEBUG - 2026-08-23 10:46:19 --> Session: Class initialized using 'CodeIgniter\Session\Handlers\FileHandler' driver.
DEBUG - 2026-08-23 10:46:49 --> Session: Class initialized using 'CodeIgniter\Session\Handlers\FileHandler' driver.
DEBUG - 2026-08-23 10:47:19 --> Session: Class initialized using 'CodeIgniter\Session\Handlers\FileHandler' driver.
DEBUG - 2026-08-23 10:47:49 --> Session: Class initialized using 'CodeIgniter\Session\Handlers\FileHandler' driver.
DEBUG - 2026-08-23 10:48:19 --> Session: Class initialized using 'CodeIgniter\Session\Handlers\FileHandler' driver.
DEBUG - 2026-08-23 10:48:49 --> Session: Class initialized using 'CodeIgniter\Session\Handlers\FileHandler' driver.
DEBUG - 2026-08-23 10:49:19 --> Session: Class initialized using 'CodeIgniter\Session\Handlers\FileHandler' driver.
DEBUG - 2026-08-23 10:49:49 --> Session: Class initialized using 'CodeIgniter\Session\Handlers\FileHandler' driver.
DEBUG - 2026-08-23 10:50:19 --> Session: Class initialized using 'CodeIgniter\Session\Handlers\FileHandler' driver.
DEBUG - 2026-08-23 10:50:49 --> Session: Class initialized using 'CodeIgniter\Session\Handlers\FileHandler' driver.
DEBUG - 2026-08-23 10:51:19 --> Session: Class initialized using 'CodeIgniter\Session\Handlers\FileHandler' driver.
DEBUG - 2026-08-23 10:51:49 --> Session: Class initialized using 'CodeIgniter\Session\Handlers\FileHandler' driver.
DEBUG - 2026-08-23 10:52:19 --> Session: Class initialized using 'CodeIgniter\Session\Handlers\FileHandler' driver.
DEBUG - 2026-08-23 10:52:49 --> Session: Class initialized using 'CodeIgniter\Session\Handlers\FileHandler' driver.
DEBUG - 2026-08-23 10:53:19 --> Session: Class initialized using 'CodeIgniter\Session\Handlers\FileHandler' driver.
DEBUG - 2026-08-23 10:53:49 --> Session: Class initialized using 'CodeIgniter\Session\Handlers\FileHandler' driver.
DEBUG - 2026-08-23 10:54:19 --> Session: Class initialized using 'CodeIgniter\Session\Handlers\FileHandler' driver.
DEBUG - 2026-08-23 10:54:49 --> Session: Class initialized using 'CodeIgniter\Session\Handlers\FileHandler' driver.
DEBUG - 2026-08-23 10:55:19 --> Session: Class initialized using 'CodeIgniter\Session\Handlers\FileHandler' driver.
DEBUG - 2026-08-23 10:55:49 --> Session: Class initialized using 'CodeIgniter\Session\Handlers\FileHandler' driver.
DEBUG - 2026-08-23 10:56:19 --> Session: Class initialized using 'CodeIgniter\Session\Handlers\FileHandler' driver.
DEBUG - 2026-08-23 10:56:49 --> Session: Class initialized using 'CodeIgniter\Session\Handlers\FileHandler' driver.
DEBUG - 2026-08-23 10:57:19 --> Session: Class initialized using 'CodeIgniter\Session\Handlers\FileHandler' driver.
DEBUG - 2026-08-23 10:57:49 --> Session: Class initialized using 'CodeIgniter\Session\Handlers\FileHandler' driver.
DEBUG - 2026-08-23 10:58:19 --> Session: Class initialized using 'CodeIgniter\Session\Handlers\FileHandler' driver.
DEBUG - 2026-08-23 10:58:49 --> Session: Class initialized using 'CodeIgniter\Session\Handlers\FileHandler' driver.
DEBUG - 2026-08-23 10:59:19 --> Session: Class initialized using 'CodeIgniter\Session\Handlers\FileHandler' driver.
DEBUG - 2026-08-23 10:59:49 --> Session: Class initialized using 'CodeIgniter\Session\Handlers\FileHandler' driver.
DEBUG - 2026-08-23 11:00:19 --> Session: Class initialized using 'CodeIgniter\Session\Handlers\FileHandler' driver.
DEBUG - 2026-08-23 11:00:49 --> Session: Class initialized using 'CodeIgniter\Session\Handlers\FileHandler' driver.
DEBUG - 2026-08-23 11:01:19 --> Session: Class initialized using 'CodeIgniter\Session\Handlers\FileHandler' driver.
DEBUG - 2026-08-23 11:01:22 --> Session: Class initialized using 'CodeIgniter\Session\Handlers\FileHandler' driver.
DEBUG - 2026-08-23 11:01:23 --> Session: Class initialized using 'CodeIgniter\Session\Handlers\FileHandler' driver.
DEBUG - 2026-08-23 11:01:30 --> Session: Class initialized using 'CodeIgniter\Session\Handlers\FileHandler' driver.
DEBUG - 2026-08-23 11:01:31 --> Session: Class initialized using 'CodeIgniter\Session\Handlers\FileHandler' driver.
DEBUG - 2026-08-23 11:01:33 --> Session: Class initialized using 'CodeIgniter\Session\Handlers\FileHandler' driver.
DEBUG - 2026-08-23 11:01:34 --> Session: Class initialized using 'CodeIgniter\Session\Handlers\FileHandler' driver.
DEBUG - 2026-08-23 11:01:38 --> Session: Class initialized using 'CodeIgniter\Session\Handlers\FileHandler' driver.
DEBUG - 2026-08-23 11:01:39 --> Session: Class initialized using 'CodeIgniter\Session\Handlers\FileHandler' driver.
DEBUG - 2026-08-23 11:01:53 --> Session: Class initialized using 'CodeIgniter\Session\Handlers\FileHandler' driver.
DEBUG - 2026-08-23 11:01:54 --> Session: Class initialized using 'CodeIgniter\Session\Handlers\FileHandler' driver.
DEBUG - 2026-08-23 11:02:00 --> Session: Class initialized using 'CodeIgniter\Session\Handlers\FileHandler' driver.
DEBUG - 2026-08-23 11:02:01 --> Session: Class initialized using 'CodeIgniter\Session\Handlers\FileHandler' driver.
DEBUG - 2026-08-23 11:02:31 --> Session: Class initialized using 'CodeIgniter\Session\Handlers\FileHandler' driver.
DEBUG - 2026-08-23 11:02:33 --> Session: Class initialized using 'CodeIgniter\Session\Handlers\FileHandler' driver.
DEBUG - 2026-08-23 11:03:01 --> Session: Class initialized using 'CodeIgniter\Session\Handlers\FileHandler' driver.
DEBUG - 2026-08-23 11:03:05 --> Session: Class initialized using 'CodeIgniter\Session\Handlers\FileHandler' driver.
DEBUG - 2026-08-23 11:03:31 --> Session: Class initialized using 'CodeIgniter\Session\Handlers\FileHandler' driver.
DEBUG - 2026-08-23 11:03:35 --> Session: Class initialized using 'CodeIgniter\Session\Handlers\FileHandler' driver.
DEBUG - 2026-08-23 11:04:01 --> Session: Class initialized using 'CodeIgniter\Session\Handlers\FileHandler' driver.
DEBUG - 2026-08-23 11:04:03 --> Session: Class initialized using 'CodeIgniter\Session\Handlers\FileHandler' driver.
DEBUG - 2026-08-23 11:04:31 --> Session: Class initialized using 'CodeIgniter\Session\Handlers\FileHandler' driver.
DEBUG - 2026-08-23 11:04:34 --> Session: Class initialized using 'CodeIgniter\Session\Handlers\FileHandler' driver.
DEBUG - 2026-08-23 11:05:01 --> Session: Class initialized using 'CodeIgniter\Session\Handlers\FileHandler' driver.
DEBUG - 2026-08-23 11:05:31 --> Session: Class initialized using 'CodeIgniter\Session\Handlers\FileHandler' driver.
DEBUG - 2026-08-23 11:05:49 --> Session: Class initialized using 'CodeIgniter\Session\Handlers\FileHandler' driver.
DEBUG - 2026-08-23 11:05:50 --> Session: Class initialized using 'CodeIgniter\Session\Handlers\FileHandler' driver.
DEBUG - 2026-08-23 11:05:51 --> Session: Class initialized using 'CodeIgniter\Session\Handlers\FileHandler' driver.
DEBUG - 2026-08-23 11:06:21 --> Session: Class initialized using 'CodeIgniter\Session\Handlers\FileHandler' driver.
DEBUG - 2026-08-23 11:06:24 --> Session: Class initialized using 'CodeIgniter\Session\Handlers\FileHandler' driver.
DEBUG - 2026-08-23 11:06:29 --> Session: Class initialized using 'CodeIgniter\Session\Handlers\FileHandler' driver.
DEBUG - 2026-08-23 11:06:30 --> Session: Class initialized using 'CodeIgniter\Session\Handlers\FileHandler' driver.
DEBUG - 2026-08-23 11:07:00 --> Session: Class initialized using 'CodeIgniter\Session\Handlers\FileHandler' driver.
DEBUG - 2026-08-23 11:07:03 --> Session: Class initialized using 'CodeIgniter\Session\Handlers\FileHandler' driver.
DEBUG - 2026-08-23 11:07:30 --> Session: Class initialized using 'CodeIgniter\Session\Handlers\FileHandler' driver.
DEBUG - 2026-08-23 11:07:37 --> Session: Class initialized using 'CodeIgniter\Session\Handlers\FileHandler' driver.
DEBUG - 2026-08-23 11:08:00 --> Session: Class initialized using 'CodeIgniter\Session\Handlers\FileHandler' driver.
DEBUG - 2026-08-23 11:08:07 --> Session: Class initialized using 'CodeIgniter\Session\Handlers\FileHandler' driver.
DEBUG - 2026-08-23 11:08:10 --> Session: Class initialized using 'CodeIgniter\Session\Handlers\FileHandler' driver.
DEBUG - 2026-08-23 11:08:11 --> Session: Class initialized using 'CodeIgniter\Session\Handlers\FileHandler' driver.
DEBUG - 2026-08-23 11:08:18 --> Session: Class initialized using 'CodeIgniter\Session\Handlers\FileHandler' driver.
DEBUG - 2026-08-23 11:08:19 --> Session: Class initialized using 'CodeIgniter\Session\Handlers\FileHandler' driver.
DEBUG - 2026-08-23 11:08:49 --> Session: Class initialized using 'CodeIgniter\Session\Handlers\FileHandler' driver.
DEBUG - 2026-08-23 11:08:52 --> Session: Class initialized using 'CodeIgniter\Session\Handlers\FileHandler' driver.
DEBUG - 2026-08-23 11:09:07 --> Session: Class initialized using 'CodeIgniter\Session\Handlers\FileHandler' driver.
DEBUG - 2026-08-23 11:09:08 --> Session: Class initialized using 'CodeIgniter\Session\Handlers\FileHandler' driver.
DEBUG - 2026-08-23 11:09:17 --> Session: Class initialized using 'CodeIgniter\Session\Handlers\FileHandler' driver.
DEBUG - 2026-08-23 11:09:19 --> Session: Class initialized using 'CodeIgniter\Session\Handlers\FileHandler' driver.
DEBUG - 2026-08-23 11:09:49 --> Session: Class initialized using 'CodeIgniter\Session\Handlers\FileHandler' driver.
DEBUG - 2026-08-23 11:09:51 --> Session: Class initialized using 'CodeIgniter\Session\Handlers\FileHandler' driver.
DEBUG - 2026-08-23 11:10:19 --> Session: Class initialized using 'CodeIgniter\Session\Handlers\FileHandler' driver.
DEBUG - 2026-08-23 11:10:21 --> Session: Class initialized using 'CodeIgniter\Session\Handlers\FileHandler' driver.
DEBUG - 2026-08-23 11:10:46 --> Session: Class initialized using 'CodeIgniter\Session\Handlers\FileHandler' driver.
DEBUG - 2026-08-23 11:10:48 --> Session: Class initialized using 'CodeIgniter\Session\Handlers\FileHandler' driver.
DEBUG - 2026-08-23 11:11:18 --> Session: Class initialized using 'CodeIgniter\Session\Handlers\FileHandler' driver.
DEBUG - 2026-08-23 11:11:20 --> Session: Class initialized using 'CodeIgniter\Session\Handlers\FileHandler' driver.
DEBUG - 2026-08-23 11:11:48 --> Session: Class initialized using 'CodeIgniter\Session\Handlers\FileHandler' driver.
DEBUG - 2026-08-23 11:11:50 --> Session: Class initialized using 'CodeIgniter\Session\Handlers\FileHandler' driver.
DEBUG - 2026-08-23 11:12:18 --> Session: Class initialized using 'CodeIgniter\Session\Handlers\FileHandler' driver.
DEBUG - 2026-08-23 11:12:20 --> Session: Class initialized using 'CodeIgniter\Session\Handlers\FileHandler' driver.
DEBUG - 2026-08-23 11:12:44 --> Session: Class initialized using 'CodeIgniter\Session\Handlers\FileHandler' driver.
DEBUG - 2026-08-23 11:12:46 --> Session: Class initialized using 'CodeIgniter\Session\Handlers\FileHandler' driver.
DEBUG - 2026-08-23 11:13:16 --> Session: Class initialized using 'CodeIgniter\Session\Handlers\FileHandler' driver.
DEBUG - 2026-08-23 11:13:46 --> Session: Class initialized using 'CodeIgniter\Session\Handlers\FileHandler' driver.
DEBUG - 2026-08-23 11:14:16 --> Session: Class initialized using 'CodeIgniter\Session\Handlers\FileHandler' driver.
DEBUG - 2026-08-23 11:14:46 --> Session: Class initialized using 'CodeIgniter\Session\Handlers\FileHandler' driver.
DEBUG - 2026-08-23 11:15:08 --> Session: Class initialized using 'CodeIgniter\Session\Handlers\FileHandler' driver.
DEBUG - 2026-08-23 11:15:09 --> Session: Class initialized using 'CodeIgniter\Session\Handlers\FileHandler' driver.
DEBUG - 2026-08-23 11:15:39 --> Session: Class initialized using 'CodeIgniter\Session\Handlers\FileHandler' driver.
DEBUG - 2026-08-23 11:15:42 --> Session: Class initialized using 'CodeIgniter\Session\Handlers\FileHandler' driver.
DEBUG - 2026-08-23 11:16:09 --> Session: Class initialized using 'CodeIgniter\Session\Handlers\FileHandler' driver.
DEBUG - 2026-08-23 11:16:39 --> Session: Class initialized using 'CodeIgniter\Session\Handlers\FileHandler' driver.
DEBUG - 2026-08-23 11:16:46 --> Session: Class initialized using 'CodeIgniter\Session\Handlers\FileHandler' driver.
DEBUG - 2026-08-23 11:16:48 --> Session: Class initialized using 'CodeIgniter\Session\Handlers\FileHandler' driver.
DEBUG - 2026-08-23 11:17:18 --> Session: Class initialized using 'CodeIgniter\Session\Handlers\FileHandler' driver.
DEBUG - 2026-08-23 11:17:20 --> Session: Class initialized using 'CodeIgniter\Session\Handlers\FileHandler' driver.
DEBUG - 2026-08-23 11:17:48 --> Session: Class initialized using 'CodeIgniter\Session\Handlers\FileHandler' driver.
DEBUG - 2026-08-23 11:17:50 --> Session: Class initialized using 'CodeIgniter\Session\Handlers\FileHandler' driver.
DEBUG - 2026-08-23 11:18:18 --> Session: Class initialized using 'CodeIgniter\Session\Handlers\FileHandler' driver.
DEBUG - 2026-08-23 11:18:39 --> Session: Class initialized using 'CodeIgniter\Session\Handlers\FileHandler' driver.
DEBUG - 2026-08-23 11:18:48 --> Session: Class initialized using 'CodeIgniter\Session\Handlers\FileHandler' driver.
DEBUG - 2026-08-23 11:19:09 --> Session: Class initialized using 'CodeIgniter\Session\Handlers\FileHandler' driver.
DEBUG - 2026-08-23 11:19:12 --> Session: Class initialized using 'CodeIgniter\Session\Handlers\FileHandler' driver.
DEBUG - 2026-08-23 11:19:13 --> Session: Class initialized using 'CodeIgniter\Session\Handlers\FileHandler' driver.
DEBUG - 2026-08-23 11:19:43 --> Session: Class initialized using 'CodeIgniter\Session\Handlers\FileHandler' driver.
DEBUG - 2026-08-23 11:19:46 --> Session: Class initialized using 'CodeIgniter\Session\Handlers\FileHandler' driver.
DEBUG - 2026-08-23 11:19:51 --> Session: Class initialized using 'CodeIgniter\Session\Handlers\FileHandler' driver.
DEBUG - 2026-08-23 11:19:53 --> Session: Class initialized using 'CodeIgniter\Session\Handlers\FileHandler' driver.
DEBUG - 2026-08-23 11:19:57 --> Session: Class initialized using 'CodeIgniter\Session\Handlers\FileHandler' driver.
DEBUG - 2026-08-23 11:19:58 --> Session: Class initialized using 'CodeIgniter\Session\Handlers\FileHandler' driver.
DEBUG - 2026-08-23 11:20:01 --> Session: Class initialized using 'CodeIgniter\Session\Handlers\FileHandler' driver.
INFO - 2026-08-23 11:20:01 --> CSRF token verified.
DEBUG - 2026-08-23 11:20:04 --> Session: Class initialized using 'CodeIgniter\Session\Handlers\FileHandler' driver.
DEBUG - 2026-08-23 11:20:05 --> Session: Class initialized using 'CodeIgniter\Session\Handlers\FileHandler' driver.
DEBUG - 2026-08-23 11:20:06 --> Session: Class initialized using 'CodeIgniter\Session\Handlers\FileHandler' driver.
DEBUG - 2026-08-23 11:20:36 --> Session: Class initialized using 'CodeIgniter\Session\Handlers\FileHandler' driver.
DEBUG - 2026-08-23 11:20:39 --> Session: Class initialized using 'CodeIgniter\Session\Handlers\FileHandler' driver.
DEBUG - 2026-08-23 11:20:40 --> Session: Class initialized using 'CodeIgniter\Session\Handlers\FileHandler' driver.
DEBUG - 2026-08-23 11:20:41 --> Session: Class initialized using 'CodeIgniter\Session\Handlers\FileHandler' driver.
DEBUG - 2026-08-23 11:21:31 --> Session: Class initialized using 'CodeIgniter\Session\Handlers\FileHandler' driver.
DEBUG - 2026-08-23 11:21:32 --> Session: Class initialized using 'CodeIgniter\Session\Handlers\FileHandler' driver.
DEBUG - 2026-08-23 11:21:34 --> Session: Class initialized using 'CodeIgniter\Session\Handlers\FileHandler' driver.
DEBUG - 2026-08-23 11:21:35 --> Session: Class initialized using 'CodeIgniter\Session\Handlers\FileHandler' driver.
DEBUG - 2026-08-23 11:22:04 --> Session: Class initialized using 'CodeIgniter\Session\Handlers\FileHandler' driver.
DEBUG - 2026-08-23 11:22:06 --> Session: Class initialized using 'CodeIgniter\Session\Handlers\FileHandler' driver.
DEBUG - 2026-08-23 11:22:09 --> Session: Class initialized using 'CodeIgniter\Session\Handlers\FileHandler' driver.
DEBUG - 2026-08-23 11:22:12 --> Session: Class initialized using 'CodeIgniter\Session\Handlers\FileHandler' driver.
DEBUG - 2026-08-23 11:22:14 --> Session: Class initialized using 'CodeIgniter\Session\Handlers\FileHandler' driver.
DEBUG - 2026-08-23 11:22:35 --> Session: Class initialized using 'CodeIgniter\Session\Handlers\FileHandler' driver.
DEBUG - 2026-08-23 11:22:36 --> Session: Class initialized using 'CodeIgniter\Session\Handlers\FileHandler' driver.
DEBUG - 2026-08-23 11:22:40 --> Session: Class initialized using 'CodeIgniter\Session\Handlers\FileHandler' driver.
DEBUG - 2026-08-23 11:22:41 --> Session: Class initialized using 'CodeIgniter\Session\Handlers\FileHandler' driver.
DEBUG - 2026-08-23 11:23:12 --> Session: Class initialized using 'CodeIgniter\Session\Handlers\FileHandler' driver.
DEBUG - 2026-08-23 11:23:41 --> Session: Class initialized using 'CodeIgniter\Session\Handlers\FileHandler' driver.
DEBUG - 2026-08-23 11:24:11 --> Session: Class initialized using 'CodeIgniter\Session\Handlers\FileHandler' driver.
DEBUG - 2026-08-23 11:24:41 --> Session: Class initialized using 'CodeIgniter\Session\Handlers\FileHandler' driver.
DEBUG - 2026-08-23 11:24:52 --> Session: Class initialized using 'CodeIgniter\Session\Handlers\FileHandler' driver.
DEBUG - 2026-08-23 11:24:54 --> Session: Class initialized using 'CodeIgniter\Session\Handlers\FileHandler' driver.
DEBUG - 2026-08-23 11:25:06 --> Session: Class initialized using 'CodeIgniter\Session\Handlers\FileHandler' driver.
DEBUG - 2026-08-23 11:25:07 --> Session: Class initialized using 'CodeIgniter\Session\Handlers\FileHandler' driver.
DEBUG - 2026-08-23 11:25:37 --> Session: Class initialized using 'CodeIgniter\Session\Handlers\FileHandler' driver.
DEBUG - 2026-08-23 11:25:52 --> Session: Class initialized using 'CodeIgniter\Session\Handlers\FileHandler' driver.
DEBUG - 2026-08-23 11:25:53 --> Session: Class initialized using 'CodeIgniter\Session\Handlers\FileHandler' driver.
DEBUG - 2026-08-23 11:26:23 --> Session: Class initialized using 'CodeIgniter\Session\Handlers\FileHandler' driver.
DEBUG - 2026-08-23 11:26:53 --> Session: Class initialized using 'CodeIgniter\Session\Handlers\FileHandler' driver.
DEBUG - 2026-08-23 11:27:23 --> Session: Class initialized using 'CodeIgniter\Session\Handlers\FileHandler' driver.
DEBUG - 2026-08-23 11:27:53 --> Session: Class initialized using 'CodeIgniter\Session\Handlers\FileHandler' driver.
DEBUG - 2026-08-23 11:28:23 --> Session: Class initialized using 'CodeIgniter\Session\Handlers\FileHandler' driver.
DEBUG - 2026-08-23 11:28:53 --> Session: Class initialized using 'CodeIgniter\Session\Handlers\FileHandler' driver.
DEBUG - 2026-08-23 11:29:23 --> Session: Class initialized using 'CodeIgniter\Session\Handlers\FileHandler' driver.
DEBUG - 2026-08-23 11:29:33 --> Session: Class initialized using 'CodeIgniter\Session\Handlers\FileHandler' driver.
DEBUG - 2026-08-23 11:29:34 --> Session: Class initialized using 'CodeIgniter\Session\Handlers\FileHandler' driver.
DEBUG - 2026-08-23 11:30:04 --> Session: Class initialized using 'CodeIgniter\Session\Handlers\FileHandler' driver.
DEBUG - 2026-08-23 11:30:34 --> Session: Class initialized using 'CodeIgniter\Session\Handlers\FileHandler' driver.
DEBUG - 2026-08-23 11:31:04 --> Session: Class initialized using 'CodeIgniter\Session\Handlers\FileHandler' driver.
DEBUG - 2026-08-23 11:31:34 --> Session: Class initialized using 'CodeIgniter\Session\Handlers\FileHandler' driver.
DEBUG - 2026-08-23 11:31:54 --> Session: Class initialized using 'CodeIgniter\Session\Handlers\FileHandler' driver.
INFO - 2026-08-23 11:31:54 --> CSRF token verified.
DEBUG - 2026-08-23 11:31:55 --> Session: Class initialized using 'CodeIgniter\Session\Handlers\FileHandler' driver.
DEBUG - 2026-08-23 11:31:56 --> Session: Class initialized using 'CodeIgniter\Session\Handlers\FileHandler' driver.
DEBUG - 2026-08-23 11:32:27 --> Session: Class initialized using 'CodeIgniter\Session\Handlers\FileHandler' driver.
DEBUG - 2026-08-23 11:32:49 --> Session: Class initialized using 'CodeIgniter\Session\Handlers\FileHandler' driver.
DEBUG - 2026-08-23 11:32:50 --> Session: Class initialized using 'CodeIgniter\Session\Handlers\FileHandler' driver.
DEBUG - 2026-08-23 11:33:20 --> Session: Class initialized using 'CodeIgniter\Session\Handlers\FileHandler' driver.
DEBUG - 2026-08-23 11:33:50 --> Session: Class initialized using 'CodeIgniter\Session\Handlers\FileHandler' driver.
DEBUG - 2026-08-23 11:34:20 --> Session: Class initialized using 'CodeIgniter\Session\Handlers\FileHandler' driver.
DEBUG - 2026-08-23 11:34:50 --> Session: Class initialized using 'CodeIgniter\Session\Handlers\FileHandler' driver.
DEBUG - 2026-08-23 11:35:20 --> Session: Class initialized using 'CodeIgniter\Session\Handlers\FileHandler' driver.
DEBUG - 2026-08-23 11:35:50 --> Session: Class initialized using 'CodeIgniter\Session\Handlers\FileHandler' driver.
DEBUG - 2026-08-23 11:36:20 --> Session: Class initialized using 'CodeIgniter\Session\Handlers\FileHandler' driver.
DEBUG - 2026-08-23 11:37:18 --> Session: Class initialized using 'CodeIgniter\Session\Handlers\FileHandler' driver.
DEBUG - 2026-08-23 11:37:24 --> Session: Class initialized using 'CodeIgniter\Session\Handlers\FileHandler' driver.
DEBUG - 2026-08-23 11:37:26 --> Session: Class initialized using 'CodeIgniter\Session\Handlers\FileHandler' driver.
DEBUG - 2026-08-23 11:37:27 --> Session: Class initialized using 'CodeIgniter\Session\Handlers\FileHandler' driver.
DEBUG - 2026-08-23 11:37:51 --> Session: Class initialized using 'CodeIgniter\Session\Handlers\FileHandler' driver.
DEBUG - 2026-08-23 11:37:52 --> Session: Class initialized using 'CodeIgniter\Session\Handlers\FileHandler' driver.
DEBUG - 2026-08-23 11:38:22 --> Session: Class initialized using 'CodeIgniter\Session\Handlers\FileHandler' driver.
DEBUG - 2026-08-23 11:38:52 --> Session: Class initialized using 'CodeIgniter\Session\Handlers\FileHandler' driver.
DEBUG - 2026-08-23 11:38:54 --> Session: Class initialized using 'CodeIgniter\Session\Handlers\FileHandler' driver.
INFO - 2026-08-23 11:38:54 --> CSRF token verified.
DEBUG - 2026-08-23 11:38:55 --> Session: Class initialized using 'CodeIgniter\Session\Handlers\FileHandler' driver.
DEBUG - 2026-08-23 11:38:56 --> Session: Class initialized using 'CodeIgniter\Session\Handlers\FileHandler' driver.
DEBUG - 2026-08-23 11:39:17 --> Session: Class initialized using 'CodeIgniter\Session\Handlers\FileHandler' driver.
INFO - 2026-08-23 11:39:17 --> CSRF token verified.
DEBUG - 2026-08-23 11:39:17 --> Session: Class initialized using 'CodeIgniter\Session\Handlers\FileHandler' driver.
DEBUG - 2026-08-23 11:39:19 --> Session: Class initialized using 'CodeIgniter\Session\Handlers\FileHandler' driver.
DEBUG - 2026-08-23 11:39:49 --> Session: Class initialized using 'CodeIgniter\Session\Handlers\FileHandler' driver.
DEBUG - 2026-08-23 11:40:19 --> Session: Class initialized using 'CodeIgniter\Session\Handlers\FileHandler' driver.
DEBUG - 2026-08-23 11:40:49 --> Session: Class initialized using 'CodeIgniter\Session\Handlers\FileHandler' driver.
DEBUG - 2026-08-23 11:41:19 --> Session: Class initialized using 'CodeIgniter\Session\Handlers\FileHandler' driver.
DEBUG - 2026-08-23 11:41:49 --> Session: Class initialized using 'CodeIgniter\Session\Handlers\FileHandler' driver.
DEBUG - 2026-08-23 11:42:19 --> Session: Class initialized using 'CodeIgniter\Session\Handlers\FileHandler' driver.
DEBUG - 2026-08-23 11:42:25 --> Session: Class initialized using 'CodeIgniter\Session\Handlers\FileHandler' driver.
INFO - 2026-08-23 11:42:25 --> CSRF token verified.
DEBUG - 2026-08-23 11:42:26 --> Session: Class initialized using 'CodeIgniter\Session\Handlers\FileHandler' driver.
DEBUG - 2026-08-23 11:42:27 --> Session: Class initialized using 'CodeIgniter\Session\Handlers\FileHandler' driver.
DEBUG - 2026-08-23 11:42:57 --> Session: Class initialized using 'CodeIgniter\Session\Handlers\FileHandler' driver.
DEBUG - 2026-08-23 11:43:27 --> Session: Class initialized using 'CodeIgniter\Session\Handlers\FileHandler' driver.
DEBUG - 2026-08-23 11:43:42 --> Session: Class initialized using 'CodeIgniter\Session\Handlers\FileHandler' driver.
DEBUG - 2026-08-23 11:43:43 --> Session: Class initialized using 'CodeIgniter\Session\Handlers\FileHandler' driver.
DEBUG - 2026-08-23 11:43:51 --> Session: Class initialized using 'CodeIgniter\Session\Handlers\FileHandler' driver.
INFO - 2026-08-23 11:43:51 --> CSRF token verified.
DEBUG - 2026-08-23 11:43:52 --> Session: Class initialized using 'CodeIgniter\Session\Handlers\FileHandler' driver.
DEBUG - 2026-08-23 11:43:54 --> Session: Class initialized using 'CodeIgniter\Session\Handlers\FileHandler' driver.
DEBUG - 2026-08-23 11:44:13 --> Session: Class initialized using 'CodeIgniter\Session\Handlers\FileHandler' driver.
DEBUG - 2026-08-23 11:44:14 --> Session: Class initialized using 'CodeIgniter\Session\Handlers\FileHandler' driver.
DEBUG - 2026-08-23 11:44:40 --> Session: Class initialized using 'CodeIgniter\Session\Handlers\FileHandler' driver.
DEBUG - 2026-08-23 11:44:41 --> Session: Class initialized using 'CodeIgniter\Session\Handlers\FileHandler' driver.
DEBUG - 2026-08-23 11:45:11 --> Session: Class initialized using 'CodeIgniter\Session\Handlers\FileHandler' driver.
DEBUG - 2026-08-23 11:45:16 --> Session: Class initialized using 'CodeIgniter\Session\Handlers\FileHandler' driver.
DEBUG - 2026-08-23 11:45:17 --> Session: Class initialized using 'CodeIgniter\Session\Handlers\FileHandler' driver.
DEBUG - 2026-08-23 11:45:20 --> Session: Class initialized using 'CodeIgniter\Session\Handlers\FileHandler' driver.
INFO - 2026-08-23 11:45:20 --> CSRF token verified.
DEBUG - 2026-08-23 11:45:21 --> Session: Class initialized using 'CodeIgniter\Session\Handlers\FileHandler' driver.
DEBUG - 2026-08-23 11:45:22 --> Session: Class initialized using 'CodeIgniter\Session\Handlers\FileHandler' driver.
DEBUG - 2026-08-23 11:45:52 --> Session: Class initialized using 'CodeIgniter\Session\Handlers\FileHandler' driver.
DEBUG - 2026-08-23 11:46:22 --> Session: Class initialized using 'CodeIgniter\Session\Handlers\FileHandler' driver.
DEBUG - 2026-08-23 11:46:42 --> Session: Class initialized using 'CodeIgniter\Session\Handlers\FileHandler' driver.
DEBUG - 2026-08-23 11:46:43 --> Session: Class initialized using 'CodeIgniter\Session\Handlers\FileHandler' driver.
DEBUG - 2026-08-23 11:46:46 --> Session: Class initialized using 'CodeIgniter\Session\Handlers\FileHandler' driver.
INFO - 2026-08-23 11:46:46 --> CSRF token verified.
DEBUG - 2026-08-23 11:46:47 --> Session: Class initialized using 'CodeIgniter\Session\Handlers\FileHandler' driver.
DEBUG - 2026-08-23 11:46:48 --> Session: Class initialized using 'CodeIgniter\Session\Handlers\FileHandler' driver.
DEBUG - 2026-08-23 11:47:18 --> Session: Class initialized using 'CodeIgniter\Session\Handlers\FileHandler' driver.
DEBUG - 2026-08-23 11:47:46 --> Session: Class initialized using 'CodeIgniter\Session\Handlers\FileHandler' driver.
DEBUG - 2026-08-23 11:47:46 --> Session: Class initialized using 'CodeIgniter\Session\Handlers\FileHandler' driver.
DEBUG - 2026-08-23 11:47:48 --> Session: Class initialized using 'CodeIgniter\Session\Handlers\FileHandler' driver.
DEBUG - 2026-08-23 11:48:18 --> Session: Class initialized using 'CodeIgniter\Session\Handlers\FileHandler' driver.
INFO - 2026-08-23 11:48:21 --> CSRF token verified.
DEBUG - 2026-08-23 11:48:22 --> Session: Class initialized using 'CodeIgniter\Session\Handlers\FileHandler' driver.
DEBUG - 2026-08-23 11:48:22 --> Session: Class initialized using 'CodeIgniter\Session\Handlers\FileHandler' driver.
DEBUG - 2026-08-23 11:48:48 --> Session: Class initialized using 'CodeIgniter\Session\Handlers\FileHandler' driver.
INFO - 2026-08-23 11:49:13 --> CSRF token verified.
DEBUG - 2026-08-23 11:49:14 --> Session: Class initialized using 'CodeIgniter\Session\Handlers\FileHandler' driver.
DEBUG - 2026-08-23 11:49:14 --> Session: Class initialized using 'CodeIgniter\Session\Handlers\FileHandler' driver.
DEBUG - 2026-08-23 11:49:15 --> Session: Class initialized using 'CodeIgniter\Session\Handlers\FileHandler' driver.
DEBUG - 2026-08-23 11:49:18 --> Session: Class initialized using 'CodeIgniter\Session\Handlers\FileHandler' driver.
DEBUG - 2026-08-23 11:49:23 --> Session: Class initialized using 'CodeIgniter\Session\Handlers\FileHandler' driver.
DEBUG - 2026-08-23 11:49:24 --> Session: Class initialized using 'CodeIgniter\Session\Handlers\FileHandler' driver.
DEBUG - 2026-08-23 11:49:48 --> Session: Class initialized using 'CodeIgniter\Session\Handlers\FileHandler' driver.
DEBUG - 2026-08-23 11:49:54 --> Session: Class initialized using 'CodeIgniter\Session\Handlers\FileHandler' driver.
DEBUG - 2026-08-23 11:50:02 --> Session: Class initialized using 'CodeIgniter\Session\Handlers\FileHandler' driver.
INFO - 2026-08-23 11:50:02 --> CSRF token verified.
DEBUG - 2026-08-23 11:50:02 --> Session: Class initialized using 'CodeIgniter\Session\Handlers\FileHandler' driver.
DEBUG - 2026-08-23 11:50:04 --> Session: Class initialized using 'CodeIgniter\Session\Handlers\FileHandler' driver.
DEBUG - 2026-08-23 11:50:18 --> Session: Class initialized using 'CodeIgniter\Session\Handlers\FileHandler' driver.
DEBUG - 2026-08-23 11:50:31 --> Session: Class initialized using 'CodeIgniter\Session\Handlers\FileHandler' driver.
INFO - 2026-08-23 11:50:31 --> CSRF token verified.
DEBUG - 2026-08-23 11:50:31 --> Session: Class initialized using 'CodeIgniter\Session\Handlers\FileHandler' driver.
DEBUG - 2026-08-23 11:50:32 --> Session: Class initialized using 'CodeIgniter\Session\Handlers\FileHandler' driver.
DEBUG - 2026-08-23 11:50:48 --> Session: Class initialized using 'CodeIgniter\Session\Handlers\FileHandler' driver.
DEBUG - 2026-08-23 11:50:57 --> Session: Class initialized using 'CodeIgniter\Session\Handlers\FileHandler' driver.
INFO - 2026-08-23 11:50:57 --> CSRF token verified.
DEBUG - 2026-08-23 11:50:58 --> Session: Class initialized using 'CodeIgniter\Session\Handlers\FileHandler' driver.
DEBUG - 2026-08-23 11:50:59 --> Session: Class initialized using 'CodeIgniter\Session\Handlers\FileHandler' driver.
DEBUG - 2026-08-23 11:51:18 --> Session: Class initialized using 'CodeIgniter\Session\Handlers\FileHandler' driver.
DEBUG - 2026-08-23 11:51:29 --> Session: Class initialized using 'CodeIgniter\Session\Handlers\FileHandler' driver.
DEBUG - 2026-08-23 11:51:48 --> Session: Class initialized using 'CodeIgniter\Session\Handlers\FileHandler' driver.
DEBUG - 2026-08-23 11:51:59 --> Session: Class initialized using 'CodeIgniter\Session\Handlers\FileHandler' driver.
DEBUG - 2026-08-23 11:52:18 --> Session: Class initialized using 'CodeIgniter\Session\Handlers\FileHandler' driver.
DEBUG - 2026-08-23 11:52:29 --> Session: Class initialized using 'CodeIgniter\Session\Handlers\FileHandler' driver.
DEBUG - 2026-08-23 11:52:48 --> Session: Class initialized using 'CodeIgniter\Session\Handlers\FileHandler' driver.
DEBUG - 2026-08-23 11:52:59 --> Session: Class initialized using 'CodeIgniter\Session\Handlers\FileHandler' driver.
DEBUG - 2026-08-23 11:53:18 --> Session: Class initialized using 'CodeIgniter\Session\Handlers\FileHandler' driver.
DEBUG - 2026-08-23 11:53:29 --> Session: Class initialized using 'CodeIgniter\Session\Handlers\FileHandler' driver.
DEBUG - 2026-08-23 11:53:48 --> Session: Class initialized using 'CodeIgniter\Session\Handlers\FileHandler' driver.
DEBUG - 2026-08-23 11:53:59 --> Session: Class initialized using 'CodeIgniter\Session\Handlers\FileHandler' driver.
DEBUG - 2026-08-23 11:54:18 --> Session: Class initialized using 'CodeIgniter\Session\Handlers\FileHandler' driver.
DEBUG - 2026-08-23 11:54:29 --> Session: Class initialized using 'CodeIgniter\Session\Handlers\FileHandler' driver.
DEBUG - 2026-08-23 11:54:48 --> Session: Class initialized using 'CodeIgniter\Session\Handlers\FileHandler' driver.
DEBUG - 2026-08-23 11:54:59 --> Session: Class initialized using 'CodeIgniter\Session\Handlers\FileHandler' driver.
DEBUG - 2026-08-23 11:55:18 --> Session: Class initialized using 'CodeIgniter\Session\Handlers\FileHandler' driver.
DEBUG - 2026-08-23 11:55:29 --> Session: Class initialized using 'CodeIgniter\Session\Handlers\FileHandler' driver.
DEBUG - 2026-08-23 11:55:48 --> Session: Class initialized using 'CodeIgniter\Session\Handlers\FileHandler' driver.
DEBUG - 2026-08-23 11:55:59 --> Session: Class initialized using 'CodeIgniter\Session\Handlers\FileHandler' driver.
DEBUG - 2026-08-23 11:56:18 --> Session: Class initialized using 'CodeIgniter\Session\Handlers\FileHandler' driver.
DEBUG - 2026-08-23 11:56:29 --> Session: Class initialized using 'CodeIgniter\Session\Handlers\FileHandler' driver.
DEBUG - 2026-08-23 11:56:48 --> Session: Class initialized using 'CodeIgniter\Session\Handlers\FileHandler' driver.
DEBUG - 2026-08-23 11:56:59 --> Session: Class initialized using 'CodeIgniter\Session\Handlers\FileHandler' driver.
DEBUG - 2026-08-23 11:57:18 --> Session: Class initialized using 'CodeIgniter\Session\Handlers\FileHandler' driver.
DEBUG - 2026-08-23 11:57:29 --> Session: Class initialized using 'CodeIgniter\Session\Handlers\FileHandler' driver.
DEBUG - 2026-08-23 11:57:48 --> Session: Class initialized using 'CodeIgniter\Session\Handlers\FileHandler' driver.
DEBUG - 2026-08-23 11:57:59 --> Session: Class initialized using 'CodeIgniter\Session\Handlers\FileHandler' driver.
DEBUG - 2026-08-23 11:58:18 --> Session: Class initialized using 'CodeIgniter\Session\Handlers\FileHandler' driver.
DEBUG - 2026-08-23 11:58:29 --> Session: Class initialized using 'CodeIgniter\Session\Handlers\FileHandler' driver.
DEBUG - 2026-08-23 11:58:48 --> Session: Class initialized using 'CodeIgniter\Session\Handlers\FileHandler' driver.
DEBUG - 2026-08-23 11:58:59 --> Session: Class initialized using 'CodeIgniter\Session\Handlers\FileHandler' driver.
DEBUG - 2026-08-23 11:59:18 --> Session: Class initialized using 'CodeIgniter\Session\Handlers\FileHandler' driver.
DEBUG - 2026-08-23 11:59:29 --> Session: Class initialized using 'CodeIgniter\Session\Handlers\FileHandler' driver.
DEBUG - 2026-08-23 11:59:48 --> Session: Class initialized using 'CodeIgniter\Session\Handlers\FileHandler' driver.
DEBUG - 2026-08-23 11:59:59 --> Session: Class initialized using 'CodeIgniter\Session\Handlers\FileHandler' driver.
DEBUG - 2026-08-23 12:00:18 --> Session: Class initialized using 'CodeIgniter\Session\Handlers\FileHandler' driver.
DEBUG - 2026-08-23 12:00:29 --> Session: Class initialized using 'CodeIgniter\Session\Handlers\FileHandler' driver.
DEBUG - 2026-08-23 12:00:48 --> Session: Class initialized using 'CodeIgniter\Session\Handlers\FileHandler' driver.
DEBUG - 2026-08-23 12:00:59 --> Session: Class initialized using 'CodeIgniter\Session\Handlers\FileHandler' driver.
DEBUG - 2026-08-23 12:01:18 --> Session: Class initialized using 'CodeIgniter\Session\Handlers\FileHandler' driver.
DEBUG - 2026-08-23 12:01:29 --> Session: Class initialized using 'CodeIgniter\Session\Handlers\FileHandler' driver.
DEBUG - 2026-08-23 12:01:48 --> Session: Class initialized using 'CodeIgniter\Session\Handlers\FileHandler' driver.
DEBUG - 2026-08-23 12:01:59 --> Session: Class initialized using 'CodeIgniter\Session\Handlers\FileHandler' driver.
DEBUG - 2026-08-23 12:02:18 --> Session: Class initialized using 'CodeIgniter\Session\Handlers\FileHandler' driver.
DEBUG - 2026-08-23 12:02:29 --> Session: Class initialized using 'CodeIgniter\Session\Handlers\FileHandler' driver.
DEBUG - 2026-08-23 12:02:48 --> Session: Class initialized using 'CodeIgniter\Session\Handlers\FileHandler' driver.
DEBUG - 2026-08-23 12:02:59 --> Session: Class initialized using 'CodeIgniter\Session\Handlers\FileHandler' driver.
DEBUG - 2026-08-23 12:03:18 --> Session: Class initialized using 'CodeIgniter\Session\Handlers\FileHandler' driver.
DEBUG - 2026-08-23 12:03:29 --> Session: Class initialized using 'CodeIgniter\Session\Handlers\FileHandler' driver.
DEBUG - 2026-08-23 12:03:48 --> Session: Class initialized using 'CodeIgniter\Session\Handlers\FileHandler' driver.
DEBUG - 2026-08-23 12:03:59 --> Session: Class initialized using 'CodeIgniter\Session\Handlers\FileHandler' driver.
DEBUG - 2026-08-23 12:04:18 --> Session: Class initialized using 'CodeIgniter\Session\Handlers\FileHandler' driver.
DEBUG - 2026-08-23 12:04:29 --> Session: Class initialized using 'CodeIgniter\Session\Handlers\FileHandler' driver.
DEBUG - 2026-08-23 12:04:48 --> Session: Class initialized using 'CodeIgniter\Session\Handlers\FileHandler' driver.
DEBUG - 2026-08-23 12:04:59 --> Session: Class initialized using 'CodeIgniter\Session\Handlers\FileHandler' driver.
DEBUG - 2026-08-23 12:05:18 --> Session: Class initialized using 'CodeIgniter\Session\Handlers\FileHandler' driver.
DEBUG - 2026-08-23 12:05:29 --> Session: Class initialized using 'CodeIgniter\Session\Handlers\FileHandler' driver.
DEBUG - 2026-08-23 12:05:48 --> Session: Class initialized using 'CodeIgniter\Session\Handlers\FileHandler' driver.
DEBUG - 2026-08-23 12:05:59 --> Session: Class initialized using 'CodeIgniter\Session\Handlers\FileHandler' driver.
DEBUG - 2026-08-23 12:06:18 --> Session: Class initialized using 'CodeIgniter\Session\Handlers\FileHandler' driver.
DEBUG - 2026-08-23 12:06:29 --> Session: Class initialized using 'CodeIgniter\Session\Handlers\FileHandler' driver.
DEBUG - 2026-08-23 12:06:48 --> Session: Class initialized using 'CodeIgniter\Session\Handlers\FileHandler' driver.
DEBUG - 2026-08-23 12:06:59 --> Session: Class initialized using 'CodeIgniter\Session\Handlers\FileHandler' driver.
DEBUG - 2026-08-23 12:07:18 --> Session: Class initialized using 'CodeIgniter\Session\Handlers\FileHandler' driver.
DEBUG - 2026-08-23 12:07:29 --> Session: Class initialized using 'CodeIgniter\Session\Handlers\FileHandler' driver.
DEBUG - 2026-08-23 12:07:48 --> Session: Class initialized using 'CodeIgniter\Session\Handlers\FileHandler' driver.
DEBUG - 2026-08-23 12:07:59 --> Session: Class initialized using 'CodeIgniter\Session\Handlers\FileHandler' driver.
DEBUG - 2026-08-23 12:08:18 --> Session: Class initialized using 'CodeIgniter\Session\Handlers\FileHandler' driver.
DEBUG - 2026-08-23 12:08:29 --> Session: Class initialized using 'CodeIgniter\Session\Handlers\FileHandler' driver.
DEBUG - 2026-08-23 12:08:48 --> Session: Class initialized using 'CodeIgniter\Session\Handlers\FileHandler' driver.
DEBUG - 2026-08-23 12:08:59 --> Session: Class initialized using 'CodeIgniter\Session\Handlers\FileHandler' driver.
DEBUG - 2026-08-23 12:09:18 --> Session: Class initialized using 'CodeIgniter\Session\Handlers\FileHandler' driver.
DEBUG - 2026-08-23 12:09:29 --> Session: Class initialized using 'CodeIgniter\Session\Handlers\FileHandler' driver.
DEBUG - 2026-08-23 12:09:48 --> Session: Class initialized using 'CodeIgniter\Session\Handlers\FileHandler' driver.
DEBUG - 2026-08-23 12:09:59 --> Session: Class initialized using 'CodeIgniter\Session\Handlers\FileHandler' driver.
DEBUG - 2026-08-23 12:10:18 --> Session: Class initialized using 'CodeIgniter\Session\Handlers\FileHandler' driver.
DEBUG - 2026-08-23 12:10:29 --> Session: Class initialized using 'CodeIgniter\Session\Handlers\FileHandler' driver.
DEBUG - 2026-08-23 12:10:48 --> Session: Class initialized using 'CodeIgniter\Session\Handlers\FileHandler' driver.
DEBUG - 2026-08-23 12:10:59 --> Session: Class initialized using 'CodeIgniter\Session\Handlers\FileHandler' driver.
DEBUG - 2026-08-23 12:11:18 --> Session: Class initialized using 'CodeIgniter\Session\Handlers\FileHandler' driver.
DEBUG - 2026-08-23 12:11:29 --> Session: Class initialized using 'CodeIgniter\Session\Handlers\FileHandler' driver.
DEBUG - 2026-08-23 12:11:48 --> Session: Class initialized using 'CodeIgniter\Session\Handlers\FileHandler' driver.
DEBUG - 2026-08-23 12:11:59 --> Session: Class initialized using 'CodeIgniter\Session\Handlers\FileHandler' driver.
DEBUG - 2026-08-23 12:12:18 --> Session: Class initialized using 'CodeIgniter\Session\Handlers\FileHandler' driver.
DEBUG - 2026-08-23 12:12:29 --> Session: Class initialized using 'CodeIgniter\Session\Handlers\FileHandler' driver.
DEBUG - 2026-08-23 12:12:48 --> Session: Class initialized using 'CodeIgniter\Session\Handlers\FileHandler' driver.
DEBUG - 2026-08-23 12:12:59 --> Session: Class initialized using 'CodeIgniter\Session\Handlers\FileHandler' driver.
DEBUG - 2026-08-23 12:13:18 --> Session: Class initialized using 'CodeIgniter\Session\Handlers\FileHandler' driver.
DEBUG - 2026-08-23 12:13:29 --> Session: Class initialized using 'CodeIgniter\Session\Handlers\FileHandler' driver.
DEBUG - 2026-08-23 12:13:48 --> Session: Class initialized using 'CodeIgniter\Session\Handlers\FileHandler' driver.
DEBUG - 2026-08-23 12:13:59 --> Session: Class initialized using 'CodeIgniter\Session\Handlers\FileHandler' driver.
DEBUG - 2026-08-23 12:14:18 --> Session: Class initialized using 'CodeIgniter\Session\Handlers\FileHandler' driver.
DEBUG - 2026-08-23 12:14:29 --> Session: Class initialized using 'CodeIgniter\Session\Handlers\FileHandler' driver.
DEBUG - 2026-08-23 12:14:48 --> Session: Class initialized using 'CodeIgniter\Session\Handlers\FileHandler' driver.
DEBUG - 2026-08-23 12:14:59 --> Session: Class initialized using 'CodeIgniter\Session\Handlers\FileHandler' driver.
DEBUG - 2026-08-23 12:15:18 --> Session: Class initialized using 'CodeIgniter\Session\Handlers\FileHandler' driver.
DEBUG - 2026-08-23 12:15:29 --> Session: Class initialized using 'CodeIgniter\Session\Handlers\FileHandler' driver.
DEBUG - 2026-08-23 12:15:48 --> Session: Class initialized using 'CodeIgniter\Session\Handlers\FileHandler' driver.
DEBUG - 2026-08-23 12:15:59 --> Session: Class initialized using 'CodeIgniter\Session\Handlers\FileHandler' driver.
DEBUG - 2026-08-23 12:16:18 --> Session: Class initialized using 'CodeIgniter\Session\Handlers\FileHandler' driver.
DEBUG - 2026-08-23 12:16:29 --> Session: Class initialized using 'CodeIgniter\Session\Handlers\FileHandler' driver.
DEBUG - 2026-08-23 12:16:48 --> Session: Class initialized using 'CodeIgniter\Session\Handlers\FileHandler' driver.
DEBUG - 2026-08-23 12:16:59 --> Session: Class initialized using 'CodeIgniter\Session\Handlers\FileHandler' driver.
DEBUG - 2026-08-23 12:17:18 --> Session: Class initialized using 'CodeIgniter\Session\Handlers\FileHandler' driver.
DEBUG - 2026-08-23 12:17:29 --> Session: Class initialized using 'CodeIgniter\Session\Handlers\FileHandler' driver.
DEBUG - 2026-08-23 12:17:48 --> Session: Class initialized using 'CodeIgniter\Session\Handlers\FileHandler' driver.
DEBUG - 2026-08-23 12:17:59 --> Session: Class initialized using 'CodeIgniter\Session\Handlers\FileHandler' driver.
DEBUG - 2026-08-23 12:18:18 --> Session: Class initialized using 'CodeIgniter\Session\Handlers\FileHandler' driver.
DEBUG - 2026-08-23 12:18:29 --> Session: Class initialized using 'CodeIgniter\Session\Handlers\FileHandler' driver.
DEBUG - 2026-08-23 12:18:48 --> Session: Class initialized using 'CodeIgniter\Session\Handlers\FileHandler' driver.
DEBUG - 2026-08-23 12:18:59 --> Session: Class initialized using 'CodeIgniter\Session\Handlers\FileHandler' driver.
DEBUG - 2026-08-23 12:19:18 --> Session: Class initialized using 'CodeIgniter\Session\Handlers\FileHandler' driver.
DEBUG - 2026-08-23 12:19:29 --> Session: Class initialized using 'CodeIgniter\Session\Handlers\FileHandler' driver.
DEBUG - 2026-08-23 12:19:48 --> Session: Class initialized using 'CodeIgniter\Session\Handlers\FileHandler' driver.
DEBUG - 2026-08-23 12:19:59 --> Session: Class initialized using 'CodeIgniter\Session\Handlers\FileHandler' driver.
DEBUG - 2026-08-23 12:20:18 --> Session: Class initialized using 'CodeIgniter\Session\Handlers\FileHandler' driver.
DEBUG - 2026-08-23 12:20:29 --> Session: Class initialized using 'CodeIgniter\Session\Handlers\FileHandler' driver.
DEBUG - 2026-08-23 12:20:48 --> Session: Class initialized using 'CodeIgniter\Session\Handlers\FileHandler' driver.
DEBUG - 2026-08-23 12:20:59 --> Session: Class initialized using 'CodeIgniter\Session\Handlers\FileHandler' driver.
DEBUG - 2026-08-23 12:21:18 --> Session: Class initialized using 'CodeIgniter\Session\Handlers\FileHandler' driver.
DEBUG - 2026-08-23 12:21:29 --> Session: Class initialized using 'CodeIgniter\Session\Handlers\FileHandler' driver.
DEBUG - 2026-08-23 12:21:48 --> Session: Class initialized using 'CodeIgniter\Session\Handlers\FileHandler' driver.
DEBUG - 2026-08-23 12:21:59 --> Session: Class initialized using 'CodeIgniter\Session\Handlers\FileHandler' driver.
DEBUG - 2026-08-23 12:22:18 --> Session: Class initialized using 'CodeIgniter\Session\Handlers\FileHandler' driver.
DEBUG - 2026-08-23 12:22:29 --> Session: Class initialized using 'CodeIgniter\Session\Handlers\FileHandler' driver.
DEBUG - 2026-08-23 12:22:48 --> Session: Class initialized using 'CodeIgniter\Session\Handlers\FileHandler' driver.
DEBUG - 2026-08-23 12:22:59 --> Session: Class initialized using 'CodeIgniter\Session\Handlers\FileHandler' driver.
DEBUG - 2026-08-23 12:23:18 --> Session: Class initialized using 'CodeIgniter\Session\Handlers\FileHandler' driver.
DEBUG - 2026-08-23 12:23:29 --> Session: Class initialized using 'CodeIgniter\Session\Handlers\FileHandler' driver.
DEBUG - 2026-08-23 12:23:48 --> Session: Class initialized using 'CodeIgniter\Session\Handlers\FileHandler' driver.
DEBUG - 2026-08-23 12:23:59 --> Session: Class initialized using 'CodeIgniter\Session\Handlers\FileHandler' driver.
DEBUG - 2026-08-23 12:24:18 --> Session: Class initialized using 'CodeIgniter\Session\Handlers\FileHandler' driver.
DEBUG - 2026-08-23 12:24:29 --> Session: Class initialized using 'CodeIgniter\Session\Handlers\FileHandler' driver.
DEBUG - 2026-08-23 12:24:48 --> Session: Class initialized using 'CodeIgniter\Session\Handlers\FileHandler' driver.
DEBUG - 2026-08-23 12:24:59 --> Session: Class initialized using 'CodeIgniter\Session\Handlers\FileHandler' driver.
DEBUG - 2026-08-23 12:25:18 --> Session: Class initialized using 'CodeIgniter\Session\Handlers\FileHandler' driver.
DEBUG - 2026-08-23 12:25:29 --> Session: Class initialized using 'CodeIgniter\Session\Handlers\FileHandler' driver.
DEBUG - 2026-08-23 12:25:48 --> Session: Class initialized using 'CodeIgniter\Session\Handlers\FileHandler' driver.
DEBUG - 2026-08-23 12:25:59 --> Session: Class initialized using 'CodeIgniter\Session\Handlers\FileHandler' driver.
DEBUG - 2026-08-23 12:26:18 --> Session: Class initialized using 'CodeIgniter\Session\Handlers\FileHandler' driver.
DEBUG - 2026-08-23 12:26:29 --> Session: Class initialized using 'CodeIgniter\Session\Handlers\FileHandler' driver.
DEBUG - 2026-08-23 12:26:48 --> Session: Class initialized using 'CodeIgniter\Session\Handlers\FileHandler' driver.
DEBUG - 2026-08-23 12:26:59 --> Session: Class initialized using 'CodeIgniter\Session\Handlers\FileHandler' driver.
DEBUG - 2026-08-23 12:27:18 --> Session: Class initialized using 'CodeIgniter\Session\Handlers\FileHandler' driver.
DEBUG - 2026-08-23 12:27:29 --> Session: Class initialized using 'CodeIgniter\Session\Handlers\FileHandler' driver.
DEBUG - 2026-08-23 12:27:48 --> Session: Class initialized using 'CodeIgniter\Session\Handlers\FileHandler' driver.
DEBUG - 2026-08-23 12:27:59 --> Session: Class initialized using 'CodeIgniter\Session\Handlers\FileHandler' driver.
DEBUG - 2026-08-23 12:28:18 --> Session: Class initialized using 'CodeIgniter\Session\Handlers\FileHandler' driver.
DEBUG - 2026-08-23 12:28:29 --> Session: Class initialized using 'CodeIgniter\Session\Handlers\FileHandler' driver.
DEBUG - 2026-08-23 12:28:48 --> Session: Class initialized using 'CodeIgniter\Session\Handlers\FileHandler' driver.
DEBUG - 2026-08-23 12:28:59 --> Session: Class initialized using 'CodeIgniter\Session\Handlers\FileHandler' driver.
DEBUG - 2026-08-23 12:29:18 --> Session: Class initialized using 'CodeIgniter\Session\Handlers\FileHandler' driver.
DEBUG - 2026-08-23 12:29:29 --> Session: Class initialized using 'CodeIgniter\Session\Handlers\FileHandler' driver.
DEBUG - 2026-08-23 12:29:48 --> Session: Class initialized using 'CodeIgniter\Session\Handlers\FileHandler' driver.
DEBUG - 2026-08-23 12:29:59 --> Session: Class initialized using 'CodeIgniter\Session\Handlers\FileHandler' driver.
DEBUG - 2026-08-23 12:30:18 --> Session: Class initialized using 'CodeIgniter\Session\Handlers\FileHandler' driver.
DEBUG - 2026-08-23 12:30:29 --> Session: Class initialized using 'CodeIgniter\Session\Handlers\FileHandler' driver.
DEBUG - 2026-08-23 12:30:48 --> Session: Class initialized using 'CodeIgniter\Session\Handlers\FileHandler' driver.
DEBUG - 2026-08-23 12:30:59 --> Session: Class initialized using 'CodeIgniter\Session\Handlers\FileHandler' driver.
DEBUG - 2026-08-23 12:31:18 --> Session: Class initialized using 'CodeIgniter\Session\Handlers\FileHandler' driver.
DEBUG - 2026-08-23 12:31:29 --> Session: Class initialized using 'CodeIgniter\Session\Handlers\FileHandler' driver.
DEBUG - 2026-08-23 12:31:48 --> Session: Class initialized using 'CodeIgniter\Session\Handlers\FileHandler' driver.
DEBUG - 2026-08-23 12:31:51 --> Session: Class initialized using 'CodeIgniter\Session\Handlers\FileHandler' driver.
DEBUG - 2026-08-23 12:31:52 --> Session: Class initialized using 'CodeIgniter\Session\Handlers\FileHandler' driver.
DEBUG - 2026-08-23 12:31:54 --> Session: Class initialized using 'CodeIgniter\Session\Handlers\FileHandler' driver.
INFO - 2026-08-23 12:31:54 --> CSRF token verified.
DEBUG - 2026-08-23 12:31:55 --> Session: Class initialized using 'CodeIgniter\Session\Handlers\FileHandler' driver.
DEBUG - 2026-08-23 12:31:56 --> Session: Class initialized using 'CodeIgniter\Session\Handlers\FileHandler' driver.
DEBUG - 2026-08-23 12:31:59 --> Session: Class initialized using 'CodeIgniter\Session\Handlers\FileHandler' driver.
DEBUG - 2026-08-23 12:32:01 --> Session: Class initialized using 'CodeIgniter\Session\Handlers\FileHandler' driver.
DEBUG - 2026-08-23 12:32:03 --> Session: Class initialized using 'CodeIgniter\Session\Handlers\FileHandler' driver.
DEBUG - 2026-08-23 12:32:11 --> Session: Class initialized using 'CodeIgniter\Session\Handlers\FileHandler' driver.
INFO - 2026-08-23 12:32:11 --> CSRF token verified.
DEBUG - 2026-08-23 12:32:11 --> Session: Class initialized using 'CodeIgniter\Session\Handlers\FileHandler' driver.
DEBUG - 2026-08-23 12:32:13 --> Session: Class initialized using 'CodeIgniter\Session\Handlers\FileHandler' driver.
DEBUG - 2026-08-23 12:32:29 --> Session: Class initialized using 'CodeIgniter\Session\Handlers\FileHandler' driver.
DEBUG - 2026-08-23 12:32:43 --> Session: Class initialized using 'CodeIgniter\Session\Handlers\FileHandler' driver.
DEBUG - 2026-08-23 12:32:59 --> Session: Class initialized using 'CodeIgniter\Session\Handlers\FileHandler' driver.
DEBUG - 2026-08-23 12:33:13 --> Session: Class initialized using 'CodeIgniter\Session\Handlers\FileHandler' driver.
DEBUG - 2026-08-23 12:33:29 --> Session: Class initialized using 'CodeIgniter\Session\Handlers\FileHandler' driver.
DEBUG - 2026-08-23 12:33:43 --> Session: Class initialized using 'CodeIgniter\Session\Handlers\FileHandler' driver.
DEBUG - 2026-08-23 12:33:58 --> Session: Class initialized using 'CodeIgniter\Session\Handlers\FileHandler' driver.
DEBUG - 2026-08-23 12:33:59 --> Session: Class initialized using 'CodeIgniter\Session\Handlers\FileHandler' driver.
DEBUG - 2026-08-23 12:34:02 --> Session: Class initialized using 'CodeIgniter\Session\Handlers\FileHandler' driver.
DEBUG - 2026-08-23 12:34:11 --> Session: Class initialized using 'CodeIgniter\Session\Handlers\FileHandler' driver.
CRITICAL - 2026-08-23 12:34:12 --> ParseError: syntax error, unexpected token "endif"
[Method: GET, Route: leads-vip]
in APPPATH\Views\admin\leads\_table_rows.php on line 110.
 1 SYSTEMPATH\View\View.php(243): CodeIgniter\View\View->{closure:CodeIgniter\View\View::render():237}()
 2 SYSTEMPATH\Common.php(1268): CodeIgniter\View\View->render()
 3 APPPATH\Views\admin\leads\index.php(73): view()
 4 SYSTEMPATH\View\View.php(240): include('C:\\Sistemas\\Dias Imports\\Dias Importes - Marketing v2\\dias_imports_v2\\app\\Views\\admin\\leads\\index.php')
 5 SYSTEMPATH\View\View.php(243): CodeIgniter\View\View->{closure:CodeIgniter\View\View::render():237}()
 6 SYSTEMPATH\Common.php(1268): CodeIgniter\View\View->render()
 7 APPPATH\Controllers\VipLeads.php(45): view()
 8 SYSTEMPATH\CodeIgniter.php(974): App\Controllers\VipLeads->index()
 9 SYSTEMPATH\CodeIgniter.php(520): CodeIgniter\CodeIgniter->runController()
10 SYSTEMPATH\CodeIgniter.php(363): CodeIgniter\CodeIgniter->handleRequest()
11 SYSTEMPATH\Boot.php(417): CodeIgniter\CodeIgniter->run()
12 SYSTEMPATH\Boot.php(68): CodeIgniter\Boot::runCodeIgniter()
13 FCPATH\index.php(59): CodeIgniter\Boot::bootWeb()
14 SYSTEMPATH\rewrite.php(44): require_once('C:\\Sistemas\\Dias Imports\\Dias Importes - Marketing v2\\dias_imports_v2\\public\\index.php')
DEBUG - 2026-08-23 12:34:19 --> Session: Class initialized using 'CodeIgniter\Session\Handlers\FileHandler' driver.
INFO - 2026-08-23 12:34:19 --> CSRF token verified.
DEBUG - 2026-08-23 12:34:20 --> Session: Class initialized using 'CodeIgniter\Session\Handlers\FileHandler' driver.
DEBUG - 2026-08-23 12:34:21 --> Session: Class initialized using 'CodeIgniter\Session\Handlers\FileHandler' driver.
DEBUG - 2026-08-23 12:34:27 --> Session: Class initialized using 'CodeIgniter\Session\Handlers\FileHandler' driver.
CRITICAL - 2026-08-23 12:34:28 --> ParseError: syntax error, unexpected token "endif"
[Method: GET, Route: leads-vip]
in APPPATH\Views\admin\leads\_table_rows.php on line 110.
 1 SYSTEMPATH\View\View.php(243): CodeIgniter\View\View->{closure:CodeIgniter\View\View::render():237}()
 2 SYSTEMPATH\Common.php(1268): CodeIgniter\View\View->render()
 3 APPPATH\Views\admin\leads\index.php(73): view()
 4 SYSTEMPATH\View\View.php(240): include('C:\\Sistemas\\Dias Imports\\Dias Importes - Marketing v2\\dias_imports_v2\\app\\Views\\admin\\leads\\index.php')
 5 SYSTEMPATH\View\View.php(243): CodeIgniter\View\View->{closure:CodeIgniter\View\View::render():237}()
 6 SYSTEMPATH\Common.php(1268): CodeIgniter\View\View->render()
 7 APPPATH\Controllers\VipLeads.php(45): view()
 8 SYSTEMPATH\CodeIgniter.php(974): App\Controllers\VipLeads->index()
 9 SYSTEMPATH\CodeIgniter.php(520): CodeIgniter\CodeIgniter->runController()
10 SYSTEMPATH\CodeIgniter.php(363): CodeIgniter\CodeIgniter->handleRequest()
11 SYSTEMPATH\Boot.php(417): CodeIgniter\CodeIgniter->run()
12 SYSTEMPATH\Boot.php(68): CodeIgniter\Boot::runCodeIgniter()
13 FCPATH\index.php(59): CodeIgniter\Boot::bootWeb()
14 SYSTEMPATH\rewrite.php(44): require_once('C:\\Sistemas\\Dias Imports\\Dias Importes - Marketing v2\\dias_imports_v2\\public\\index.php')
DEBUG - 2026-08-23 12:34:30 --> Session: Class initialized using 'CodeIgniter\Session\Handlers\FileHandler' driver.
DEBUG - 2026-08-23 12:34:31 --> Session: Class initialized using 'CodeIgniter\Session\Handlers\FileHandler' driver.
DEBUG - 2026-08-23 12:34:33 --> Session: Class initialized using 'CodeIgniter\Session\Handlers\FileHandler' driver.
DEBUG - 2026-08-23 12:34:34 --> Session: Class initialized using 'CodeIgniter\Session\Handlers\FileHandler' driver.
DEBUG - 2026-08-23 12:34:51 --> Session: Class initialized using 'CodeIgniter\Session\Handlers\FileHandler' driver.
DEBUG - 2026-08-23 12:35:04 --> Session: Class initialized using 'CodeIgniter\Session\Handlers\FileHandler' driver.
DEBUG - 2026-08-23 12:35:07 --> Session: Class initialized using 'CodeIgniter\Session\Handlers\FileHandler' driver.
DEBUG - 2026-08-23 12:35:08 --> Session: Class initialized using 'CodeIgniter\Session\Handlers\FileHandler' driver.
DEBUG - 2026-08-23 12:35:35 --> Session: Class initialized using 'CodeIgniter\Session\Handlers\FileHandler' driver.
DEBUG - 2026-08-23 12:35:38 --> Session: Class initialized using 'CodeIgniter\Session\Handlers\FileHandler' driver.
DEBUG - 2026-08-23 12:36:04 --> Session: Class initialized using 'CodeIgniter\Session\Handlers\FileHandler' driver.
DEBUG - 2026-08-23 12:36:08 --> Session: Class initialized using 'CodeIgniter\Session\Handlers\FileHandler' driver.
DEBUG - 2026-08-23 12:36:34 --> Session: Class initialized using 'CodeIgniter\Session\Handlers\FileHandler' driver.
DEBUG - 2026-08-23 12:36:38 --> Session: Class initialized using 'CodeIgniter\Session\Handlers\FileHandler' driver.
DEBUG - 2026-08-23 12:37:04 --> Session: Class initialized using 'CodeIgniter\Session\Handlers\FileHandler' driver.
DEBUG - 2026-08-23 12:37:08 --> Session: Class initialized using 'CodeIgniter\Session\Handlers\FileHandler' driver.
DEBUG - 2026-08-23 12:37:35 --> Session: Class initialized using 'CodeIgniter\Session\Handlers\FileHandler' driver.
DEBUG - 2026-08-23 12:37:38 --> Session: Class initialized using 'CodeIgniter\Session\Handlers\FileHandler' driver.
DEBUG - 2026-08-23 12:38:05 --> Session: Class initialized using 'CodeIgniter\Session\Handlers\FileHandler' driver.
DEBUG - 2026-08-23 12:38:08 --> Session: Class initialized using 'CodeIgniter\Session\Handlers\FileHandler' driver.
DEBUG - 2026-08-23 12:38:38 --> Session: Class initialized using 'CodeIgniter\Session\Handlers\FileHandler' driver.
DEBUG - 2026-08-23 12:39:06 --> Session: Class initialized using 'CodeIgniter\Session\Handlers\FileHandler' driver.
DEBUG - 2026-08-23 12:39:09 --> Session: Class initialized using 'CodeIgniter\Session\Handlers\FileHandler' driver.
DEBUG - 2026-08-23 12:39:38 --> Session: Class initialized using 'CodeIgniter\Session\Handlers\FileHandler' driver.
DEBUG - 2026-08-23 12:40:07 --> Session: Class initialized using 'CodeIgniter\Session\Handlers\FileHandler' driver.
DEBUG - 2026-08-23 12:40:11 --> Session: Class initialized using 'CodeIgniter\Session\Handlers\FileHandler' driver.
DEBUG - 2026-08-23 12:40:38 --> Session: Class initialized using 'CodeIgniter\Session\Handlers\FileHandler' driver.
DEBUG - 2026-08-23 12:41:08 --> Session: Class initialized using 'CodeIgniter\Session\Handlers\FileHandler' driver.
DEBUG - 2026-08-23 12:41:11 --> Session: Class initialized using 'CodeIgniter\Session\Handlers\FileHandler' driver.
DEBUG - 2026-08-23 12:41:38 --> Session: Class initialized using 'CodeIgniter\Session\Handlers\FileHandler' driver.
DEBUG - 2026-08-23 12:42:08 --> Session: Class initialized using 'CodeIgniter\Session\Handlers\FileHandler' driver.
DEBUG - 2026-08-23 12:42:13 --> Session: Class initialized using 'CodeIgniter\Session\Handlers\FileHandler' driver.
DEBUG - 2026-08-23 12:42:38 --> Session: Class initialized using 'CodeIgniter\Session\Handlers\FileHandler' driver.
DEBUG - 2026-08-23 12:43:08 --> Session: Class initialized using 'CodeIgniter\Session\Handlers\FileHandler' driver.
DEBUG - 2026-08-23 12:43:11 --> Session: Class initialized using 'CodeIgniter\Session\Handlers\FileHandler' driver.
DEBUG - 2026-08-23 12:43:38 --> Session: Class initialized using 'CodeIgniter\Session\Handlers\FileHandler' driver.
DEBUG - 2026-08-23 12:44:08 --> Session: Class initialized using 'CodeIgniter\Session\Handlers\FileHandler' driver.
DEBUG - 2026-08-23 12:44:11 --> Session: Class initialized using 'CodeIgniter\Session\Handlers\FileHandler' driver.
DEBUG - 2026-08-23 12:44:38 --> Session: Class initialized using 'CodeIgniter\Session\Handlers\FileHandler' driver.
DEBUG - 2026-08-23 12:45:08 --> Session: Class initialized using 'CodeIgniter\Session\Handlers\FileHandler' driver.
DEBUG - 2026-08-23 12:45:12 --> Session: Class initialized using 'CodeIgniter\Session\Handlers\FileHandler' driver.
DEBUG - 2026-08-23 12:45:35 --> Session: Class initialized using 'CodeIgniter\Session\Handlers\FileHandler' driver.
DEBUG - 2026-08-23 12:45:38 --> Session: Class initialized using 'CodeIgniter\Session\Handlers\FileHandler' driver.
DEBUG - 2026-08-23 12:45:39 --> Session: Class initialized using 'CodeIgniter\Session\Handlers\FileHandler' driver.
DEBUG - 2026-08-23 12:45:42 --> Session: Class initialized using 'CodeIgniter\Session\Handlers\FileHandler' driver.
DEBUG - 2026-08-23 12:45:46 --> Session: Class initialized using 'CodeIgniter\Session\Handlers\FileHandler' driver.
INFO - 2026-08-23 12:45:46 --> CSRF token verified.
DEBUG - 2026-08-23 12:45:47 --> Session: Class initialized using 'CodeIgniter\Session\Handlers\FileHandler' driver.
DEBUG - 2026-08-23 12:45:48 --> Session: Class initialized using 'CodeIgniter\Session\Handlers\FileHandler' driver.
DEBUG - 2026-08-23 12:45:58 --> Session: Class initialized using 'CodeIgniter\Session\Handlers\FileHandler' driver.
INFO - 2026-08-23 12:45:58 --> CSRF token verified.
DEBUG - 2026-08-23 12:45:59 --> Session: Class initialized using 'CodeIgniter\Session\Handlers\FileHandler' driver.
DEBUG - 2026-08-23 12:46:00 --> Session: Class initialized using 'CodeIgniter\Session\Handlers\FileHandler' driver.
DEBUG - 2026-08-23 12:46:08 --> Session: Class initialized using 'CodeIgniter\Session\Handlers\FileHandler' driver.
DEBUG - 2026-08-23 12:46:30 --> Session: Class initialized using 'CodeIgniter\Session\Handlers\FileHandler' driver.
DEBUG - 2026-08-23 12:46:38 --> Session: Class initialized using 'CodeIgniter\Session\Handlers\FileHandler' driver.
DEBUG - 2026-08-23 12:47:00 --> Session: Class initialized using 'CodeIgniter\Session\Handlers\FileHandler' driver.
DEBUG - 2026-08-23 12:47:08 --> Session: Class initialized using 'CodeIgniter\Session\Handlers\FileHandler' driver.
DEBUG - 2026-08-23 12:47:30 --> Session: Class initialized using 'CodeIgniter\Session\Handlers\FileHandler' driver.
DEBUG - 2026-08-23 12:47:38 --> Session: Class initialized using 'CodeIgniter\Session\Handlers\FileHandler' driver.
DEBUG - 2026-08-23 12:48:00 --> Session: Class initialized using 'CodeIgniter\Session\Handlers\FileHandler' driver.
DEBUG - 2026-08-23 12:48:08 --> Session: Class initialized using 'CodeIgniter\Session\Handlers\FileHandler' driver.
DEBUG - 2026-08-23 12:48:30 --> Session: Class initialized using 'CodeIgniter\Session\Handlers\FileHandler' driver.
DEBUG - 2026-08-23 12:48:38 --> Session: Class initialized using 'CodeIgniter\Session\Handlers\FileHandler' driver.
DEBUG - 2026-08-23 12:49:00 --> Session: Class initialized using 'CodeIgniter\Session\Handlers\FileHandler' driver.
DEBUG - 2026-08-23 12:49:08 --> Session: Class initialized using 'CodeIgniter\Session\Handlers\FileHandler' driver.
DEBUG - 2026-08-23 12:49:30 --> Session: Class initialized using 'CodeIgniter\Session\Handlers\FileHandler' driver.
DEBUG - 2026-08-23 12:49:38 --> Session: Class initialized using 'CodeIgniter\Session\Handlers\FileHandler' driver.
DEBUG - 2026-08-23 12:50:08 --> Session: Class initialized using 'CodeIgniter\Session\Handlers\FileHandler' driver.
DEBUG - 2026-08-23 12:50:18 --> Session: Class initialized using 'CodeIgniter\Session\Handlers\FileHandler' driver.
DEBUG - 2026-08-23 12:50:38 --> Session: Class initialized using 'CodeIgniter\Session\Handlers\FileHandler' driver.
DEBUG - 2026-08-23 12:51:08 --> Session: Class initialized using 'CodeIgniter\Session\Handlers\FileHandler' driver.
DEBUG - 2026-08-23 12:51:18 --> Session: Class initialized using 'CodeIgniter\Session\Handlers\FileHandler' driver.
DEBUG - 2026-08-23 12:51:35 --> Session: Class initialized using 'CodeIgniter\Session\Handlers\FileHandler' driver.
DEBUG - 2026-08-23 12:51:38 --> Session: Class initialized using 'CodeIgniter\Session\Handlers\FileHandler' driver.
DEBUG - 2026-08-23 12:51:41 --> Session: Class initialized using 'CodeIgniter\Session\Handlers\FileHandler' driver.
INFO - 2026-08-23 12:51:41 --> CSRF token verified.
DEBUG - 2026-08-23 12:51:41 --> Session: Class initialized using 'CodeIgniter\Session\Handlers\FileHandler' driver.
DEBUG - 2026-08-23 12:51:43 --> Session: Class initialized using 'CodeIgniter\Session\Handlers\FileHandler' driver.
DEBUG - 2026-08-23 12:52:08 --> Session: Class initialized using 'CodeIgniter\Session\Handlers\FileHandler' driver.
DEBUG - 2026-08-23 12:52:13 --> Session: Class initialized using 'CodeIgniter\Session\Handlers\FileHandler' driver.
DEBUG - 2026-08-23 12:52:38 --> Session: Class initialized using 'CodeIgniter\Session\Handlers\FileHandler' driver.
DEBUG - 2026-08-23 12:52:43 --> Session: Class initialized using 'CodeIgniter\Session\Handlers\FileHandler' driver.
DEBUG - 2026-08-23 12:53:13 --> Session: Class initialized using 'CodeIgniter\Session\Handlers\FileHandler' driver.
DEBUG - 2026-08-23 12:53:38 --> Session: Class initialized using 'CodeIgniter\Session\Handlers\FileHandler' driver.
DEBUG - 2026-08-23 12:53:43 --> Session: Class initialized using 'CodeIgniter\Session\Handlers\FileHandler' driver.
DEBUG - 2026-08-23 12:54:08 --> Session: Class initialized using 'CodeIgniter\Session\Handlers\FileHandler' driver.
DEBUG - 2026-08-23 12:54:13 --> Session: Class initialized using 'CodeIgniter\Session\Handlers\FileHandler' driver.
DEBUG - 2026-08-23 12:54:38 --> Session: Class initialized using 'CodeIgniter\Session\Handlers\FileHandler' driver.
DEBUG - 2026-08-23 12:54:41 --> Session: Class initialized using 'CodeIgniter\Session\Handlers\FileHandler' driver.
DEBUG - 2026-08-23 12:54:42 --> Session: Class initialized using 'CodeIgniter\Session\Handlers\FileHandler' driver.
DEBUG - 2026-08-23 12:55:08 --> Session: Class initialized using 'CodeIgniter\Session\Handlers\FileHandler' driver.
DEBUG - 2026-08-23 12:55:12 --> Session: Class initialized using 'CodeIgniter\Session\Handlers\FileHandler' driver.
DEBUG - 2026-08-23 12:55:15 --> Session: Class initialized using 'CodeIgniter\Session\Handlers\FileHandler' driver.
INFO - 2026-08-23 12:55:15 --> CSRF token verified.
DEBUG - 2026-08-23 12:55:16 --> Session: Class initialized using 'CodeIgniter\Session\Handlers\FileHandler' driver.
DEBUG - 2026-08-23 12:55:17 --> Session: Class initialized using 'CodeIgniter\Session\Handlers\FileHandler' driver.
DEBUG - 2026-08-23 12:55:38 --> Session: Class initialized using 'CodeIgniter\Session\Handlers\FileHandler' driver.
DEBUG - 2026-08-23 12:55:47 --> Session: Class initialized using 'CodeIgniter\Session\Handlers\FileHandler' driver.
DEBUG - 2026-08-23 12:56:08 --> Session: Class initialized using 'CodeIgniter\Session\Handlers\FileHandler' driver.
DEBUG - 2026-08-23 12:56:17 --> Session: Class initialized using 'CodeIgniter\Session\Handlers\FileHandler' driver.
DEBUG - 2026-08-23 12:56:38 --> Session: Class initialized using 'CodeIgniter\Session\Handlers\FileHandler' driver.
DEBUG - 2026-08-23 12:56:47 --> Session: Class initialized using 'CodeIgniter\Session\Handlers\FileHandler' driver.
DEBUG - 2026-08-23 12:57:08 --> Session: Class initialized using 'CodeIgniter\Session\Handlers\FileHandler' driver.
DEBUG - 2026-08-23 12:57:17 --> Session: Class initialized using 'CodeIgniter\Session\Handlers\FileHandler' driver.
DEBUG - 2026-08-23 12:57:38 --> Session: Class initialized using 'CodeIgniter\Session\Handlers\FileHandler' driver.
DEBUG - 2026-08-23 12:57:47 --> Session: Class initialized using 'CodeIgniter\Session\Handlers\FileHandler' driver.
DEBUG - 2026-08-23 12:58:08 --> Session: Class initialized using 'CodeIgniter\Session\Handlers\FileHandler' driver.
DEBUG - 2026-08-23 12:58:17 --> Session: Class initialized using 'CodeIgniter\Session\Handlers\FileHandler' driver.
DEBUG - 2026-08-23 12:58:38 --> Session: Class initialized using 'CodeIgniter\Session\Handlers\FileHandler' driver.
DEBUG - 2026-08-23 12:58:47 --> Session: Class initialized using 'CodeIgniter\Session\Handlers\FileHandler' driver.
DEBUG - 2026-08-23 12:59:08 --> Session: Class initialized using 'CodeIgniter\Session\Handlers\FileHandler' driver.
DEBUG - 2026-08-23 12:59:17 --> Session: Class initialized using 'CodeIgniter\Session\Handlers\FileHandler' driver.
DEBUG - 2026-08-23 12:59:38 --> Session: Class initialized using 'CodeIgniter\Session\Handlers\FileHandler' driver.
DEBUG - 2026-08-23 12:59:47 --> Session: Class initialized using 'CodeIgniter\Session\Handlers\FileHandler' driver.
DEBUG - 2026-08-23 13:00:08 --> Session: Class initialized using 'CodeIgniter\Session\Handlers\FileHandler' driver.
DEBUG - 2026-08-23 13:00:17 --> Session: Class initialized using 'CodeIgniter\Session\Handlers\FileHandler' driver.
DEBUG - 2026-08-23 13:00:38 --> Session: Class initialized using 'CodeIgniter\Session\Handlers\FileHandler' driver.
DEBUG - 2026-08-23 13:00:41 --> Session: Class initialized using 'CodeIgniter\Session\Handlers\FileHandler' driver.
INFO - 2026-08-23 13:00:41 --> CSRF token verified.
DEBUG - 2026-08-23 13:00:41 --> Session: Class initialized using 'CodeIgniter\Session\Handlers\FileHandler' driver.
DEBUG - 2026-08-23 13:00:42 --> Session: Class initialized using 'CodeIgniter\Session\Handlers\FileHandler' driver.
DEBUG - 2026-08-23 13:00:58 --> Session: Class initialized using 'CodeIgniter\Session\Handlers\FileHandler' driver.
INFO - 2026-08-23 13:00:58 --> CSRF token verified.
DEBUG - 2026-08-23 13:00:59 --> Session: Class initialized using 'CodeIgniter\Session\Handlers\FileHandler' driver.
DEBUG - 2026-08-23 13:01:00 --> Session: Class initialized using 'CodeIgniter\Session\Handlers\FileHandler' driver.
DEBUG - 2026-08-23 13:01:08 --> Session: Class initialized using 'CodeIgniter\Session\Handlers\FileHandler' driver.
DEBUG - 2026-08-23 13:01:30 --> Session: Class initialized using 'CodeIgniter\Session\Handlers\FileHandler' driver.
DEBUG - 2026-08-23 13:01:38 --> Session: Class initialized using 'CodeIgniter\Session\Handlers\FileHandler' driver.
DEBUG - 2026-08-23 13:01:59 --> Session: Class initialized using 'CodeIgniter\Session\Handlers\FileHandler' driver.
INFO - 2026-08-23 13:01:59 --> CSRF token verified.
DEBUG - 2026-08-23 13:02:00 --> Session: Class initialized using 'CodeIgniter\Session\Handlers\FileHandler' driver.
DEBUG - 2026-08-23 13:02:01 --> Session: Class initialized using 'CodeIgniter\Session\Handlers\FileHandler' driver.
DEBUG - 2026-08-23 13:02:03 --> Session: Class initialized using 'CodeIgniter\Session\Handlers\FileHandler' driver.
DEBUG - 2026-08-23 13:02:08 --> Session: Class initialized using 'CodeIgniter\Session\Handlers\FileHandler' driver.
DEBUG - 2026-08-23 13:02:33 --> Session: Class initialized using 'CodeIgniter\Session\Handlers\FileHandler' driver.
DEBUG - 2026-08-23 13:02:38 --> Session: Class initialized using 'CodeIgniter\Session\Handlers\FileHandler' driver.
DEBUG - 2026-08-23 13:03:03 --> Session: Class initialized using 'CodeIgniter\Session\Handlers\FileHandler' driver.
DEBUG - 2026-08-23 13:03:08 --> Session: Class initialized using 'CodeIgniter\Session\Handlers\FileHandler' driver.
DEBUG - 2026-08-23 13:03:33 --> Session: Class initialized using 'CodeIgniter\Session\Handlers\FileHandler' driver.
DEBUG - 2026-08-23 13:03:38 --> Session: Class initialized using 'CodeIgniter\Session\Handlers\FileHandler' driver.
DEBUG - 2026-08-23 13:04:03 --> Session: Class initialized using 'CodeIgniter\Session\Handlers\FileHandler' driver.
DEBUG - 2026-08-23 13:04:08 --> Session: Class initialized using 'CodeIgniter\Session\Handlers\FileHandler' driver.
DEBUG - 2026-08-23 13:04:33 --> Session: Class initialized using 'CodeIgniter\Session\Handlers\FileHandler' driver.
DEBUG - 2026-08-23 13:04:38 --> Session: Class initialized using 'CodeIgniter\Session\Handlers\FileHandler' driver.
DEBUG - 2026-08-23 13:05:03 --> Session: Class initialized using 'CodeIgniter\Session\Handlers\FileHandler' driver.
DEBUG - 2026-08-23 13:05:08 --> Session: Class initialized using 'CodeIgniter\Session\Handlers\FileHandler' driver.
DEBUG - 2026-08-23 13:05:33 --> Session: Class initialized using 'CodeIgniter\Session\Handlers\FileHandler' driver.
DEBUG - 2026-08-23 13:05:38 --> Session: Class initialized using 'CodeIgniter\Session\Handlers\FileHandler' driver.
DEBUG - 2026-08-23 13:06:08 --> Session: Class initialized using 'CodeIgniter\Session\Handlers\FileHandler' driver.
DEBUG - 2026-08-23 13:06:18 --> Session: Class initialized using 'CodeIgniter\Session\Handlers\FileHandler' driver.
DEBUG - 2026-08-23 13:06:38 --> Session: Class initialized using 'CodeIgniter\Session\Handlers\FileHandler' driver.
DEBUG - 2026-08-23 13:07:08 --> Session: Class initialized using 'CodeIgniter\Session\Handlers\FileHandler' driver.
DEBUG - 2026-08-23 13:07:18 --> Session: Class initialized using 'CodeIgniter\Session\Handlers\FileHandler' driver.
DEBUG - 2026-08-23 13:07:38 --> Session: Class initialized using 'CodeIgniter\Session\Handlers\FileHandler' driver.
DEBUG - 2026-08-23 13:08:08 --> Session: Class initialized using 'CodeIgniter\Session\Handlers\FileHandler' driver.
DEBUG - 2026-08-23 13:08:18 --> Session: Class initialized using 'CodeIgniter\Session\Handlers\FileHandler' driver.
DEBUG - 2026-08-23 13:08:33 --> Session: Class initialized using 'CodeIgniter\Session\Handlers\FileHandler' driver.
DEBUG - 2026-08-23 13:08:38 --> Session: Class initialized using 'CodeIgniter\Session\Handlers\FileHandler' driver.
DEBUG - 2026-08-23 13:08:38 --> Session: Class initialized using 'CodeIgniter\Session\Handlers\FileHandler' driver.
DEBUG - 2026-08-23 13:08:41 --> Session: Class initialized using 'CodeIgniter\Session\Handlers\FileHandler' driver.
DEBUG - 2026-08-23 13:08:52 --> Session: Class initialized using 'CodeIgniter\Session\Handlers\FileHandler' driver.
INFO - 2026-08-23 13:08:52 --> CSRF token verified.
DEBUG - 2026-08-23 13:08:52 --> Session: Class initialized using 'CodeIgniter\Session\Handlers\FileHandler' driver.
DEBUG - 2026-08-23 13:08:53 --> Session: Class initialized using 'CodeIgniter\Session\Handlers\FileHandler' driver.
DEBUG - 2026-08-23 13:09:08 --> Session: Class initialized using 'CodeIgniter\Session\Handlers\FileHandler' driver.
DEBUG - 2026-08-23 13:09:24 --> Session: Class initialized using 'CodeIgniter\Session\Handlers\FileHandler' driver.
DEBUG - 2026-08-23 13:09:38 --> Session: Class initialized using 'CodeIgniter\Session\Handlers\FileHandler' driver.
DEBUG - 2026-08-23 13:09:54 --> Session: Class initialized using 'CodeIgniter\Session\Handlers\FileHandler' driver.
DEBUG - 2026-08-23 13:10:08 --> Session: Class initialized using 'CodeIgniter\Session\Handlers\FileHandler' driver.
DEBUG - 2026-08-23 13:10:24 --> Session: Class initialized using 'CodeIgniter\Session\Handlers\FileHandler' driver.
DEBUG - 2026-08-23 13:10:38 --> Session: Class initialized using 'CodeIgniter\Session\Handlers\FileHandler' driver.
DEBUG - 2026-08-23 13:10:54 --> Session: Class initialized using 'CodeIgniter\Session\Handlers\FileHandler' driver.
DEBUG - 2026-08-23 13:11:08 --> Session: Class initialized using 'CodeIgniter\Session\Handlers\FileHandler' driver.
DEBUG - 2026-08-23 13:11:24 --> Session: Class initialized using 'CodeIgniter\Session\Handlers\FileHandler' driver.
DEBUG - 2026-08-23 13:11:38 --> Session: Class initialized using 'CodeIgniter\Session\Handlers\FileHandler' driver.
DEBUG - 2026-08-23 13:11:53 --> Session: Class initialized using 'CodeIgniter\Session\Handlers\FileHandler' driver.
DEBUG - 2026-08-23 13:12:08 --> Session: Class initialized using 'CodeIgniter\Session\Handlers\FileHandler' driver.
DEBUG - 2026-08-23 13:12:15 --> Session: Class initialized using 'CodeIgniter\Session\Handlers\FileHandler' driver.
INFO - 2026-08-23 13:12:15 --> CSRF token verified.
DEBUG - 2026-08-23 13:12:15 --> Session: Class initialized using 'CodeIgniter\Session\Handlers\FileHandler' driver.
DEBUG - 2026-08-23 13:12:17 --> Session: Class initialized using 'CodeIgniter\Session\Handlers\FileHandler' driver.
DEBUG - 2026-08-23 13:12:38 --> Session: Class initialized using 'CodeIgniter\Session\Handlers\FileHandler' driver.
DEBUG - 2026-08-23 13:12:47 --> Session: Class initialized using 'CodeIgniter\Session\Handlers\FileHandler' driver.
DEBUG - 2026-08-23 13:13:08 --> Session: Class initialized using 'CodeIgniter\Session\Handlers\FileHandler' driver.
DEBUG - 2026-08-23 13:13:17 --> Session: Class initialized using 'CodeIgniter\Session\Handlers\FileHandler' driver.
DEBUG - 2026-08-23 13:13:38 --> Session: Class initialized using 'CodeIgniter\Session\Handlers\FileHandler' driver.
DEBUG - 2026-08-23 13:13:47 --> Session: Class initialized using 'CodeIgniter\Session\Handlers\FileHandler' driver.
DEBUG - 2026-08-23 13:14:08 --> Session: Class initialized using 'CodeIgniter\Session\Handlers\FileHandler' driver.
DEBUG - 2026-08-23 13:14:17 --> Session: Class initialized using 'CodeIgniter\Session\Handlers\FileHandler' driver.
DEBUG - 2026-08-23 13:14:38 --> Session: Class initialized using 'CodeIgniter\Session\Handlers\FileHandler' driver.
DEBUG - 2026-08-23 13:14:47 --> Session: Class initialized using 'CodeIgniter\Session\Handlers\FileHandler' driver.
DEBUG - 2026-08-23 13:15:08 --> Session: Class initialized using 'CodeIgniter\Session\Handlers\FileHandler' driver.
DEBUG - 2026-08-23 13:15:17 --> Session: Class initialized using 'CodeIgniter\Session\Handlers\FileHandler' driver.
DEBUG - 2026-08-23 13:15:38 --> Session: Class initialized using 'CodeIgniter\Session\Handlers\FileHandler' driver.
DEBUG - 2026-08-23 13:15:47 --> Session: Class initialized using 'CodeIgniter\Session\Handlers\FileHandler' driver.
DEBUG - 2026-08-23 13:16:08 --> Session: Class initialized using 'CodeIgniter\Session\Handlers\FileHandler' driver.
DEBUG - 2026-08-23 13:16:17 --> Session: Class initialized using 'CodeIgniter\Session\Handlers\FileHandler' driver.
DEBUG - 2026-08-23 13:16:38 --> Session: Class initialized using 'CodeIgniter\Session\Handlers\FileHandler' driver.
DEBUG - 2026-08-23 13:16:47 --> Session: Class initialized using 'CodeIgniter\Session\Handlers\FileHandler' driver.
DEBUG - 2026-08-23 13:16:57 --> Session: Class initialized using 'CodeIgniter\Session\Handlers\FileHandler' driver.
DEBUG - 2026-08-23 13:16:58 --> Session: Class initialized using 'CodeIgniter\Session\Handlers\FileHandler' driver.
DEBUG - 2026-08-23 13:17:08 --> Session: Class initialized using 'CodeIgniter\Session\Handlers\FileHandler' driver.
DEBUG - 2026-08-23 13:17:28 --> Session: Class initialized using 'CodeIgniter\Session\Handlers\FileHandler' driver.
DEBUG - 2026-08-23 13:17:38 --> Session: Class initialized using 'CodeIgniter\Session\Handlers\FileHandler' driver.
DEBUG - 2026-08-23 13:17:47 --> Session: Class initialized using 'CodeIgniter\Session\Handlers\FileHandler' driver.
DEBUG - 2026-08-23 13:17:49 --> Session: Class initialized using 'CodeIgniter\Session\Handlers\FileHandler' driver.
DEBUG - 2026-08-23 13:18:04 --> Session: Class initialized using 'CodeIgniter\Session\Handlers\FileHandler' driver.
DEBUG - 2026-08-23 13:18:05 --> Session: Class initialized using 'CodeIgniter\Session\Handlers\FileHandler' driver.
DEBUG - 2026-08-23 13:18:08 --> Session: Class initialized using 'CodeIgniter\Session\Handlers\FileHandler' driver.
DEBUG - 2026-08-23 13:18:15 --> Session: Class initialized using 'CodeIgniter\Session\Handlers\FileHandler' driver.
DEBUG - 2026-08-23 13:18:16 --> Session: Class initialized using 'CodeIgniter\Session\Handlers\FileHandler' driver.
DEBUG - 2026-08-23 13:18:31 --> Session: Class initialized using 'CodeIgniter\Session\Handlers\FileHandler' driver.
DEBUG - 2026-08-23 13:18:32 --> Session: Class initialized using 'CodeIgniter\Session\Handlers\FileHandler' driver.
DEBUG - 2026-08-23 13:18:34 --> Session: Class initialized using 'CodeIgniter\Session\Handlers\FileHandler' driver.
DEBUG - 2026-08-23 13:18:35 --> Session: Class initialized using 'CodeIgniter\Session\Handlers\FileHandler' driver.
DEBUG - 2026-08-23 13:18:37 --> Session: Class initialized using 'CodeIgniter\Session\Handlers\FileHandler' driver.
DEBUG - 2026-08-23 13:18:49 --> Session: Class initialized using 'CodeIgniter\Session\Handlers\FileHandler' driver.
DEBUG - 2026-08-23 13:18:50 --> Session: Class initialized using 'CodeIgniter\Session\Handlers\FileHandler' driver.
DEBUG - 2026-08-23 13:18:54 --> Session: Class initialized using 'CodeIgniter\Session\Handlers\FileHandler' driver.
DEBUG - 2026-08-23 13:18:55 --> Session: Class initialized using 'CodeIgniter\Session\Handlers\FileHandler' driver.
DEBUG - 2026-08-23 13:18:57 --> Session: Class initialized using 'CodeIgniter\Session\Handlers\FileHandler' driver.
DEBUG - 2026-08-23 13:18:58 --> Session: Class initialized using 'CodeIgniter\Session\Handlers\FileHandler' driver.
DEBUG - 2026-08-23 13:19:20 --> Session: Class initialized using 'CodeIgniter\Session\Handlers\FileHandler' driver.
DEBUG - 2026-08-23 13:19:22 --> Session: Class initialized using 'CodeIgniter\Session\Handlers\FileHandler' driver.
DEBUG - 2026-08-23 13:19:25 --> Session: Class initialized using 'CodeIgniter\Session\Handlers\FileHandler' driver.
DEBUG - 2026-08-23 13:19:27 --> Session: Class initialized using 'CodeIgniter\Session\Handlers\FileHandler' driver.
DEBUG - 2026-08-23 13:19:28 --> Session: Class initialized using 'CodeIgniter\Session\Handlers\FileHandler' driver.
DEBUG - 2026-08-23 13:19:55 --> Session: Class initialized using 'CodeIgniter\Session\Handlers\FileHandler' driver.
DEBUG - 2026-08-23 13:19:58 --> Session: Class initialized using 'CodeIgniter\Session\Handlers\FileHandler' driver.
DEBUG - 2026-08-23 13:20:18 --> Session: Class initialized using 'CodeIgniter\Session\Handlers\FileHandler' driver.
DEBUG - 2026-08-23 13:20:19 --> Session: Class initialized using 'CodeIgniter\Session\Handlers\FileHandler' driver.
DEBUG - 2026-08-23 13:20:28 --> Session: Class initialized using 'CodeIgniter\Session\Handlers\FileHandler' driver.
DEBUG - 2026-08-23 13:20:49 --> Session: Class initialized using 'CodeIgniter\Session\Handlers\FileHandler' driver.
DEBUG - 2026-08-23 13:20:58 --> Session: Class initialized using 'CodeIgniter\Session\Handlers\FileHandler' driver.
DEBUG - 2026-08-23 13:21:19 --> Session: Class initialized using 'CodeIgniter\Session\Handlers\FileHandler' driver.
DEBUG - 2026-08-23 13:21:28 --> Session: Class initialized using 'CodeIgniter\Session\Handlers\FileHandler' driver.
DEBUG - 2026-08-23 13:21:49 --> Session: Class initialized using 'CodeIgniter\Session\Handlers\FileHandler' driver.
DEBUG - 2026-08-23 13:21:58 --> Session: Class initialized using 'CodeIgniter\Session\Handlers\FileHandler' driver.
DEBUG - 2026-08-23 13:22:19 --> Session: Class initialized using 'CodeIgniter\Session\Handlers\FileHandler' driver.
DEBUG - 2026-08-23 13:22:28 --> Session: Class initialized using 'CodeIgniter\Session\Handlers\FileHandler' driver.
DEBUG - 2026-08-23 13:22:30 --> Session: Class initialized using 'CodeIgniter\Session\Handlers\FileHandler' driver.
DEBUG - 2026-08-23 13:22:32 --> Session: Class initialized using 'CodeIgniter\Session\Handlers\FileHandler' driver.
DEBUG - 2026-08-23 13:22:47 --> Session: Class initialized using 'CodeIgniter\Session\Handlers\FileHandler' driver.
DEBUG - 2026-08-23 13:22:48 --> Session: Class initialized using 'CodeIgniter\Session\Handlers\FileHandler' driver.
DEBUG - 2026-08-23 13:22:50 --> Session: Class initialized using 'CodeIgniter\Session\Handlers\FileHandler' driver.
DEBUG - 2026-08-23 13:23:18 --> Session: Class initialized using 'CodeIgniter\Session\Handlers\FileHandler' driver.
DEBUG - 2026-08-23 13:23:20 --> Session: Class initialized using 'CodeIgniter\Session\Handlers\FileHandler' driver.
DEBUG - 2026-08-23 13:23:48 --> Session: Class initialized using 'CodeIgniter\Session\Handlers\FileHandler' driver.
DEBUG - 2026-08-23 13:23:50 --> Session: Class initialized using 'CodeIgniter\Session\Handlers\FileHandler' driver.
DEBUG - 2026-08-23 13:24:18 --> Session: Class initialized using 'CodeIgniter\Session\Handlers\FileHandler' driver.
DEBUG - 2026-08-23 13:24:21 --> Session: Class initialized using 'CodeIgniter\Session\Handlers\FileHandler' driver.
DEBUG - 2026-08-23 13:24:48 --> Session: Class initialized using 'CodeIgniter\Session\Handlers\FileHandler' driver.
DEBUG - 2026-08-23 13:24:50 --> Session: Class initialized using 'CodeIgniter\Session\Handlers\FileHandler' driver.
DEBUG - 2026-08-23 13:25:18 --> Session: Class initialized using 'CodeIgniter\Session\Handlers\FileHandler' driver.
DEBUG - 2026-08-23 13:25:20 --> Session: Class initialized using 'CodeIgniter\Session\Handlers\FileHandler' driver.
DEBUG - 2026-08-23 13:25:25 --> Session: Class initialized using 'CodeIgniter\Session\Handlers\FileHandler' driver.
DEBUG - 2026-08-23 13:25:26 --> Session: Class initialized using 'CodeIgniter\Session\Handlers\FileHandler' driver.
DEBUG - 2026-08-23 13:25:33 --> Session: Class initialized using 'CodeIgniter\Session\Handlers\FileHandler' driver.
DEBUG - 2026-08-23 13:25:38 --> Session: Class initialized using 'CodeIgniter\Session\Handlers\FileHandler' driver.
DEBUG - 2026-08-23 13:25:49 --> Session: Class initialized using 'CodeIgniter\Session\Handlers\FileHandler' driver.
DEBUG - 2026-08-23 13:26:08 --> Session: Class initialized using 'CodeIgniter\Session\Handlers\FileHandler' driver.
DEBUG - 2026-08-23 13:26:19 --> Session: Class initialized using 'CodeIgniter\Session\Handlers\FileHandler' driver.
DEBUG - 2026-08-23 13:26:38 --> Session: Class initialized using 'CodeIgniter\Session\Handlers\FileHandler' driver.
DEBUG - 2026-08-23 13:26:49 --> Session: Class initialized using 'CodeIgniter\Session\Handlers\FileHandler' driver.
DEBUG - 2026-08-23 13:27:08 --> Session: Class initialized using 'CodeIgniter\Session\Handlers\FileHandler' driver.
DEBUG - 2026-08-23 13:27:19 --> Session: Class initialized using 'CodeIgniter\Session\Handlers\FileHandler' driver.
DEBUG - 2026-08-23 13:27:38 --> Session: Class initialized using 'CodeIgniter\Session\Handlers\FileHandler' driver.
DEBUG - 2026-08-23 13:27:49 --> Session: Class initialized using 'CodeIgniter\Session\Handlers\FileHandler' driver.
DEBUG - 2026-08-23 13:28:08 --> Session: Class initialized using 'CodeIgniter\Session\Handlers\FileHandler' driver.
DEBUG - 2026-08-23 13:28:19 --> Session: Class initialized using 'CodeIgniter\Session\Handlers\FileHandler' driver.
DEBUG - 2026-08-23 13:28:38 --> Session: Class initialized using 'CodeIgniter\Session\Handlers\FileHandler' driver.
DEBUG - 2026-08-23 13:28:49 --> Session: Class initialized using 'CodeIgniter\Session\Handlers\FileHandler' driver.
DEBUG - 2026-08-23 13:29:08 --> Session: Class initialized using 'CodeIgniter\Session\Handlers\FileHandler' driver.
DEBUG - 2026-08-23 13:29:19 --> Session: Class initialized using 'CodeIgniter\Session\Handlers\FileHandler' driver.
DEBUG - 2026-08-23 13:29:38 --> Session: Class initialized using 'CodeIgniter\Session\Handlers\FileHandler' driver.
DEBUG - 2026-08-23 13:29:49 --> Session: Class initialized using 'CodeIgniter\Session\Handlers\FileHandler' driver.
DEBUG - 2026-08-23 13:30:08 --> Session: Class initialized using 'CodeIgniter\Session\Handlers\FileHandler' driver.
DEBUG - 2026-08-23 13:30:19 --> Session: Class initialized using 'CodeIgniter\Session\Handlers\FileHandler' driver.
DEBUG - 2026-08-23 13:30:38 --> Session: Class initialized using 'CodeIgniter\Session\Handlers\FileHandler' driver.
DEBUG - 2026-08-23 13:30:49 --> Session: Class initialized using 'CodeIgniter\Session\Handlers\FileHandler' driver.
DEBUG - 2026-08-23 13:31:08 --> Session: Class initialized using 'CodeIgniter\Session\Handlers\FileHandler' driver.
DEBUG - 2026-08-23 13:31:19 --> Session: Class initialized using 'CodeIgniter\Session\Handlers\FileHandler' driver.
DEBUG - 2026-08-23 13:31:38 --> Session: Class initialized using 'CodeIgniter\Session\Handlers\FileHandler' driver.
DEBUG - 2026-08-23 13:31:49 --> Session: Class initialized using 'CodeIgniter\Session\Handlers\FileHandler' driver.
DEBUG - 2026-08-23 13:32:08 --> Session: Class initialized using 'CodeIgniter\Session\Handlers\FileHandler' driver.
DEBUG - 2026-08-23 13:32:19 --> Session: Class initialized using 'CodeIgniter\Session\Handlers\FileHandler' driver.
DEBUG - 2026-08-23 13:32:38 --> Session: Class initialized using 'CodeIgniter\Session\Handlers\FileHandler' driver.
DEBUG - 2026-08-23 13:32:49 --> Session: Class initialized using 'CodeIgniter\Session\Handlers\FileHandler' driver.
DEBUG - 2026-08-23 13:33:08 --> Session: Class initialized using 'CodeIgniter\Session\Handlers\FileHandler' driver.
DEBUG - 2026-08-23 13:33:19 --> Session: Class initialized using 'CodeIgniter\Session\Handlers\FileHandler' driver.
DEBUG - 2026-08-23 13:33:38 --> Session: Class initialized using 'CodeIgniter\Session\Handlers\FileHandler' driver.
DEBUG - 2026-08-23 13:33:49 --> Session: Class initialized using 'CodeIgniter\Session\Handlers\FileHandler' driver.
DEBUG - 2026-08-23 13:34:08 --> Session: Class initialized using 'CodeIgniter\Session\Handlers\FileHandler' driver.
DEBUG - 2026-08-23 13:34:19 --> Session: Class initialized using 'CodeIgniter\Session\Handlers\FileHandler' driver.
DEBUG - 2026-08-23 13:34:38 --> Session: Class initialized using 'CodeIgniter\Session\Handlers\FileHandler' driver.
DEBUG - 2026-08-23 13:34:49 --> Session: Class initialized using 'CodeIgniter\Session\Handlers\FileHandler' driver.
DEBUG - 2026-08-23 13:35:08 --> Session: Class initialized using 'CodeIgniter\Session\Handlers\FileHandler' driver.
DEBUG - 2026-08-23 13:35:19 --> Session: Class initialized using 'CodeIgniter\Session\Handlers\FileHandler' driver.
DEBUG - 2026-08-23 13:35:38 --> Session: Class initialized using 'CodeIgniter\Session\Handlers\FileHandler' driver.
DEBUG - 2026-08-23 13:35:49 --> Session: Class initialized using 'CodeIgniter\Session\Handlers\FileHandler' driver.
DEBUG - 2026-08-23 13:36:08 --> Session: Class initialized using 'CodeIgniter\Session\Handlers\FileHandler' driver.
DEBUG - 2026-08-23 13:36:19 --> Session: Class initialized using 'CodeIgniter\Session\Handlers\FileHandler' driver.
DEBUG - 2026-08-23 13:36:38 --> Session: Class initialized using 'CodeIgniter\Session\Handlers\FileHandler' driver.
DEBUG - 2026-08-23 13:36:49 --> Session: Class initialized using 'CodeIgniter\Session\Handlers\FileHandler' driver.
DEBUG - 2026-08-23 13:37:03 --> Session: Class initialized using 'CodeIgniter\Session\Handlers\FileHandler' driver.
DEBUG - 2026-08-23 13:37:05 --> Session: Class initialized using 'CodeIgniter\Session\Handlers\FileHandler' driver.
DEBUG - 2026-08-23 13:37:09 --> Session: Class initialized using 'CodeIgniter\Session\Handlers\FileHandler' driver.
DEBUG - 2026-08-23 13:37:10 --> Session: Class initialized using 'CodeIgniter\Session\Handlers\FileHandler' driver.
DEBUG - 2026-08-23 13:37:35 --> Session: Class initialized using 'CodeIgniter\Session\Handlers\FileHandler' driver.
DEBUG - 2026-08-23 13:37:40 --> Session: Class initialized using 'CodeIgniter\Session\Handlers\FileHandler' driver.
DEBUG - 2026-08-23 13:38:05 --> Session: Class initialized using 'CodeIgniter\Session\Handlers\FileHandler' driver.
DEBUG - 2026-08-23 13:38:10 --> Session: Class initialized using 'CodeIgniter\Session\Handlers\FileHandler' driver.
DEBUG - 2026-08-23 13:38:30 --> Session: Class initialized using 'CodeIgniter\Session\Handlers\FileHandler' driver.
DEBUG - 2026-08-23 13:38:32 --> Session: Class initialized using 'CodeIgniter\Session\Handlers\FileHandler' driver.
DEBUG - 2026-08-23 13:38:35 --> Session: Class initialized using 'CodeIgniter\Session\Handlers\FileHandler' driver.
DEBUG - 2026-08-23 13:38:36 --> Session: Class initialized using 'CodeIgniter\Session\Handlers\FileHandler' driver.
DEBUG - 2026-08-23 13:38:39 --> Session: Class initialized using 'CodeIgniter\Session\Handlers\FileHandler' driver.
DEBUG - 2026-08-23 13:38:42 --> Session: Class initialized using 'CodeIgniter\Session\Handlers\FileHandler' driver.
DEBUG - 2026-08-23 13:38:44 --> Session: Class initialized using 'CodeIgniter\Session\Handlers\FileHandler' driver.
DEBUG - 2026-08-23 13:38:46 --> Session: Class initialized using 'CodeIgniter\Session\Handlers\FileHandler' driver.
DEBUG - 2026-08-23 13:38:47 --> Session: Class initialized using 'CodeIgniter\Session\Handlers\FileHandler' driver.
DEBUG - 2026-08-23 13:38:50 --> Session: Class initialized using 'CodeIgniter\Session\Handlers\FileHandler' driver.
DEBUG - 2026-08-23 13:38:51 --> Session: Class initialized using 'CodeIgniter\Session\Handlers\FileHandler' driver.
DEBUG - 2026-08-23 13:39:10 --> Session: Class initialized using 'CodeIgniter\Session\Handlers\FileHandler' driver.
DEBUG - 2026-08-23 13:39:21 --> Session: Class initialized using 'CodeIgniter\Session\Handlers\FileHandler' driver.
DEBUG - 2026-08-23 13:39:40 --> Session: Class initialized using 'CodeIgniter\Session\Handlers\FileHandler' driver.
DEBUG - 2026-08-23 13:39:51 --> Session: Class initialized using 'CodeIgniter\Session\Handlers\FileHandler' driver.
DEBUG - 2026-08-23 13:40:10 --> Session: Class initialized using 'CodeIgniter\Session\Handlers\FileHandler' driver.
DEBUG - 2026-08-23 13:40:21 --> Session: Class initialized using 'CodeIgniter\Session\Handlers\FileHandler' driver.
DEBUG - 2026-08-23 13:40:40 --> Session: Class initialized using 'CodeIgniter\Session\Handlers\FileHandler' driver.
DEBUG - 2026-08-23 13:40:51 --> Session: Class initialized using 'CodeIgniter\Session\Handlers\FileHandler' driver.
DEBUG - 2026-08-23 13:41:10 --> Session: Class initialized using 'CodeIgniter\Session\Handlers\FileHandler' driver.
DEBUG - 2026-08-23 13:41:21 --> Session: Class initialized using 'CodeIgniter\Session\Handlers\FileHandler' driver.
DEBUG - 2026-08-23 13:41:40 --> Session: Class initialized using 'CodeIgniter\Session\Handlers\FileHandler' driver.
DEBUG - 2026-08-23 13:41:51 --> Session: Class initialized using 'CodeIgniter\Session\Handlers\FileHandler' driver.
DEBUG - 2026-08-23 13:42:10 --> Session: Class initialized using 'CodeIgniter\Session\Handlers\FileHandler' driver.
DEBUG - 2026-08-23 13:42:21 --> Session: Class initialized using 'CodeIgniter\Session\Handlers\FileHandler' driver.
DEBUG - 2026-08-23 13:42:40 --> Session: Class initialized using 'CodeIgniter\Session\Handlers\FileHandler' driver.
DEBUG - 2026-08-23 13:42:51 --> Session: Class initialized using 'CodeIgniter\Session\Handlers\FileHandler' driver.
DEBUG - 2026-08-23 13:43:10 --> Session: Class initialized using 'CodeIgniter\Session\Handlers\FileHandler' driver.
DEBUG - 2026-08-23 13:43:21 --> Session: Class initialized using 'CodeIgniter\Session\Handlers\FileHandler' driver.
DEBUG - 2026-08-23 13:43:40 --> Session: Class initialized using 'CodeIgniter\Session\Handlers\FileHandler' driver.
DEBUG - 2026-08-23 13:43:51 --> Session: Class initialized using 'CodeIgniter\Session\Handlers\FileHandler' driver.
DEBUG - 2026-08-23 13:44:10 --> Session: Class initialized using 'CodeIgniter\Session\Handlers\FileHandler' driver.
DEBUG - 2026-08-23 13:44:21 --> Session: Class initialized using 'CodeIgniter\Session\Handlers\FileHandler' driver.
DEBUG - 2026-08-23 13:44:40 --> Session: Class initialized using 'CodeIgniter\Session\Handlers\FileHandler' driver.
DEBUG - 2026-08-23 13:44:51 --> Session: Class initialized using 'CodeIgniter\Session\Handlers\FileHandler' driver.
DEBUG - 2026-08-23 13:45:10 --> Session: Class initialized using 'CodeIgniter\Session\Handlers\FileHandler' driver.
DEBUG - 2026-08-23 13:45:21 --> Session: Class initialized using 'CodeIgniter\Session\Handlers\FileHandler' driver.
DEBUG - 2026-08-23 13:45:40 --> Session: Class initialized using 'CodeIgniter\Session\Handlers\FileHandler' driver.
DEBUG - 2026-08-23 13:45:51 --> Session: Class initialized using 'CodeIgniter\Session\Handlers\FileHandler' driver.
DEBUG - 2026-08-23 13:46:10 --> Session: Class initialized using 'CodeIgniter\Session\Handlers\FileHandler' driver.
DEBUG - 2026-08-23 13:46:21 --> Session: Class initialized using 'CodeIgniter\Session\Handlers\FileHandler' driver.
DEBUG - 2026-08-23 13:46:40 --> Session: Class initialized using 'CodeIgniter\Session\Handlers\FileHandler' driver.
DEBUG - 2026-08-23 13:46:51 --> Session: Class initialized using 'CodeIgniter\Session\Handlers\FileHandler' driver.
DEBUG - 2026-08-23 13:47:10 --> Session: Class initialized using 'CodeIgniter\Session\Handlers\FileHandler' driver.
DEBUG - 2026-08-23 13:47:21 --> Session: Class initialized using 'CodeIgniter\Session\Handlers\FileHandler' driver.
DEBUG - 2026-08-23 13:47:40 --> Session: Class initialized using 'CodeIgniter\Session\Handlers\FileHandler' driver.
DEBUG - 2026-08-23 13:47:51 --> Session: Class initialized using 'CodeIgniter\Session\Handlers\FileHandler' driver.
DEBUG - 2026-08-23 13:48:10 --> Session: Class initialized using 'CodeIgniter\Session\Handlers\FileHandler' driver.
DEBUG - 2026-08-23 13:48:21 --> Session: Class initialized using 'CodeIgniter\Session\Handlers\FileHandler' driver.
DEBUG - 2026-08-23 13:48:40 --> Session: Class initialized using 'CodeIgniter\Session\Handlers\FileHandler' driver.
DEBUG - 2026-08-23 13:48:51 --> Session: Class initialized using 'CodeIgniter\Session\Handlers\FileHandler' driver.
DEBUG - 2026-08-23 13:49:10 --> Session: Class initialized using 'CodeIgniter\Session\Handlers\FileHandler' driver.
DEBUG - 2026-08-23 13:49:21 --> Session: Class initialized using 'CodeIgniter\Session\Handlers\FileHandler' driver.
DEBUG - 2026-08-23 13:49:40 --> Session: Class initialized using 'CodeIgniter\Session\Handlers\FileHandler' driver.
DEBUG - 2026-08-23 13:49:51 --> Session: Class initialized using 'CodeIgniter\Session\Handlers\FileHandler' driver.
DEBUG - 2026-08-23 13:50:10 --> Session: Class initialized using 'CodeIgniter\Session\Handlers\FileHandler' driver.
DEBUG - 2026-08-23 13:50:21 --> Session: Class initialized using 'CodeIgniter\Session\Handlers\FileHandler' driver.
DEBUG - 2026-08-23 13:50:40 --> Session: Class initialized using 'CodeIgniter\Session\Handlers\FileHandler' driver.
DEBUG - 2026-08-23 13:50:51 --> Session: Class initialized using 'CodeIgniter\Session\Handlers\FileHandler' driver.
DEBUG - 2026-08-23 13:51:10 --> Session: Class initialized using 'CodeIgniter\Session\Handlers\FileHandler' driver.
DEBUG - 2026-08-23 13:51:21 --> Session: Class initialized using 'CodeIgniter\Session\Handlers\FileHandler' driver.
DEBUG - 2026-08-23 13:51:40 --> Session: Class initialized using 'CodeIgniter\Session\Handlers\FileHandler' driver.
DEBUG - 2026-08-23 13:51:51 --> Session: Class initialized using 'CodeIgniter\Session\Handlers\FileHandler' driver.
DEBUG - 2026-08-23 13:52:10 --> Session: Class initialized using 'CodeIgniter\Session\Handlers\FileHandler' driver.
DEBUG - 2026-08-23 13:52:21 --> Session: Class initialized using 'CodeIgniter\Session\Handlers\FileHandler' driver.
DEBUG - 2026-08-23 13:52:40 --> Session: Class initialized using 'CodeIgniter\Session\Handlers\FileHandler' driver.
DEBUG - 2026-08-23 13:52:51 --> Session: Class initialized using 'CodeIgniter\Session\Handlers\FileHandler' driver.
DEBUG - 2026-08-23 13:53:10 --> Session: Class initialized using 'CodeIgniter\Session\Handlers\FileHandler' driver.
DEBUG - 2026-08-23 13:53:21 --> Session: Class initialized using 'CodeIgniter\Session\Handlers\FileHandler' driver.
DEBUG - 2026-08-23 13:53:40 --> Session: Class initialized using 'CodeIgniter\Session\Handlers\FileHandler' driver.
DEBUG - 2026-08-23 13:53:51 --> Session: Class initialized using 'CodeIgniter\Session\Handlers\FileHandler' driver.
DEBUG - 2026-08-23 13:54:10 --> Session: Class initialized using 'CodeIgniter\Session\Handlers\FileHandler' driver.
DEBUG - 2026-08-23 13:54:21 --> Session: Class initialized using 'CodeIgniter\Session\Handlers\FileHandler' driver.
DEBUG - 2026-08-23 13:54:40 --> Session: Class initialized using 'CodeIgniter\Session\Handlers\FileHandler' driver.
DEBUG - 2026-08-23 13:54:51 --> Session: Class initialized using 'CodeIgniter\Session\Handlers\FileHandler' driver.
DEBUG - 2026-08-23 13:55:10 --> Session: Class initialized using 'CodeIgniter\Session\Handlers\FileHandler' driver.
DEBUG - 2026-08-23 13:55:21 --> Session: Class initialized using 'CodeIgniter\Session\Handlers\FileHandler' driver.
DEBUG - 2026-08-23 13:55:40 --> Session: Class initialized using 'CodeIgniter\Session\Handlers\FileHandler' driver.
DEBUG - 2026-08-23 13:55:51 --> Session: Class initialized using 'CodeIgniter\Session\Handlers\FileHandler' driver.
DEBUG - 2026-08-23 13:56:10 --> Session: Class initialized using 'CodeIgniter\Session\Handlers\FileHandler' driver.
DEBUG - 2026-08-23 13:56:21 --> Session: Class initialized using 'CodeIgniter\Session\Handlers\FileHandler' driver.
DEBUG - 2026-08-23 13:56:40 --> Session: Class initialized using 'CodeIgniter\Session\Handlers\FileHandler' driver.
DEBUG - 2026-08-23 13:56:51 --> Session: Class initialized using 'CodeIgniter\Session\Handlers\FileHandler' driver.
DEBUG - 2026-08-23 13:57:10 --> Session: Class initialized using 'CodeIgniter\Session\Handlers\FileHandler' driver.
DEBUG - 2026-08-23 13:57:21 --> Session: Class initialized using 'CodeIgniter\Session\Handlers\FileHandler' driver.
DEBUG - 2026-08-23 13:57:40 --> Session: Class initialized using 'CodeIgniter\Session\Handlers\FileHandler' driver.
DEBUG - 2026-08-23 13:57:51 --> Session: Class initialized using 'CodeIgniter\Session\Handlers\FileHandler' driver.
DEBUG - 2026-08-23 13:58:10 --> Session: Class initialized using 'CodeIgniter\Session\Handlers\FileHandler' driver.
DEBUG - 2026-08-23 13:58:21 --> Session: Class initialized using 'CodeIgniter\Session\Handlers\FileHandler' driver.
DEBUG - 2026-08-23 13:58:40 --> Session: Class initialized using 'CodeIgniter\Session\Handlers\FileHandler' driver.
DEBUG - 2026-08-23 13:58:51 --> Session: Class initialized using 'CodeIgniter\Session\Handlers\FileHandler' driver.
DEBUG - 2026-08-23 13:59:10 --> Session: Class initialized using 'CodeIgniter\Session\Handlers\FileHandler' driver.
DEBUG - 2026-08-23 13:59:21 --> Session: Class initialized using 'CodeIgniter\Session\Handlers\FileHandler' driver.
DEBUG - 2026-08-23 13:59:40 --> Session: Class initialized using 'CodeIgniter\Session\Handlers\FileHandler' driver.
DEBUG - 2026-08-23 13:59:51 --> Session: Class initialized using 'CodeIgniter\Session\Handlers\FileHandler' driver.
DEBUG - 2026-08-23 14:00:10 --> Session: Class initialized using 'CodeIgniter\Session\Handlers\FileHandler' driver.
DEBUG - 2026-08-23 14:00:21 --> Session: Class initialized using 'CodeIgniter\Session\Handlers\FileHandler' driver.
DEBUG - 2026-08-23 14:00:40 --> Session: Class initialized using 'CodeIgniter\Session\Handlers\FileHandler' driver.
DEBUG - 2026-08-23 14:00:51 --> Session: Class initialized using 'CodeIgniter\Session\Handlers\FileHandler' driver.
DEBUG - 2026-08-23 14:01:10 --> Session: Class initialized using 'CodeIgniter\Session\Handlers\FileHandler' driver.
DEBUG - 2026-08-23 14:01:21 --> Session: Class initialized using 'CodeIgniter\Session\Handlers\FileHandler' driver.
DEBUG - 2026-08-23 14:01:40 --> Session: Class initialized using 'CodeIgniter\Session\Handlers\FileHandler' driver.
DEBUG - 2026-08-23 14:01:51 --> Session: Class initialized using 'CodeIgniter\Session\Handlers\FileHandler' driver.
DEBUG - 2026-08-23 14:02:10 --> Session: Class initialized using 'CodeIgniter\Session\Handlers\FileHandler' driver.
DEBUG - 2026-08-23 14:02:21 --> Session: Class initialized using 'CodeIgniter\Session\Handlers\FileHandler' driver.
DEBUG - 2026-08-23 14:02:40 --> Session: Class initialized using 'CodeIgniter\Session\Handlers\FileHandler' driver.
DEBUG - 2026-08-23 14:02:51 --> Session: Class initialized using 'CodeIgniter\Session\Handlers\FileHandler' driver.
DEBUG - 2026-08-23 14:03:10 --> Session: Class initialized using 'CodeIgniter\Session\Handlers\FileHandler' driver.
DEBUG - 2026-08-23 14:03:12 --> Session: Class initialized using 'CodeIgniter\Session\Handlers\FileHandler' driver.
DEBUG - 2026-08-23 14:03:13 --> Session: Class initialized using 'CodeIgniter\Session\Handlers\FileHandler' driver.
DEBUG - 2026-08-23 14:03:30 --> Session: Class initialized using 'CodeIgniter\Session\Handlers\FileHandler' driver.
DEBUG - 2026-08-23 14:03:31 --> Session: Class initialized using 'CodeIgniter\Session\Handlers\FileHandler' driver.
DEBUG - 2026-08-23 14:03:43 --> Session: Class initialized using 'CodeIgniter\Session\Handlers\FileHandler' driver.
DEBUG - 2026-08-23 14:04:01 --> Session: Class initialized using 'CodeIgniter\Session\Handlers\FileHandler' driver.
DEBUG - 2026-08-23 14:04:13 --> Session: Class initialized using 'CodeIgniter\Session\Handlers\FileHandler' driver.
DEBUG - 2026-08-23 14:04:31 --> Session: Class initialized using 'CodeIgniter\Session\Handlers\FileHandler' driver.
DEBUG - 2026-08-23 14:04:36 --> Session: Class initialized using 'CodeIgniter\Session\Handlers\FileHandler' driver.
DEBUG - 2026-08-23 14:04:37 --> Session: Class initialized using 'CodeIgniter\Session\Handlers\FileHandler' driver.
DEBUG - 2026-08-23 14:04:43 --> Session: Class initialized using 'CodeIgniter\Session\Handlers\FileHandler' driver.
DEBUG - 2026-08-23 14:04:57 --> Session: Class initialized using 'CodeIgniter\Session\Handlers\FileHandler' driver.
DEBUG - 2026-08-23 14:04:58 --> Session: Class initialized using 'CodeIgniter\Session\Handlers\FileHandler' driver.
DEBUG - 2026-08-23 14:05:13 --> Session: Class initialized using 'CodeIgniter\Session\Handlers\FileHandler' driver.
DEBUG - 2026-08-23 14:05:20 --> Session: Class initialized using 'CodeIgniter\Session\Handlers\FileHandler' driver.
DEBUG - 2026-08-23 14:05:21 --> Session: Class initialized using 'CodeIgniter\Session\Handlers\FileHandler' driver.
DEBUG - 2026-08-23 14:05:43 --> Session: Class initialized using 'CodeIgniter\Session\Handlers\FileHandler' driver.
DEBUG - 2026-08-23 14:05:51 --> Session: Class initialized using 'CodeIgniter\Session\Handlers\FileHandler' driver.
DEBUG - 2026-08-23 14:05:59 --> Session: Class initialized using 'CodeIgniter\Session\Handlers\FileHandler' driver.
INFO - 2026-08-23 14:05:59 --> CSRF token verified.
DEBUG - 2026-08-23 14:05:59 --> Session: Class initialized using 'CodeIgniter\Session\Handlers\FileHandler' driver.
DEBUG - 2026-08-23 14:06:00 --> Session: Class initialized using 'CodeIgniter\Session\Handlers\FileHandler' driver.
DEBUG - 2026-08-23 14:06:13 --> Session: Class initialized using 'CodeIgniter\Session\Handlers\FileHandler' driver.
DEBUG - 2026-08-23 14:06:16 --> Session: Class initialized using 'CodeIgniter\Session\Handlers\FileHandler' driver.
DEBUG - 2026-08-23 14:06:17 --> Session: Class initialized using 'CodeIgniter\Session\Handlers\FileHandler' driver.
DEBUG - 2026-08-23 14:06:43 --> Session: Class initialized using 'CodeIgniter\Session\Handlers\FileHandler' driver.
DEBUG - 2026-08-23 14:06:47 --> Session: Class initialized using 'CodeIgniter\Session\Handlers\FileHandler' driver.
DEBUG - 2026-08-23 14:07:17 --> Session: Class initialized using 'CodeIgniter\Session\Handlers\FileHandler' driver.
DEBUG - 2026-08-23 14:07:20 --> Session: Class initialized using 'CodeIgniter\Session\Handlers\FileHandler' driver.
DEBUG - 2026-08-23 14:07:27 --> Session: Class initialized using 'CodeIgniter\Session\Handlers\FileHandler' driver.
DEBUG - 2026-08-23 14:07:28 --> Session: Class initialized using 'CodeIgniter\Session\Handlers\FileHandler' driver.
DEBUG - 2026-08-23 14:07:42 --> Session: Class initialized using 'CodeIgniter\Session\Handlers\FileHandler' driver.
INFO - 2026-08-23 14:07:42 --> CSRF token verified.
DEBUG - 2026-08-23 14:07:43 --> Session: Class initialized using 'CodeIgniter\Session\Handlers\FileHandler' driver.
DEBUG - 2026-08-23 14:07:44 --> Session: Class initialized using 'CodeIgniter\Session\Handlers\FileHandler' driver.
DEBUG - 2026-08-23 14:07:54 --> Session: Class initialized using 'CodeIgniter\Session\Handlers\FileHandler' driver.
DEBUG - 2026-08-23 14:07:55 --> Session: Class initialized using 'CodeIgniter\Session\Handlers\FileHandler' driver.
DEBUG - 2026-08-23 14:08:00 --> Session: Class initialized using 'CodeIgniter\Session\Handlers\FileHandler' driver.
DEBUG - 2026-08-23 14:08:01 --> Session: Class initialized using 'CodeIgniter\Session\Handlers\FileHandler' driver.
DEBUG - 2026-08-23 14:08:18 --> Session: Class initialized using 'CodeIgniter\Session\Handlers\FileHandler' driver.
DEBUG - 2026-08-23 14:08:30 --> Session: Class initialized using 'CodeIgniter\Session\Handlers\FileHandler' driver.
DEBUG - 2026-08-23 14:09:01 --> Session: Class initialized using 'CodeIgniter\Session\Handlers\FileHandler' driver.
DEBUG - 2026-08-23 14:09:18 --> Session: Class initialized using 'CodeIgniter\Session\Handlers\FileHandler' driver.
DEBUG - 2026-08-23 14:09:31 --> Session: Class initialized using 'CodeIgniter\Session\Handlers\FileHandler' driver.
DEBUG - 2026-08-23 14:10:01 --> Session: Class initialized using 'CodeIgniter\Session\Handlers\FileHandler' driver.
DEBUG - 2026-08-23 14:10:18 --> Session: Class initialized using 'CodeIgniter\Session\Handlers\FileHandler' driver.
DEBUG - 2026-08-23 14:10:21 --> Session: Class initialized using 'CodeIgniter\Session\Handlers\FileHandler' driver.
DEBUG - 2026-08-23 14:10:22 --> Session: Class initialized using 'CodeIgniter\Session\Handlers\FileHandler' driver.
DEBUG - 2026-08-23 14:10:31 --> Session: Class initialized using 'CodeIgniter\Session\Handlers\FileHandler' driver.
DEBUG - 2026-08-23 14:10:32 --> Session: Class initialized using 'CodeIgniter\Session\Handlers\FileHandler' driver.
DEBUG - 2026-08-23 14:10:38 --> Session: Class initialized using 'CodeIgniter\Session\Handlers\FileHandler' driver.
INFO - 2026-08-23 14:10:38 --> CSRF token verified.
DEBUG - 2026-08-23 14:10:39 --> Session: Class initialized using 'CodeIgniter\Session\Handlers\FileHandler' driver.
DEBUG - 2026-08-23 14:10:40 --> Session: Class initialized using 'CodeIgniter\Session\Handlers\FileHandler' driver.
DEBUG - 2026-08-23 14:11:10 --> Session: Class initialized using 'CodeIgniter\Session\Handlers\FileHandler' driver.
DEBUG - 2026-08-23 14:11:18 --> Session: Class initialized using 'CodeIgniter\Session\Handlers\FileHandler' driver.
DEBUG - 2026-08-23 14:11:40 --> Session: Class initialized using 'CodeIgniter\Session\Handlers\FileHandler' driver.
DEBUG - 2026-08-23 14:11:42 --> Session: Class initialized using 'CodeIgniter\Session\Handlers\FileHandler' driver.
DEBUG - 2026-08-23 14:11:43 --> Session: Class initialized using 'CodeIgniter\Session\Handlers\FileHandler' driver.
DEBUG - 2026-08-23 14:12:02 --> Session: Class initialized using 'CodeIgniter\Session\Handlers\FileHandler' driver.
DEBUG - 2026-08-23 14:12:03 --> Session: Class initialized using 'CodeIgniter\Session\Handlers\FileHandler' driver.
DEBUG - 2026-08-23 14:12:14 --> Session: Class initialized using 'CodeIgniter\Session\Handlers\FileHandler' driver.
INFO - 2026-08-23 14:12:14 --> CSRF token verified.
DEBUG - 2026-08-23 14:12:15 --> Session: Class initialized using 'CodeIgniter\Session\Handlers\FileHandler' driver.
DEBUG - 2026-08-23 14:12:16 --> Session: Class initialized using 'CodeIgniter\Session\Handlers\FileHandler' driver.
DEBUG - 2026-08-23 14:12:19 --> Session: Class initialized using 'CodeIgniter\Session\Handlers\FileHandler' driver.
DEBUG - 2026-08-23 14:12:29 --> Session: Class initialized using 'CodeIgniter\Session\Handlers\FileHandler' driver.
INFO - 2026-08-23 14:12:29 --> CSRF token verified.
DEBUG - 2026-08-23 14:12:29 --> Session: Class initialized using 'CodeIgniter\Session\Handlers\FileHandler' driver.
DEBUG - 2026-08-23 14:12:30 --> Session: Class initialized using 'CodeIgniter\Session\Handlers\FileHandler' driver.
DEBUG - 2026-08-23 14:13:00 --> Session: Class initialized using 'CodeIgniter\Session\Handlers\FileHandler' driver.
DEBUG - 2026-08-23 14:13:18 --> Session: Class initialized using 'CodeIgniter\Session\Handlers\FileHandler' driver.
DEBUG - 2026-08-23 14:13:30 --> Session: Class initialized using 'CodeIgniter\Session\Handlers\FileHandler' driver.
DEBUG - 2026-08-23 14:13:49 --> Session: Class initialized using 'CodeIgniter\Session\Handlers\FileHandler' driver.
DEBUG - 2026-08-23 14:13:50 --> Session: Class initialized using 'CodeIgniter\Session\Handlers\FileHandler' driver.
DEBUG - 2026-08-23 14:14:09 --> Session: Class initialized using 'CodeIgniter\Session\Handlers\FileHandler' driver.
DEBUG - 2026-08-23 14:14:10 --> Session: Class initialized using 'CodeIgniter\Session\Handlers\FileHandler' driver.
DEBUG - 2026-08-23 14:14:18 --> Session: Class initialized using 'CodeIgniter\Session\Handlers\FileHandler' driver.
DEBUG - 2026-08-23 14:14:40 --> Session: Class initialized using 'CodeIgniter\Session\Handlers\FileHandler' driver.
DEBUG - 2026-08-23 14:14:55 --> Session: Class initialized using 'CodeIgniter\Session\Handlers\FileHandler' driver.
DEBUG - 2026-08-23 14:14:56 --> Session: Class initialized using 'CodeIgniter\Session\Handlers\FileHandler' driver.
DEBUG - 2026-08-23 14:15:18 --> Session: Class initialized using 'CodeIgniter\Session\Handlers\FileHandler' driver.
DEBUG - 2026-08-23 14:15:26 --> Session: Class initialized using 'CodeIgniter\Session\Handlers\FileHandler' driver.
DEBUG - 2026-08-23 14:15:56 --> Session: Class initialized using 'CodeIgniter\Session\Handlers\FileHandler' driver.
DEBUG - 2026-08-23 14:16:18 --> Session: Class initialized using 'CodeIgniter\Session\Handlers\FileHandler' driver.
DEBUG - 2026-08-23 14:16:26 --> Session: Class initialized using 'CodeIgniter\Session\Handlers\FileHandler' driver.
DEBUG - 2026-08-23 14:16:28 --> Session: Class initialized using 'CodeIgniter\Session\Handlers\FileHandler' driver.
DEBUG - 2026-08-23 14:16:29 --> Session: Class initialized using 'CodeIgniter\Session\Handlers\FileHandler' driver.
DEBUG - 2026-08-23 14:16:33 --> Session: Class initialized using 'CodeIgniter\Session\Handlers\FileHandler' driver.
DEBUG - 2026-08-23 14:16:34 --> Session: Class initialized using 'CodeIgniter\Session\Handlers\FileHandler' driver.
DEBUG - 2026-08-23 14:16:38 --> Session: Class initialized using 'CodeIgniter\Session\Handlers\FileHandler' driver.
DEBUG - 2026-08-23 14:16:39 --> Session: Class initialized using 'CodeIgniter\Session\Handlers\FileHandler' driver.
INFO - 2026-08-23 14:17:04 --> CSRF token verified.
WARNING - 2026-08-23 14:17:05 --> Falha ao despachar evento Lead Meta Conversions API: Call to undefined method App\Libraries\MetaAdsService::sendLead()
DEBUG - 2026-08-23 14:17:09 --> Session: Class initialized using 'CodeIgniter\Session\Handlers\FileHandler' driver.
DEBUG - 2026-08-23 14:17:18 --> Session: Class initialized using 'CodeIgniter\Session\Handlers\FileHandler' driver.
DEBUG - 2026-08-23 14:17:23 --> Session: Class initialized using 'CodeIgniter\Session\Handlers\FileHandler' driver.
CRITICAL - 2026-08-23 14:17:24 --> ParseError: syntax error, unexpected token "endif"
[Method: GET, Route: leads-vip]
in APPPATH\Views\admin\leads\_table_rows.php on line 110.
 1 SYSTEMPATH\View\View.php(243): CodeIgniter\View\View->{closure:CodeIgniter\View\View::render():237}()
 2 SYSTEMPATH\Common.php(1268): CodeIgniter\View\View->render()
 3 APPPATH\Views\admin\leads\index.php(73): view()
 4 SYSTEMPATH\View\View.php(240): include('C:\\Sistemas\\Dias Imports\\Dias Importes - Marketing v2\\dias_imports_v2\\app\\Views\\admin\\leads\\index.php')
 5 SYSTEMPATH\View\View.php(243): CodeIgniter\View\View->{closure:CodeIgniter\View\View::render():237}()
 6 SYSTEMPATH\Common.php(1268): CodeIgniter\View\View->render()
 7 APPPATH\Controllers\VipLeads.php(45): view()
 8 SYSTEMPATH\CodeIgniter.php(974): App\Controllers\VipLeads->index()
 9 SYSTEMPATH\CodeIgniter.php(520): CodeIgniter\CodeIgniter->runController()
10 SYSTEMPATH\CodeIgniter.php(363): CodeIgniter\CodeIgniter->handleRequest()
11 SYSTEMPATH\Boot.php(417): CodeIgniter\CodeIgniter->run()
12 SYSTEMPATH\Boot.php(68): CodeIgniter\Boot::runCodeIgniter()
13 FCPATH\index.php(59): CodeIgniter\Boot::bootWeb()
14 SYSTEMPATH\rewrite.php(44): require_once('C:\\Sistemas\\Dias Imports\\Dias Importes - Marketing v2\\dias_imports_v2\\public\\index.php')
DEBUG - 2026-08-23 14:18:18 --> Session: Class initialized using 'CodeIgniter\Session\Handlers\FileHandler' driver.
DEBUG - 2026-08-23 14:19:15 --> Session: Class initialized using 'CodeIgniter\Session\Handlers\FileHandler' driver.
DEBUG - 2026-08-23 14:19:16 --> Session: Class initialized using 'CodeIgniter\Session\Handlers\FileHandler' driver.
DEBUG - 2026-08-23 14:19:19 --> Session: Class initialized using 'CodeIgniter\Session\Handlers\FileHandler' driver.
DEBUG - 2026-08-23 14:19:28 --> Session: Class initialized using 'CodeIgniter\Session\Handlers\FileHandler' driver.
DEBUG - 2026-08-23 14:19:37 --> Session: Class initialized using 'CodeIgniter\Session\Handlers\FileHandler' driver.
DEBUG - 2026-08-23 14:19:46 --> Session: Class initialized using 'CodeIgniter\Session\Handlers\FileHandler' driver.
DEBUG - 2026-08-23 14:19:48 --> Session: Class initialized using 'CodeIgniter\Session\Handlers\FileHandler' driver.
DEBUG - 2026-08-23 14:19:59 --> Session: Class initialized using 'CodeIgniter\Session\Handlers\FileHandler' driver.
DEBUG - 2026-08-23 14:20:11 --> Session: Class initialized using 'CodeIgniter\Session\Handlers\FileHandler' driver.
DEBUG - 2026-08-23 14:20:16 --> Session: Class initialized using 'CodeIgniter\Session\Handlers\FileHandler' driver.
DEBUG - 2026-08-23 14:20:18 --> Session: Class initialized using 'CodeIgniter\Session\Handlers\FileHandler' driver.
DEBUG - 2026-08-23 14:20:22 --> Session: Class initialized using 'CodeIgniter\Session\Handlers\FileHandler' driver.
DEBUG - 2026-08-23 14:20:25 --> Session: Class initialized using 'CodeIgniter\Session\Handlers\FileHandler' driver.
INFO - 2026-08-23 14:20:25 --> CSRF token verified.
DEBUG - 2026-08-23 14:20:26 --> Session: Class initialized using 'CodeIgniter\Session\Handlers\FileHandler' driver.
DEBUG - 2026-08-23 14:20:37 --> Session: Class initialized using 'CodeIgniter\Session\Handlers\FileHandler' driver.
DEBUG - 2026-08-23 14:20:42 --> Session: Class initialized using 'CodeIgniter\Session\Handlers\FileHandler' driver.
DEBUG - 2026-08-23 14:20:44 --> Session: Class initialized using 'CodeIgniter\Session\Handlers\FileHandler' driver.
DEBUG - 2026-08-23 14:20:49 --> Session: Class initialized using 'CodeIgniter\Session\Handlers\FileHandler' driver.
DEBUG - 2026-08-23 14:20:50 --> Session: Class initialized using 'CodeIgniter\Session\Handlers\FileHandler' driver.
DEBUG - 2026-08-23 14:20:54 --> Session: Class initialized using 'CodeIgniter\Session\Handlers\FileHandler' driver.
DEBUG - 2026-08-23 14:20:55 --> Session: Class initialized using 'CodeIgniter\Session\Handlers\FileHandler' driver.
DEBUG - 2026-08-23 14:21:18 --> Session: Class initialized using 'CodeIgniter\Session\Handlers\FileHandler' driver.
DEBUG - 2026-08-23 14:21:25 --> Session: Class initialized using 'CodeIgniter\Session\Handlers\FileHandler' driver.
DEBUG - 2026-08-23 14:21:27 --> Session: Class initialized using 'CodeIgniter\Session\Handlers\FileHandler' driver.
DEBUG - 2026-08-23 14:21:55 --> Session: Class initialized using 'CodeIgniter\Session\Handlers\FileHandler' driver.
DEBUG - 2026-08-23 14:21:58 --> Session: Class initialized using 'CodeIgniter\Session\Handlers\FileHandler' driver.
DEBUG - 2026-08-23 14:22:18 --> Session: Class initialized using 'CodeIgniter\Session\Handlers\FileHandler' driver.
DEBUG - 2026-08-23 14:22:25 --> Session: Class initialized using 'CodeIgniter\Session\Handlers\FileHandler' driver.
DEBUG - 2026-08-23 14:22:29 --> Session: Class initialized using 'CodeIgniter\Session\Handlers\FileHandler' driver.
DEBUG - 2026-08-23 14:22:55 --> Session: Class initialized using 'CodeIgniter\Session\Handlers\FileHandler' driver.
DEBUG - 2026-08-23 14:23:00 --> Session: Class initialized using 'CodeIgniter\Session\Handlers\FileHandler' driver.
DEBUG - 2026-08-23 14:23:18 --> Session: Class initialized using 'CodeIgniter\Session\Handlers\FileHandler' driver.
DEBUG - 2026-08-23 14:23:25 --> Session: Class initialized using 'CodeIgniter\Session\Handlers\FileHandler' driver.
DEBUG - 2026-08-23 14:23:32 --> Session: Class initialized using 'CodeIgniter\Session\Handlers\FileHandler' driver.
DEBUG - 2026-08-23 14:23:40 --> Session: Class initialized using 'CodeIgniter\Session\Handlers\FileHandler' driver.
DEBUG - 2026-08-23 14:23:42 --> Session: Class initialized using 'CodeIgniter\Session\Handlers\FileHandler' driver.
DEBUG - 2026-08-23 14:23:45 --> Session: Class initialized using 'CodeIgniter\Session\Handlers\FileHandler' driver.
DEBUG - 2026-08-23 14:23:46 --> Session: Class initialized using 'CodeIgniter\Session\Handlers\FileHandler' driver.
DEBUG - 2026-08-23 14:24:09 --> Session: Class initialized using 'CodeIgniter\Session\Handlers\FileHandler' driver.
DEBUG - 2026-08-23 14:24:13 --> Session: Class initialized using 'CodeIgniter\Session\Handlers\FileHandler' driver.
DEBUG - 2026-08-23 14:24:16 --> Session: Class initialized using 'CodeIgniter\Session\Handlers\FileHandler' driver.
DEBUG - 2026-08-23 14:24:18 --> Session: Class initialized using 'CodeIgniter\Session\Handlers\FileHandler' driver.
DEBUG - 2026-08-23 14:24:21 --> Session: Class initialized using 'CodeIgniter\Session\Handlers\FileHandler' driver.
DEBUG - 2026-08-23 14:24:22 --> Session: Class initialized using 'CodeIgniter\Session\Handlers\FileHandler' driver.
DEBUG - 2026-08-23 14:24:41 --> Session: Class initialized using 'CodeIgniter\Session\Handlers\FileHandler' driver.
DEBUG - 2026-08-23 14:24:43 --> Session: Class initialized using 'CodeIgniter\Session\Handlers\FileHandler' driver.
DEBUG - 2026-08-23 14:24:45 --> Session: Class initialized using 'CodeIgniter\Session\Handlers\FileHandler' driver.
DEBUG - 2026-08-23 14:24:48 --> Session: Class initialized using 'CodeIgniter\Session\Handlers\FileHandler' driver.
DEBUG - 2026-08-23 14:24:48 --> Session: Class initialized using 'CodeIgniter\Session\Handlers\FileHandler' driver.
DEBUG - 2026-08-23 14:25:18 --> Session: Class initialized using 'CodeIgniter\Session\Handlers\FileHandler' driver.
DEBUG - 2026-08-23 14:25:21 --> Session: Class initialized using 'CodeIgniter\Session\Handlers\FileHandler' driver.
DEBUG - 2026-08-23 14:25:48 --> Session: Class initialized using 'CodeIgniter\Session\Handlers\FileHandler' driver.
DEBUG - 2026-08-23 14:25:51 --> Session: Class initialized using 'CodeIgniter\Session\Handlers\FileHandler' driver.
DEBUG - 2026-08-23 14:25:52 --> Session: Class initialized using 'CodeIgniter\Session\Handlers\FileHandler' driver.
DEBUG - 2026-08-23 14:25:56 --> Session: Class initialized using 'CodeIgniter\Session\Handlers\FileHandler' driver.
INFO - 2026-08-23 14:25:56 --> CSRF token verified.
DEBUG - 2026-08-23 14:25:58 --> Session: Class initialized using 'CodeIgniter\Session\Handlers\FileHandler' driver.
DEBUG - 2026-08-23 14:25:59 --> Session: Class initialized using 'CodeIgniter\Session\Handlers\FileHandler' driver.
DEBUG - 2026-08-23 14:26:06 --> Session: Class initialized using 'CodeIgniter\Session\Handlers\FileHandler' driver.
DEBUG - 2026-08-23 14:26:07 --> Session: Class initialized using 'CodeIgniter\Session\Handlers\FileHandler' driver.
DEBUG - 2026-08-23 14:26:10 --> Session: Class initialized using 'CodeIgniter\Session\Handlers\FileHandler' driver.
INFO - 2026-08-23 14:26:10 --> CSRF token verified.
DEBUG - 2026-08-23 14:26:12 --> Session: Class initialized using 'CodeIgniter\Session\Handlers\FileHandler' driver.
DEBUG - 2026-08-23 14:26:13 --> Session: Class initialized using 'CodeIgniter\Session\Handlers\FileHandler' driver.
DEBUG - 2026-08-23 14:26:18 --> Session: Class initialized using 'CodeIgniter\Session\Handlers\FileHandler' driver.
DEBUG - 2026-08-23 14:26:21 --> Session: Class initialized using 'CodeIgniter\Session\Handlers\FileHandler' driver.
DEBUG - 2026-08-23 14:26:22 --> Session: Class initialized using 'CodeIgniter\Session\Handlers\FileHandler' driver.
DEBUG - 2026-08-23 14:26:52 --> Session: Class initialized using 'CodeIgniter\Session\Handlers\FileHandler' driver.
DEBUG - 2026-08-23 14:27:18 --> Session: Class initialized using 'CodeIgniter\Session\Handlers\FileHandler' driver.
DEBUG - 2026-08-23 14:27:22 --> Session: Class initialized using 'CodeIgniter\Session\Handlers\FileHandler' driver.
DEBUG - 2026-08-23 14:27:37 --> Session: Class initialized using 'CodeIgniter\Session\Handlers\FileHandler' driver.
DEBUG - 2026-08-23 14:27:38 --> Session: Class initialized using 'CodeIgniter\Session\Handlers\FileHandler' driver.
DEBUG - 2026-08-23 14:27:46 --> Session: Class initialized using 'CodeIgniter\Session\Handlers\FileHandler' driver.
DEBUG - 2026-08-23 14:27:47 --> Session: Class initialized using 'CodeIgniter\Session\Handlers\FileHandler' driver.
DEBUG - 2026-08-23 14:27:51 --> Session: Class initialized using 'CodeIgniter\Session\Handlers\FileHandler' driver.
INFO - 2026-08-23 14:27:51 --> CSRF token verified.
DEBUG - 2026-08-23 14:27:53 --> Session: Class initialized using 'CodeIgniter\Session\Handlers\FileHandler' driver.
DEBUG - 2026-08-23 14:27:54 --> Session: Class initialized using 'CodeIgniter\Session\Handlers\FileHandler' driver.
DEBUG - 2026-08-23 14:28:00 --> Session: Class initialized using 'CodeIgniter\Session\Handlers\FileHandler' driver.
DEBUG - 2026-08-23 14:28:01 --> Session: Class initialized using 'CodeIgniter\Session\Handlers\FileHandler' driver.
DEBUG - 2026-08-23 14:28:18 --> Session: Class initialized using 'CodeIgniter\Session\Handlers\FileHandler' driver.
DEBUG - 2026-08-23 14:28:31 --> Session: Class initialized using 'CodeIgniter\Session\Handlers\FileHandler' driver.
DEBUG - 2026-08-23 14:28:33 --> Session: Class initialized using 'CodeIgniter\Session\Handlers\FileHandler' driver.
DEBUG - 2026-08-23 14:28:43 --> Session: Class initialized using 'CodeIgniter\Session\Handlers\FileHandler' driver.
DEBUG - 2026-08-23 14:28:44 --> Session: Class initialized using 'CodeIgniter\Session\Handlers\FileHandler' driver.
DEBUG - 2026-08-23 14:28:54 --> Session: Class initialized using 'CodeIgniter\Session\Handlers\FileHandler' driver.
DEBUG - 2026-08-23 14:28:55 --> Session: Class initialized using 'CodeIgniter\Session\Handlers\FileHandler' driver.
DEBUG - 2026-08-23 14:29:18 --> Session: Class initialized using 'CodeIgniter\Session\Handlers\FileHandler' driver.
DEBUG - 2026-08-23 14:29:25 --> Session: Class initialized using 'CodeIgniter\Session\Handlers\FileHandler' driver.
DEBUG - 2026-08-23 14:29:27 --> Session: Class initialized using 'CodeIgniter\Session\Handlers\FileHandler' driver.
DEBUG - 2026-08-23 14:30:18 --> Session: Class initialized using 'CodeIgniter\Session\Handlers\FileHandler' driver.
DEBUG - 2026-08-23 14:30:21 --> Session: Class initialized using 'CodeIgniter\Session\Handlers\FileHandler' driver.
DEBUG - 2026-08-23 14:30:22 --> Session: Class initialized using 'CodeIgniter\Session\Handlers\FileHandler' driver.
DEBUG - 2026-08-23 14:30:25 --> Session: Class initialized using 'CodeIgniter\Session\Handlers\FileHandler' driver.
DEBUG - 2026-08-23 14:30:27 --> Session: Class initialized using 'CodeIgniter\Session\Handlers\FileHandler' driver.
DEBUG - 2026-08-23 14:30:42 --> Session: Class initialized using 'CodeIgniter\Session\Handlers\FileHandler' driver.
DEBUG - 2026-08-23 14:30:43 --> Session: Class initialized using 'CodeIgniter\Session\Handlers\FileHandler' driver.
DEBUG - 2026-08-23 14:31:13 --> Session: Class initialized using 'CodeIgniter\Session\Handlers\FileHandler' driver.
DEBUG - 2026-08-23 14:31:16 --> Session: Class initialized using 'CodeIgniter\Session\Handlers\FileHandler' driver.
DEBUG - 2026-08-23 14:31:18 --> Session: Class initialized using 'CodeIgniter\Session\Handlers\FileHandler' driver.
DEBUG - 2026-08-23 14:31:43 --> Session: Class initialized using 'CodeIgniter\Session\Handlers\FileHandler' driver.
DEBUG - 2026-08-23 14:31:44 --> Session: Class initialized using 'CodeIgniter\Session\Handlers\FileHandler' driver.
DEBUG - 2026-08-23 14:31:46 --> Session: Class initialized using 'CodeIgniter\Session\Handlers\FileHandler' driver.
DEBUG - 2026-08-23 14:31:47 --> Session: Class initialized using 'CodeIgniter\Session\Handlers\FileHandler' driver.
DEBUG - 2026-08-23 14:32:00 --> Session: Class initialized using 'CodeIgniter\Session\Handlers\FileHandler' driver.
DEBUG - 2026-08-23 14:32:01 --> Session: Class initialized using 'CodeIgniter\Session\Handlers\FileHandler' driver.
DEBUG - 2026-08-23 14:32:10 --> Session: Class initialized using 'CodeIgniter\Session\Handlers\FileHandler' driver.
DEBUG - 2026-08-23 14:32:11 --> Session: Class initialized using 'CodeIgniter\Session\Handlers\FileHandler' driver.
DEBUG - 2026-08-23 14:32:18 --> Session: Class initialized using 'CodeIgniter\Session\Handlers\FileHandler' driver.
DEBUG - 2026-08-23 14:32:41 --> Session: Class initialized using 'CodeIgniter\Session\Handlers\FileHandler' driver.
DEBUG - 2026-08-23 14:32:43 --> Session: Class initialized using 'CodeIgniter\Session\Handlers\FileHandler' driver.
DEBUG - 2026-08-23 14:33:11 --> Session: Class initialized using 'CodeIgniter\Session\Handlers\FileHandler' driver.
DEBUG - 2026-08-23 14:33:13 --> Session: Class initialized using 'CodeIgniter\Session\Handlers\FileHandler' driver.
DEBUG - 2026-08-23 14:33:18 --> Session: Class initialized using 'CodeIgniter\Session\Handlers\FileHandler' driver.
DEBUG - 2026-08-23 14:33:37 --> Session: Class initialized using 'CodeIgniter\Session\Handlers\FileHandler' driver.
DEBUG - 2026-08-23 14:33:38 --> Session: Class initialized using 'CodeIgniter\Session\Handlers\FileHandler' driver.
DEBUG - 2026-08-23 14:33:41 --> Session: Class initialized using 'CodeIgniter\Session\Handlers\FileHandler' driver.
DEBUG - 2026-08-23 14:33:43 --> Session: Class initialized using 'CodeIgniter\Session\Handlers\FileHandler' driver.
DEBUG - 2026-08-23 14:33:47 --> Session: Class initialized using 'CodeIgniter\Session\Handlers\FileHandler' driver.
DEBUG - 2026-08-23 14:33:48 --> Session: Class initialized using 'CodeIgniter\Session\Handlers\FileHandler' driver.
DEBUG - 2026-08-23 14:33:51 --> Session: Class initialized using 'CodeIgniter\Session\Handlers\FileHandler' driver.
DEBUG - 2026-08-23 14:33:52 --> Session: Class initialized using 'CodeIgniter\Session\Handlers\FileHandler' driver.
DEBUG - 2026-08-23 14:33:53 --> Session: Class initialized using 'CodeIgniter\Session\Handlers\FileHandler' driver.
DEBUG - 2026-08-23 14:33:55 --> Session: Class initialized using 'CodeIgniter\Session\Handlers\FileHandler' driver.
DEBUG - 2026-08-23 14:34:23 --> Session: Class initialized using 'CodeIgniter\Session\Handlers\FileHandler' driver.
DEBUG - 2026-08-23 14:34:26 --> Session: Class initialized using 'CodeIgniter\Session\Handlers\FileHandler' driver.
DEBUG - 2026-08-23 14:34:26 --> Session: Class initialized using 'CodeIgniter\Session\Handlers\FileHandler' driver.
DEBUG - 2026-08-23 14:34:28 --> Session: Class initialized using 'CodeIgniter\Session\Handlers\FileHandler' driver.
DEBUG - 2026-08-23 14:34:53 --> Session: Class initialized using 'CodeIgniter\Session\Handlers\FileHandler' driver.
DEBUG - 2026-08-23 14:34:56 --> Session: Class initialized using 'CodeIgniter\Session\Handlers\FileHandler' driver.
DEBUG - 2026-08-23 14:34:56 --> Session: Class initialized using 'CodeIgniter\Session\Handlers\FileHandler' driver.
DEBUG - 2026-08-23 14:34:58 --> Session: Class initialized using 'CodeIgniter\Session\Handlers\FileHandler' driver.
DEBUG - 2026-08-23 14:35:15 --> Session: Class initialized using 'CodeIgniter\Session\Handlers\FileHandler' driver.
DEBUG - 2026-08-23 14:35:17 --> Session: Class initialized using 'CodeIgniter\Session\Handlers\FileHandler' driver.
DEBUG - 2026-08-23 14:35:23 --> Session: Class initialized using 'CodeIgniter\Session\Handlers\FileHandler' driver.
DEBUG - 2026-08-23 14:35:25 --> Session: Class initialized using 'CodeIgniter\Session\Handlers\FileHandler' driver.
DEBUG - 2026-08-23 14:35:47 --> Session: Class initialized using 'CodeIgniter\Session\Handlers\FileHandler' driver.
DEBUG - 2026-08-23 14:35:49 --> Session: Class initialized using 'CodeIgniter\Session\Handlers\FileHandler' driver.
DEBUG - 2026-08-23 14:35:53 --> Session: Class initialized using 'CodeIgniter\Session\Handlers\FileHandler' driver.
DEBUG - 2026-08-23 14:35:55 --> Session: Class initialized using 'CodeIgniter\Session\Handlers\FileHandler' driver.
DEBUG - 2026-08-23 14:36:10 --> Session: Class initialized using 'CodeIgniter\Session\Handlers\FileHandler' driver.
DEBUG - 2026-08-23 14:36:11 --> Session: Class initialized using 'CodeIgniter\Session\Handlers\FileHandler' driver.
DEBUG - 2026-08-23 14:36:19 --> Session: Class initialized using 'CodeIgniter\Session\Handlers\FileHandler' driver.
DEBUG - 2026-08-23 14:36:20 --> Session: Class initialized using 'CodeIgniter\Session\Handlers\FileHandler' driver.
DEBUG - 2026-08-23 14:36:23 --> Session: Class initialized using 'CodeIgniter\Session\Handlers\FileHandler' driver.
INFO - 2026-08-23 14:36:23 --> CSRF token verified.
DEBUG - 2026-08-23 14:36:25 --> Session: Class initialized using 'CodeIgniter\Session\Handlers\FileHandler' driver.
DEBUG - 2026-08-23 14:36:26 --> Session: Class initialized using 'CodeIgniter\Session\Handlers\FileHandler' driver.
DEBUG - 2026-08-23 14:36:41 --> Session: Class initialized using 'CodeIgniter\Session\Handlers\FileHandler' driver.
DEBUG - 2026-08-23 14:36:43 --> Session: Class initialized using 'CodeIgniter\Session\Handlers\FileHandler' driver.
DEBUG - 2026-08-23 14:36:48 --> Session: Class initialized using 'CodeIgniter\Session\Handlers\FileHandler' driver.
DEBUG - 2026-08-23 14:36:49 --> Session: Class initialized using 'CodeIgniter\Session\Handlers\FileHandler' driver.
DEBUG - 2026-08-23 14:36:56 --> Session: Class initialized using 'CodeIgniter\Session\Handlers\FileHandler' driver.
DEBUG - 2026-08-23 14:36:59 --> Session: Class initialized using 'CodeIgniter\Session\Handlers\FileHandler' driver.
DEBUG - 2026-08-23 14:37:00 --> Session: Class initialized using 'CodeIgniter\Session\Handlers\FileHandler' driver.
DEBUG - 2026-08-23 14:37:26 --> Session: Class initialized using 'CodeIgniter\Session\Handlers\FileHandler' driver.
DEBUG - 2026-08-23 14:37:30 --> Session: Class initialized using 'CodeIgniter\Session\Handlers\FileHandler' driver.
DEBUG - 2026-08-23 14:37:32 --> Session: Class initialized using 'CodeIgniter\Session\Handlers\FileHandler' driver.
DEBUG - 2026-08-23 14:37:34 --> Session: Class initialized using 'CodeIgniter\Session\Handlers\FileHandler' driver.
DEBUG - 2026-08-23 14:37:36 --> Session: Class initialized using 'CodeIgniter\Session\Handlers\FileHandler' driver.
DEBUG - 2026-08-23 14:37:38 --> Session: Class initialized using 'CodeIgniter\Session\Handlers\FileHandler' driver.
DEBUG - 2026-08-23 14:37:39 --> Session: Class initialized using 'CodeIgniter\Session\Handlers\FileHandler' driver.
DEBUG - 2026-08-23 14:37:56 --> Session: Class initialized using 'CodeIgniter\Session\Handlers\FileHandler' driver.
DEBUG - 2026-08-23 14:38:09 --> Session: Class initialized using 'CodeIgniter\Session\Handlers\FileHandler' driver.
DEBUG - 2026-08-23 14:38:12 --> Session: Class initialized using 'CodeIgniter\Session\Handlers\FileHandler' driver.
DEBUG - 2026-08-23 14:38:26 --> Session: Class initialized using 'CodeIgniter\Session\Handlers\FileHandler' driver.
DEBUG - 2026-08-23 14:38:39 --> Session: Class initialized using 'CodeIgniter\Session\Handlers\FileHandler' driver.
DEBUG - 2026-08-23 14:38:42 --> Session: Class initialized using 'CodeIgniter\Session\Handlers\FileHandler' driver.
DEBUG - 2026-08-23 14:38:56 --> Session: Class initialized using 'CodeIgniter\Session\Handlers\FileHandler' driver.
DEBUG - 2026-08-23 14:39:09 --> Session: Class initialized using 'CodeIgniter\Session\Handlers\FileHandler' driver.
DEBUG - 2026-08-23 14:39:12 --> Session: Class initialized using 'CodeIgniter\Session\Handlers\FileHandler' driver.
DEBUG - 2026-08-23 14:39:26 --> Session: Class initialized using 'CodeIgniter\Session\Handlers\FileHandler' driver.
DEBUG - 2026-08-23 14:39:28 --> Session: Class initialized using 'CodeIgniter\Session\Handlers\FileHandler' driver.
DEBUG - 2026-08-23 14:39:30 --> Session: Class initialized using 'CodeIgniter\Session\Handlers\FileHandler' driver.
DEBUG - 2026-08-23 14:39:39 --> Session: Class initialized using 'CodeIgniter\Session\Handlers\FileHandler' driver.
DEBUG - 2026-08-23 14:39:42 --> Session: Class initialized using 'CodeIgniter\Session\Handlers\FileHandler' driver.
DEBUG - 2026-08-23 14:39:43 --> Session: Class initialized using 'CodeIgniter\Session\Handlers\FileHandler' driver.
DEBUG - 2026-08-23 14:39:44 --> Session: Class initialized using 'CodeIgniter\Session\Handlers\FileHandler' driver.
DEBUG - 2026-08-23 14:40:00 --> Session: Class initialized using 'CodeIgniter\Session\Handlers\FileHandler' driver.
DEBUG - 2026-08-23 14:40:02 --> Session: Class initialized using 'CodeIgniter\Session\Handlers\FileHandler' driver.
DEBUG - 2026-08-23 14:40:14 --> Session: Class initialized using 'CodeIgniter\Session\Handlers\FileHandler' driver.
DEBUG - 2026-08-23 14:40:19 --> Session: Class initialized using 'CodeIgniter\Session\Handlers\FileHandler' driver.
DEBUG - 2026-08-23 14:40:30 --> Session: Class initialized using 'CodeIgniter\Session\Handlers\FileHandler' driver.
DEBUG - 2026-08-23 14:40:32 --> Session: Class initialized using 'CodeIgniter\Session\Handlers\FileHandler' driver.
DEBUG - 2026-08-23 14:40:44 --> Session: Class initialized using 'CodeIgniter\Session\Handlers\FileHandler' driver.
DEBUG - 2026-08-23 14:40:49 --> Session: Class initialized using 'CodeIgniter\Session\Handlers\FileHandler' driver.
DEBUG - 2026-08-23 14:41:00 --> Session: Class initialized using 'CodeIgniter\Session\Handlers\FileHandler' driver.
DEBUG - 2026-08-23 14:41:02 --> Session: Class initialized using 'CodeIgniter\Session\Handlers\FileHandler' driver.
DEBUG - 2026-08-23 14:41:14 --> Session: Class initialized using 'CodeIgniter\Session\Handlers\FileHandler' driver.
DEBUG - 2026-08-23 14:41:17 --> Session: Class initialized using 'CodeIgniter\Session\Handlers\FileHandler' driver.
DEBUG - 2026-08-23 14:41:18 --> Session: Class initialized using 'CodeIgniter\Session\Handlers\FileHandler' driver.
DEBUG - 2026-08-23 14:41:30 --> Session: Class initialized using 'CodeIgniter\Session\Handlers\FileHandler' driver.
DEBUG - 2026-08-23 14:41:32 --> Session: Class initialized using 'CodeIgniter\Session\Handlers\FileHandler' driver.
DEBUG - 2026-08-23 14:41:48 --> Session: Class initialized using 'CodeIgniter\Session\Handlers\FileHandler' driver.
DEBUG - 2026-08-23 14:41:51 --> Session: Class initialized using 'CodeIgniter\Session\Handlers\FileHandler' driver.
DEBUG - 2026-08-23 14:41:55 --> Session: Class initialized using 'CodeIgniter\Session\Handlers\FileHandler' driver.
DEBUG - 2026-08-23 14:41:56 --> Session: Class initialized using 'CodeIgniter\Session\Handlers\FileHandler' driver.
DEBUG - 2026-08-23 14:42:00 --> Session: Class initialized using 'CodeIgniter\Session\Handlers\FileHandler' driver.
DEBUG - 2026-08-23 14:42:02 --> Session: Class initialized using 'CodeIgniter\Session\Handlers\FileHandler' driver.
DEBUG - 2026-08-23 14:42:03 --> Session: Class initialized using 'CodeIgniter\Session\Handlers\FileHandler' driver.
DEBUG - 2026-08-23 14:42:04 --> Session: Class initialized using 'CodeIgniter\Session\Handlers\FileHandler' driver.
DEBUG - 2026-08-23 14:42:13 --> Session: Class initialized using 'CodeIgniter\Session\Handlers\FileHandler' driver.
DEBUG - 2026-08-23 14:42:14 --> Session: Class initialized using 'CodeIgniter\Session\Handlers\FileHandler' driver.
DEBUG - 2026-08-23 14:42:18 --> Session: Class initialized using 'CodeIgniter\Session\Handlers\FileHandler' driver.
DEBUG - 2026-08-23 14:42:19 --> Session: Class initialized using 'CodeIgniter\Session\Handlers\FileHandler' driver.
DEBUG - 2026-08-23 14:42:23 --> Session: Class initialized using 'CodeIgniter\Session\Handlers\FileHandler' driver.
DEBUG - 2026-08-23 14:42:24 --> Session: Class initialized using 'CodeIgniter\Session\Handlers\FileHandler' driver.
DEBUG - 2026-08-23 14:42:26 --> Session: Class initialized using 'CodeIgniter\Session\Handlers\FileHandler' driver.
DEBUG - 2026-08-23 14:42:28 --> Session: Class initialized using 'CodeIgniter\Session\Handlers\FileHandler' driver.
INFO - 2026-08-23 14:42:28 --> CSRF token verified.
DEBUG - 2026-08-23 14:42:55 --> Session: Class initialized using 'CodeIgniter\Session\Handlers\FileHandler' driver.
DEBUG - 2026-08-23 14:42:55 --> Session: Class initialized using 'CodeIgniter\Session\Handlers\FileHandler' driver.
DEBUG - 2026-08-23 14:42:56 --> Session: Class initialized using 'CodeIgniter\Session\Handlers\FileHandler' driver.
DEBUG - 2026-08-23 14:42:59 --> Session: Class initialized using 'CodeIgniter\Session\Handlers\FileHandler' driver.
DEBUG - 2026-08-23 14:43:00 --> Session: Class initialized using 'CodeIgniter\Session\Handlers\FileHandler' driver.
DEBUG - 2026-08-23 14:43:01 --> Session: Class initialized using 'CodeIgniter\Session\Handlers\FileHandler' driver.
DEBUG - 2026-08-23 14:43:03 --> Session: Class initialized using 'CodeIgniter\Session\Handlers\FileHandler' driver.
DEBUG - 2026-08-23 14:43:06 --> Session: Class initialized using 'CodeIgniter\Session\Handlers\FileHandler' driver.
DEBUG - 2026-08-23 14:43:33 --> Session: Class initialized using 'CodeIgniter\Session\Handlers\FileHandler' driver.
DEBUG - 2026-08-23 14:43:36 --> Session: Class initialized using 'CodeIgniter\Session\Handlers\FileHandler' driver.
DEBUG - 2026-08-23 14:43:37 --> Session: Class initialized using 'CodeIgniter\Session\Handlers\FileHandler' driver.
DEBUG - 2026-08-23 14:43:39 --> Session: Class initialized using 'CodeIgniter\Session\Handlers\FileHandler' driver.
DEBUG - 2026-08-23 14:44:03 --> Session: Class initialized using 'CodeIgniter\Session\Handlers\FileHandler' driver.
DEBUG - 2026-08-23 14:44:05 --> Session: Class initialized using 'CodeIgniter\Session\Handlers\FileHandler' driver.
DEBUG - 2026-08-23 14:44:06 --> Session: Class initialized using 'CodeIgniter\Session\Handlers\FileHandler' driver.
DEBUG - 2026-08-23 14:44:08 --> Session: Class initialized using 'CodeIgniter\Session\Handlers\FileHandler' driver.
DEBUG - 2026-08-23 14:44:33 --> Session: Class initialized using 'CodeIgniter\Session\Handlers\FileHandler' driver.
DEBUG - 2026-08-23 14:44:36 --> Session: Class initialized using 'CodeIgniter\Session\Handlers\FileHandler' driver.
DEBUG - 2026-08-23 14:44:38 --> Session: Class initialized using 'CodeIgniter\Session\Handlers\FileHandler' driver.
DEBUG - 2026-08-23 14:44:39 --> Session: Class initialized using 'CodeIgniter\Session\Handlers\FileHandler' driver.
DEBUG - 2026-08-23 14:44:40 --> Session: Class initialized using 'CodeIgniter\Session\Handlers\FileHandler' driver.
DEBUG - 2026-08-23 14:44:41 --> Session: Class initialized using 'CodeIgniter\Session\Handlers\FileHandler' driver.
DEBUG - 2026-08-23 14:44:44 --> Session: Class initialized using 'CodeIgniter\Session\Handlers\FileHandler' driver.
DEBUG - 2026-08-23 14:44:45 --> Session: Class initialized using 'CodeIgniter\Session\Handlers\FileHandler' driver.
DEBUG - 2026-08-23 14:44:47 --> Session: Class initialized using 'CodeIgniter\Session\Handlers\FileHandler' driver.
INFO - 2026-08-23 14:44:47 --> CSRF token verified.
DEBUG - 2026-08-23 14:44:49 --> Session: Class initialized using 'CodeIgniter\Session\Handlers\FileHandler' driver.
DEBUG - 2026-08-23 14:44:50 --> Session: Class initialized using 'CodeIgniter\Session\Handlers\FileHandler' driver.
DEBUG - 2026-08-23 14:44:51 --> Session: Class initialized using 'CodeIgniter\Session\Handlers\FileHandler' driver.
DEBUG - 2026-08-23 14:44:53 --> Session: Class initialized using 'CodeIgniter\Session\Handlers\FileHandler' driver.
DEBUG - 2026-08-23 14:44:55 --> Session: Class initialized using 'CodeIgniter\Session\Handlers\FileHandler' driver.
DEBUG - 2026-08-23 14:45:01 --> Session: Class initialized using 'CodeIgniter\Session\Handlers\FileHandler' driver.
INFO - 2026-08-23 14:45:01 --> CSRF token verified.
DEBUG - 2026-08-23 14:45:19 --> Session: Class initialized using 'CodeIgniter\Session\Handlers\FileHandler' driver.
DEBUG - 2026-08-23 14:45:21 --> Session: Class initialized using 'CodeIgniter\Session\Handlers\FileHandler' driver.
DEBUG - 2026-08-23 14:45:22 --> Session: Class initialized using 'CodeIgniter\Session\Handlers\FileHandler' driver.
DEBUG - 2026-08-23 14:45:23 --> Session: Class initialized using 'CodeIgniter\Session\Handlers\FileHandler' driver.
DEBUG - 2026-08-23 14:45:41 --> Session: Class initialized using 'CodeIgniter\Session\Handlers\FileHandler' driver.
DEBUG - 2026-08-23 14:45:44 --> Session: Class initialized using 'CodeIgniter\Session\Handlers\FileHandler' driver.
DEBUG - 2026-08-23 14:45:53 --> Session: Class initialized using 'CodeIgniter\Session\Handlers\FileHandler' driver.
DEBUG - 2026-08-23 14:45:56 --> Session: Class initialized using 'CodeIgniter\Session\Handlers\FileHandler' driver.
DEBUG - 2026-08-23 14:46:11 --> Session: Class initialized using 'CodeIgniter\Session\Handlers\FileHandler' driver.
DEBUG - 2026-08-23 14:46:14 --> Session: Class initialized using 'CodeIgniter\Session\Handlers\FileHandler' driver.
DEBUG - 2026-08-23 14:46:23 --> Session: Class initialized using 'CodeIgniter\Session\Handlers\FileHandler' driver.
DEBUG - 2026-08-23 14:46:26 --> Session: Class initialized using 'CodeIgniter\Session\Handlers\FileHandler' driver.
DEBUG - 2026-08-23 14:46:33 --> Session: Class initialized using 'CodeIgniter\Session\Handlers\FileHandler' driver.
DEBUG - 2026-08-23 14:46:34 --> Session: Class initialized using 'CodeIgniter\Session\Handlers\FileHandler' driver.
DEBUG - 2026-08-23 14:46:37 --> Session: Class initialized using 'CodeIgniter\Session\Handlers\FileHandler' driver.
INFO - 2026-08-23 14:46:37 --> CSRF token verified.
DEBUG - 2026-08-23 14:47:01 --> Session: Class initialized using 'CodeIgniter\Session\Handlers\FileHandler' driver.
DEBUG - 2026-08-23 14:47:03 --> Session: Class initialized using 'CodeIgniter\Session\Handlers\FileHandler' driver.
DEBUG - 2026-08-23 14:47:04 --> Session: Class initialized using 'CodeIgniter\Session\Handlers\FileHandler' driver.
DEBUG - 2026-08-23 14:47:05 --> Session: Class initialized using 'CodeIgniter\Session\Handlers\FileHandler' driver.
DEBUG - 2026-08-23 14:47:07 --> Session: Class initialized using 'CodeIgniter\Session\Handlers\FileHandler' driver.
DEBUG - 2026-08-23 14:47:08 --> Session: Class initialized using 'CodeIgniter\Session\Handlers\FileHandler' driver.
DEBUG - 2026-08-23 14:47:11 --> Session: Class initialized using 'CodeIgniter\Session\Handlers\FileHandler' driver.
DEBUG - 2026-08-23 14:47:13 --> Session: Class initialized using 'CodeIgniter\Session\Handlers\FileHandler' driver.
DEBUG - 2026-08-23 14:47:38 --> Session: Class initialized using 'CodeIgniter\Session\Handlers\FileHandler' driver.
DEBUG - 2026-08-23 14:47:41 --> Session: Class initialized using 'CodeIgniter\Session\Handlers\FileHandler' driver.
DEBUG - 2026-08-23 14:47:42 --> Session: Class initialized using 'CodeIgniter\Session\Handlers\FileHandler' driver.
DEBUG - 2026-08-23 14:47:44 --> Session: Class initialized using 'CodeIgniter\Session\Handlers\FileHandler' driver.
DEBUG - 2026-08-23 14:48:08 --> Session: Class initialized using 'CodeIgniter\Session\Handlers\FileHandler' driver.
DEBUG - 2026-08-23 14:48:11 --> Session: Class initialized using 'CodeIgniter\Session\Handlers\FileHandler' driver.
DEBUG - 2026-08-23 14:48:12 --> Session: Class initialized using 'CodeIgniter\Session\Handlers\FileHandler' driver.
DEBUG - 2026-08-23 14:48:14 --> Session: Class initialized using 'CodeIgniter\Session\Handlers\FileHandler' driver.
DEBUG - 2026-08-23 14:48:38 --> Session: Class initialized using 'CodeIgniter\Session\Handlers\FileHandler' driver.
DEBUG - 2026-08-23 14:48:41 --> Session: Class initialized using 'CodeIgniter\Session\Handlers\FileHandler' driver.
DEBUG - 2026-08-23 14:48:41 --> Session: Class initialized using 'CodeIgniter\Session\Handlers\FileHandler' driver.
DEBUG - 2026-08-23 14:48:43 --> Session: Class initialized using 'CodeIgniter\Session\Handlers\FileHandler' driver.
DEBUG - 2026-08-23 14:48:59 --> Session: Class initialized using 'CodeIgniter\Session\Handlers\FileHandler' driver.
DEBUG - 2026-08-23 14:49:00 --> Session: Class initialized using 'CodeIgniter\Session\Handlers\FileHandler' driver.
DEBUG - 2026-08-23 14:49:03 --> Session: Class initialized using 'CodeIgniter\Session\Handlers\FileHandler' driver.
INFO - 2026-08-23 14:49:03 --> CSRF token verified.
DEBUG - 2026-08-23 14:49:05 --> Session: Class initialized using 'CodeIgniter\Session\Handlers\FileHandler' driver.
DEBUG - 2026-08-23 14:49:06 --> Session: Class initialized using 'CodeIgniter\Session\Handlers\FileHandler' driver.
DEBUG - 2026-08-23 14:49:07 --> Session: Class initialized using 'CodeIgniter\Session\Handlers\FileHandler' driver.
DEBUG - 2026-08-23 14:49:10 --> Session: Class initialized using 'CodeIgniter\Session\Handlers\FileHandler' driver.
DEBUG - 2026-08-23 14:49:12 --> Session: Class initialized using 'CodeIgniter\Session\Handlers\FileHandler' driver.
DEBUG - 2026-08-23 14:49:37 --> Session: Class initialized using 'CodeIgniter\Session\Handlers\FileHandler' driver.
DEBUG - 2026-08-23 14:49:40 --> Session: Class initialized using 'CodeIgniter\Session\Handlers\FileHandler' driver.
DEBUG - 2026-08-23 14:49:41 --> Session: Class initialized using 'CodeIgniter\Session\Handlers\FileHandler' driver.
DEBUG - 2026-08-23 14:49:43 --> Session: Class initialized using 'CodeIgniter\Session\Handlers\FileHandler' driver.
DEBUG - 2026-08-23 14:49:44 --> Session: Class initialized using 'CodeIgniter\Session\Handlers\FileHandler' driver.
DEBUG - 2026-08-23 14:49:45 --> Session: Class initialized using 'CodeIgniter\Session\Handlers\FileHandler' driver.
DEBUG - 2026-08-23 14:49:48 --> Session: Class initialized using 'CodeIgniter\Session\Handlers\FileHandler' driver.
INFO - 2026-08-23 14:49:48 --> CSRF token verified.
CRITICAL - 2026-08-23 14:50:19 --> ErrorException: Maximum execution time of 30 seconds exceeded
[Method: POST, Route: central-trabalho/37/executar]
in SYSTEMPATH\HTTP\CURLRequest.php on line 727.
 1 [internal function]: CodeIgniter\Debug\Exceptions->shutdownHandler()
DEBUG - 2026-08-23 14:50:19 --> Session: Class initialized using 'CodeIgniter\Session\Handlers\FileHandler' driver.
DEBUG - 2026-08-23 14:50:21 --> Session: Class initialized using 'CodeIgniter\Session\Handlers\FileHandler' driver.
DEBUG - 2026-08-23 14:50:22 --> Session: Class initialized using 'CodeIgniter\Session\Handlers\FileHandler' driver.
DEBUG - 2026-08-23 14:50:23 --> Session: Class initialized using 'CodeIgniter\Session\Handlers\FileHandler' driver.
DEBUG - 2026-08-23 14:50:38 --> Session: Class initialized using 'CodeIgniter\Session\Handlers\FileHandler' driver.
DEBUG - 2026-08-23 14:50:41 --> Session: Class initialized using 'CodeIgniter\Session\Handlers\FileHandler' driver.
DEBUG - 2026-08-23 14:50:55 --> Session: Class initialized using 'CodeIgniter\Session\Handlers\FileHandler' driver.
DEBUG - 2026-08-23 14:50:57 --> Session: Class initialized using 'CodeIgniter\Session\Handlers\FileHandler' driver.
DEBUG - 2026-08-23 14:51:08 --> Session: Class initialized using 'CodeIgniter\Session\Handlers\FileHandler' driver.
DEBUG - 2026-08-23 14:51:09 --> Session: Class initialized using 'CodeIgniter\Session\Handlers\FileHandler' driver.
DEBUG - 2026-08-23 14:51:39 --> Session: Class initialized using 'CodeIgniter\Session\Handlers\FileHandler' driver.
DEBUG - 2026-08-23 14:51:42 --> Session: Class initialized using 'CodeIgniter\Session\Handlers\FileHandler' driver.
DEBUG - 2026-08-23 14:52:09 --> Session: Class initialized using 'CodeIgniter\Session\Handlers\FileHandler' driver.
DEBUG - 2026-08-23 14:52:11 --> Session: Class initialized using 'CodeIgniter\Session\Handlers\FileHandler' driver.
DEBUG - 2026-08-23 14:52:19 --> Session: Class initialized using 'CodeIgniter\Session\Handlers\FileHandler' driver.
DEBUG - 2026-08-23 14:52:20 --> Session: Class initialized using 'CodeIgniter\Session\Handlers\FileHandler' driver.
DEBUG - 2026-08-23 14:52:23 --> Session: Class initialized using 'CodeIgniter\Session\Handlers\FileHandler' driver.
DEBUG - 2026-08-23 14:52:24 --> Session: Class initialized using 'CodeIgniter\Session\Handlers\FileHandler' driver.
DEBUG - 2026-08-23 14:52:30 --> Session: Class initialized using 'CodeIgniter\Session\Handlers\FileHandler' driver.
INFO - 2026-08-23 14:52:30 --> CSRF token verified.
DEBUG - 2026-08-23 14:52:58 --> Session: Class initialized using 'CodeIgniter\Session\Handlers\FileHandler' driver.
DEBUG - 2026-08-23 14:53:00 --> Session: Class initialized using 'CodeIgniter\Session\Handlers\FileHandler' driver.
DEBUG - 2026-08-23 14:53:01 --> Session: Class initialized using 'CodeIgniter\Session\Handlers\FileHandler' driver.
DEBUG - 2026-08-23 14:53:03 --> Session: Class initialized using 'CodeIgniter\Session\Handlers\FileHandler' driver.
DEBUG - 2026-08-23 14:53:04 --> Session: Class initialized using 'CodeIgniter\Session\Handlers\FileHandler' driver.
DEBUG - 2026-08-23 14:53:05 --> Session: Class initialized using 'CodeIgniter\Session\Handlers\FileHandler' driver.
DEBUG - 2026-08-23 14:53:09 --> Session: Class initialized using 'CodeIgniter\Session\Handlers\FileHandler' driver.
DEBUG - 2026-08-23 14:53:11 --> Session: Class initialized using 'CodeIgniter\Session\Handlers\FileHandler' driver.
DEBUG - 2026-08-23 14:53:35 --> Session: Class initialized using 'CodeIgniter\Session\Handlers\FileHandler' driver.
DEBUG - 2026-08-23 14:53:40 --> Session: Class initialized using 'CodeIgniter\Session\Handlers\FileHandler' driver.
DEBUG - 2026-08-23 14:53:41 --> Session: Class initialized using 'CodeIgniter\Session\Handlers\FileHandler' driver.
DEBUG - 2026-08-23 14:53:43 --> Session: Class initialized using 'CodeIgniter\Session\Handlers\FileHandler' driver.
DEBUG - 2026-08-23 14:54:05 --> Session: Class initialized using 'CodeIgniter\Session\Handlers\FileHandler' driver.
DEBUG - 2026-08-23 14:54:08 --> Session: Class initialized using 'CodeIgniter\Session\Handlers\FileHandler' driver.
DEBUG - 2026-08-23 14:54:09 --> Session: Class initialized using 'CodeIgniter\Session\Handlers\FileHandler' driver.
DEBUG - 2026-08-23 14:54:11 --> Session: Class initialized using 'CodeIgniter\Session\Handlers\FileHandler' driver.
DEBUG - 2026-08-23 14:54:35 --> Session: Class initialized using 'CodeIgniter\Session\Handlers\FileHandler' driver.
DEBUG - 2026-08-23 14:54:38 --> Session: Class initialized using 'CodeIgniter\Session\Handlers\FileHandler' driver.
DEBUG - 2026-08-23 14:54:38 --> Session: Class initialized using 'CodeIgniter\Session\Handlers\FileHandler' driver.
DEBUG - 2026-08-23 14:54:39 --> Session: Class initialized using 'CodeIgniter\Session\Handlers\FileHandler' driver.
DEBUG - 2026-08-23 14:54:42 --> Session: Class initialized using 'CodeIgniter\Session\Handlers\FileHandler' driver.
DEBUG - 2026-08-23 14:54:42 --> Session: Class initialized using 'CodeIgniter\Session\Handlers\FileHandler' driver.
DEBUG - 2026-08-23 14:55:05 --> Session: Class initialized using 'CodeIgniter\Session\Handlers\FileHandler' driver.
DEBUG - 2026-08-23 14:55:08 --> Session: Class initialized using 'CodeIgniter\Session\Handlers\FileHandler' driver.
DEBUG - 2026-08-23 14:55:12 --> Session: Class initialized using 'CodeIgniter\Session\Handlers\FileHandler' driver.
DEBUG - 2026-08-23 14:55:15 --> Session: Class initialized using 'CodeIgniter\Session\Handlers\FileHandler' driver.
DEBUG - 2026-08-23 14:55:35 --> Session: Class initialized using 'CodeIgniter\Session\Handlers\FileHandler' driver.
DEBUG - 2026-08-23 14:55:38 --> Session: Class initialized using 'CodeIgniter\Session\Handlers\FileHandler' driver.
DEBUG - 2026-08-23 14:55:42 --> Session: Class initialized using 'CodeIgniter\Session\Handlers\FileHandler' driver.
DEBUG - 2026-08-23 14:55:45 --> Session: Class initialized using 'CodeIgniter\Session\Handlers\FileHandler' driver.
DEBUG - 2026-08-23 14:56:05 --> Session: Class initialized using 'CodeIgniter\Session\Handlers\FileHandler' driver.
DEBUG - 2026-08-23 14:56:08 --> Session: Class initialized using 'CodeIgniter\Session\Handlers\FileHandler' driver.
DEBUG - 2026-08-23 14:56:09 --> Session: Class initialized using 'CodeIgniter\Session\Handlers\FileHandler' driver.
DEBUG - 2026-08-23 14:56:10 --> Session: Class initialized using 'CodeIgniter\Session\Handlers\FileHandler' driver.
DEBUG - 2026-08-23 14:56:13 --> Session: Class initialized using 'CodeIgniter\Session\Handlers\FileHandler' driver.
DEBUG - 2026-08-23 14:56:15 --> Session: Class initialized using 'CodeIgniter\Session\Handlers\FileHandler' driver.
DEBUG - 2026-08-23 14:56:40 --> Session: Class initialized using 'CodeIgniter\Session\Handlers\FileHandler' driver.
DEBUG - 2026-08-23 14:56:43 --> Session: Class initialized using 'CodeIgniter\Session\Handlers\FileHandler' driver.
DEBUG - 2026-08-23 14:56:43 --> Session: Class initialized using 'CodeIgniter\Session\Handlers\FileHandler' driver.
DEBUG - 2026-08-23 14:56:45 --> Session: Class initialized using 'CodeIgniter\Session\Handlers\FileHandler' driver.
DEBUG - 2026-08-23 14:56:46 --> Session: Class initialized using 'CodeIgniter\Session\Handlers\FileHandler' driver.
DEBUG - 2026-08-23 14:56:47 --> Session: Class initialized using 'CodeIgniter\Session\Handlers\FileHandler' driver.
DEBUG - 2026-08-23 14:56:49 --> Session: Class initialized using 'CodeIgniter\Session\Handlers\FileHandler' driver.
INFO - 2026-08-23 14:56:49 --> CSRF token verified.
DEBUG - 2026-08-23 14:56:52 --> Session: Class initialized using 'CodeIgniter\Session\Handlers\FileHandler' driver.
DEBUG - 2026-08-23 14:56:53 --> Session: Class initialized using 'CodeIgniter\Session\Handlers\FileHandler' driver.
DEBUG - 2026-08-23 14:56:55 --> Session: Class initialized using 'CodeIgniter\Session\Handlers\FileHandler' driver.
DEBUG - 2026-08-23 14:56:56 --> Session: Class initialized using 'CodeIgniter\Session\Handlers\FileHandler' driver.
DEBUG - 2026-08-23 14:56:58 --> Session: Class initialized using 'CodeIgniter\Session\Handlers\FileHandler' driver.
DEBUG - 2026-08-23 14:57:00 --> Session: Class initialized using 'CodeIgniter\Session\Handlers\FileHandler' driver.
DEBUG - 2026-08-23 14:57:03 --> Session: Class initialized using 'CodeIgniter\Session\Handlers\FileHandler' driver.
DEBUG - 2026-08-23 14:57:04 --> Session: Class initialized using 'CodeIgniter\Session\Handlers\FileHandler' driver.
DEBUG - 2026-08-23 14:57:12 --> Session: Class initialized using 'CodeIgniter\Session\Handlers\FileHandler' driver.
DEBUG - 2026-08-23 14:57:15 --> Session: Class initialized using 'CodeIgniter\Session\Handlers\FileHandler' driver.
DEBUG - 2026-08-23 14:57:16 --> Session: Class initialized using 'CodeIgniter\Session\Handlers\FileHandler' driver.
DEBUG - 2026-08-23 14:57:17 --> Session: Class initialized using 'CodeIgniter\Session\Handlers\FileHandler' driver.
DEBUG - 2026-08-23 14:57:42 --> Session: Class initialized using 'CodeIgniter\Session\Handlers\FileHandler' driver.
DEBUG - 2026-08-23 14:57:45 --> Session: Class initialized using 'CodeIgniter\Session\Handlers\FileHandler' driver.
DEBUG - 2026-08-23 14:57:47 --> Session: Class initialized using 'CodeIgniter\Session\Handlers\FileHandler' driver.
DEBUG - 2026-08-23 14:58:12 --> Session: Class initialized using 'CodeIgniter\Session\Handlers\FileHandler' driver.
DEBUG - 2026-08-23 14:58:17 --> Session: Class initialized using 'CodeIgniter\Session\Handlers\FileHandler' driver.
DEBUG - 2026-08-23 14:58:17 --> Session: Class initialized using 'CodeIgniter\Session\Handlers\FileHandler' driver.
DEBUG - 2026-08-23 14:58:42 --> Session: Class initialized using 'CodeIgniter\Session\Handlers\FileHandler' driver.
DEBUG - 2026-08-23 14:58:48 --> Session: Class initialized using 'CodeIgniter\Session\Handlers\FileHandler' driver.
DEBUG - 2026-08-23 14:58:49 --> Session: Class initialized using 'CodeIgniter\Session\Handlers\FileHandler' driver.
DEBUG - 2026-08-23 14:59:12 --> Session: Class initialized using 'CodeIgniter\Session\Handlers\FileHandler' driver.
DEBUG - 2026-08-23 14:59:16 --> Session: Class initialized using 'CodeIgniter\Session\Handlers\FileHandler' driver.
DEBUG - 2026-08-23 14:59:17 --> Session: Class initialized using 'CodeIgniter\Session\Handlers\FileHandler' driver.
DEBUG - 2026-08-23 14:59:42 --> Session: Class initialized using 'CodeIgniter\Session\Handlers\FileHandler' driver.
DEBUG - 2026-08-23 14:59:46 --> Session: Class initialized using 'CodeIgniter\Session\Handlers\FileHandler' driver.
DEBUG - 2026-08-23 14:59:47 --> Session: Class initialized using 'CodeIgniter\Session\Handlers\FileHandler' driver.
DEBUG - 2026-08-23 15:00:12 --> Session: Class initialized using 'CodeIgniter\Session\Handlers\FileHandler' driver.
DEBUG - 2026-08-23 15:00:16 --> Session: Class initialized using 'CodeIgniter\Session\Handlers\FileHandler' driver.
DEBUG - 2026-08-23 15:00:17 --> Session: Class initialized using 'CodeIgniter\Session\Handlers\FileHandler' driver.
DEBUG - 2026-08-23 15:00:42 --> Session: Class initialized using 'CodeIgniter\Session\Handlers\FileHandler' driver.
DEBUG - 2026-08-23 15:00:46 --> Session: Class initialized using 'CodeIgniter\Session\Handlers\FileHandler' driver.
DEBUG - 2026-08-23 15:00:47 --> Session: Class initialized using 'CodeIgniter\Session\Handlers\FileHandler' driver.
DEBUG - 2026-08-23 15:01:12 --> Session: Class initialized using 'CodeIgniter\Session\Handlers\FileHandler' driver.
DEBUG - 2026-08-23 15:01:15 --> Session: Class initialized using 'CodeIgniter\Session\Handlers\FileHandler' driver.
DEBUG - 2026-08-23 15:01:17 --> Session: Class initialized using 'CodeIgniter\Session\Handlers\FileHandler' driver.
DEBUG - 2026-08-23 15:01:42 --> Session: Class initialized using 'CodeIgniter\Session\Handlers\FileHandler' driver.
DEBUG - 2026-08-23 15:01:46 --> Session: Class initialized using 'CodeIgniter\Session\Handlers\FileHandler' driver.
DEBUG - 2026-08-23 15:01:47 --> Session: Class initialized using 'CodeIgniter\Session\Handlers\FileHandler' driver.
DEBUG - 2026-08-23 15:02:12 --> Session: Class initialized using 'CodeIgniter\Session\Handlers\FileHandler' driver.
DEBUG - 2026-08-23 15:02:15 --> Session: Class initialized using 'CodeIgniter\Session\Handlers\FileHandler' driver.
DEBUG - 2026-08-23 15:02:17 --> Session: Class initialized using 'CodeIgniter\Session\Handlers\FileHandler' driver.
DEBUG - 2026-08-23 15:02:42 --> Session: Class initialized using 'CodeIgniter\Session\Handlers\FileHandler' driver.
DEBUG - 2026-08-23 15:02:46 --> Session: Class initialized using 'CodeIgniter\Session\Handlers\FileHandler' driver.
DEBUG - 2026-08-23 15:02:47 --> Session: Class initialized using 'CodeIgniter\Session\Handlers\FileHandler' driver.
DEBUG - 2026-08-23 15:03:12 --> Session: Class initialized using 'CodeIgniter\Session\Handlers\FileHandler' driver.
DEBUG - 2026-08-23 15:03:16 --> Session: Class initialized using 'CodeIgniter\Session\Handlers\FileHandler' driver.
DEBUG - 2026-08-23 15:03:17 --> Session: Class initialized using 'CodeIgniter\Session\Handlers\FileHandler' driver.
DEBUG - 2026-08-23 15:03:42 --> Session: Class initialized using 'CodeIgniter\Session\Handlers\FileHandler' driver.
DEBUG - 2026-08-23 15:03:45 --> Session: Class initialized using 'CodeIgniter\Session\Handlers\FileHandler' driver.
DEBUG - 2026-08-23 15:03:47 --> Session: Class initialized using 'CodeIgniter\Session\Handlers\FileHandler' driver.
DEBUG - 2026-08-23 15:04:12 --> Session: Class initialized using 'CodeIgniter\Session\Handlers\FileHandler' driver.
DEBUG - 2026-08-23 15:04:15 --> Session: Class initialized using 'CodeIgniter\Session\Handlers\FileHandler' driver.
DEBUG - 2026-08-23 15:04:17 --> Session: Class initialized using 'CodeIgniter\Session\Handlers\FileHandler' driver.
DEBUG - 2026-08-23 15:04:42 --> Session: Class initialized using 'CodeIgniter\Session\Handlers\FileHandler' driver.
DEBUG - 2026-08-23 15:04:45 --> Session: Class initialized using 'CodeIgniter\Session\Handlers\FileHandler' driver.
DEBUG - 2026-08-23 15:04:47 --> Session: Class initialized using 'CodeIgniter\Session\Handlers\FileHandler' driver.
DEBUG - 2026-08-23 15:05:12 --> Session: Class initialized using 'CodeIgniter\Session\Handlers\FileHandler' driver.
DEBUG - 2026-08-23 15:05:15 --> Session: Class initialized using 'CodeIgniter\Session\Handlers\FileHandler' driver.
DEBUG - 2026-08-23 15:05:17 --> Session: Class initialized using 'CodeIgniter\Session\Handlers\FileHandler' driver.
DEBUG - 2026-08-23 15:05:42 --> Session: Class initialized using 'CodeIgniter\Session\Handlers\FileHandler' driver.
DEBUG - 2026-08-23 15:05:45 --> Session: Class initialized using 'CodeIgniter\Session\Handlers\FileHandler' driver.
DEBUG - 2026-08-23 15:05:47 --> Session: Class initialized using 'CodeIgniter\Session\Handlers\FileHandler' driver.
DEBUG - 2026-08-23 15:06:12 --> Session: Class initialized using 'CodeIgniter\Session\Handlers\FileHandler' driver.
DEBUG - 2026-08-23 15:06:15 --> Session: Class initialized using 'CodeIgniter\Session\Handlers\FileHandler' driver.
DEBUG - 2026-08-23 15:06:17 --> Session: Class initialized using 'CodeIgniter\Session\Handlers\FileHandler' driver.
DEBUG - 2026-08-23 15:06:42 --> Session: Class initialized using 'CodeIgniter\Session\Handlers\FileHandler' driver.
DEBUG - 2026-08-23 15:06:45 --> Session: Class initialized using 'CodeIgniter\Session\Handlers\FileHandler' driver.
DEBUG - 2026-08-23 15:06:47 --> Session: Class initialized using 'CodeIgniter\Session\Handlers\FileHandler' driver.
DEBUG - 2026-08-23 15:07:12 --> Session: Class initialized using 'CodeIgniter\Session\Handlers\FileHandler' driver.
DEBUG - 2026-08-23 15:07:15 --> Session: Class initialized using 'CodeIgniter\Session\Handlers\FileHandler' driver.
DEBUG - 2026-08-23 15:07:17 --> Session: Class initialized using 'CodeIgniter\Session\Handlers\FileHandler' driver.
DEBUG - 2026-08-23 15:07:42 --> Session: Class initialized using 'CodeIgniter\Session\Handlers\FileHandler' driver.
DEBUG - 2026-08-23 15:07:45 --> Session: Class initialized using 'CodeIgniter\Session\Handlers\FileHandler' driver.
DEBUG - 2026-08-23 15:07:47 --> Session: Class initialized using 'CodeIgniter\Session\Handlers\FileHandler' driver.
DEBUG - 2026-08-23 15:08:12 --> Session: Class initialized using 'CodeIgniter\Session\Handlers\FileHandler' driver.
DEBUG - 2026-08-23 15:08:15 --> Session: Class initialized using 'CodeIgniter\Session\Handlers\FileHandler' driver.
DEBUG - 2026-08-23 15:08:17 --> Session: Class initialized using 'CodeIgniter\Session\Handlers\FileHandler' driver.
DEBUG - 2026-08-23 15:08:42 --> Session: Class initialized using 'CodeIgniter\Session\Handlers\FileHandler' driver.
DEBUG - 2026-08-23 15:08:45 --> Session: Class initialized using 'CodeIgniter\Session\Handlers\FileHandler' driver.
DEBUG - 2026-08-23 15:08:47 --> Session: Class initialized using 'CodeIgniter\Session\Handlers\FileHandler' driver.
DEBUG - 2026-08-23 15:09:12 --> Session: Class initialized using 'CodeIgniter\Session\Handlers\FileHandler' driver.
DEBUG - 2026-08-23 15:09:15 --> Session: Class initialized using 'CodeIgniter\Session\Handlers\FileHandler' driver.
DEBUG - 2026-08-23 15:09:17 --> Session: Class initialized using 'CodeIgniter\Session\Handlers\FileHandler' driver.
DEBUG - 2026-08-23 15:09:42 --> Session: Class initialized using 'CodeIgniter\Session\Handlers\FileHandler' driver.
DEBUG - 2026-08-23 15:09:45 --> Session: Class initialized using 'CodeIgniter\Session\Handlers\FileHandler' driver.
DEBUG - 2026-08-23 15:09:47 --> Session: Class initialized using 'CodeIgniter\Session\Handlers\FileHandler' driver.
DEBUG - 2026-08-23 15:10:12 --> Session: Class initialized using 'CodeIgniter\Session\Handlers\FileHandler' driver.
DEBUG - 2026-08-23 15:10:15 --> Session: Class initialized using 'CodeIgniter\Session\Handlers\FileHandler' driver.
DEBUG - 2026-08-23 15:10:17 --> Session: Class initialized using 'CodeIgniter\Session\Handlers\FileHandler' driver.
DEBUG - 2026-08-23 15:10:42 --> Session: Class initialized using 'CodeIgniter\Session\Handlers\FileHandler' driver.
DEBUG - 2026-08-23 15:10:45 --> Session: Class initialized using 'CodeIgniter\Session\Handlers\FileHandler' driver.
DEBUG - 2026-08-23 15:10:47 --> Session: Class initialized using 'CodeIgniter\Session\Handlers\FileHandler' driver.
DEBUG - 2026-08-23 15:11:12 --> Session: Class initialized using 'CodeIgniter\Session\Handlers\FileHandler' driver.
DEBUG - 2026-08-23 15:11:15 --> Session: Class initialized using 'CodeIgniter\Session\Handlers\FileHandler' driver.
DEBUG - 2026-08-23 15:11:17 --> Session: Class initialized using 'CodeIgniter\Session\Handlers\FileHandler' driver.
DEBUG - 2026-08-23 15:11:42 --> Session: Class initialized using 'CodeIgniter\Session\Handlers\FileHandler' driver.
DEBUG - 2026-08-23 15:11:45 --> Session: Class initialized using 'CodeIgniter\Session\Handlers\FileHandler' driver.
DEBUG - 2026-08-23 15:11:47 --> Session: Class initialized using 'CodeIgniter\Session\Handlers\FileHandler' driver.
DEBUG - 2026-08-23 15:12:12 --> Session: Class initialized using 'CodeIgniter\Session\Handlers\FileHandler' driver.
DEBUG - 2026-08-23 15:12:15 --> Session: Class initialized using 'CodeIgniter\Session\Handlers\FileHandler' driver.
DEBUG - 2026-08-23 15:12:17 --> Session: Class initialized using 'CodeIgniter\Session\Handlers\FileHandler' driver.
DEBUG - 2026-08-23 15:12:42 --> Session: Class initialized using 'CodeIgniter\Session\Handlers\FileHandler' driver.
DEBUG - 2026-08-23 15:12:45 --> Session: Class initialized using 'CodeIgniter\Session\Handlers\FileHandler' driver.
DEBUG - 2026-08-23 15:12:47 --> Session: Class initialized using 'CodeIgniter\Session\Handlers\FileHandler' driver.
DEBUG - 2026-08-23 15:13:12 --> Session: Class initialized using 'CodeIgniter\Session\Handlers\FileHandler' driver.
DEBUG - 2026-08-23 15:13:15 --> Session: Class initialized using 'CodeIgniter\Session\Handlers\FileHandler' driver.
DEBUG - 2026-08-23 15:13:17 --> Session: Class initialized using 'CodeIgniter\Session\Handlers\FileHandler' driver.
DEBUG - 2026-08-23 15:13:42 --> Session: Class initialized using 'CodeIgniter\Session\Handlers\FileHandler' driver.
DEBUG - 2026-08-23 15:13:45 --> Session: Class initialized using 'CodeIgniter\Session\Handlers\FileHandler' driver.
DEBUG - 2026-08-23 15:13:47 --> Session: Class initialized using 'CodeIgniter\Session\Handlers\FileHandler' driver.
DEBUG - 2026-08-23 15:14:12 --> Session: Class initialized using 'CodeIgniter\Session\Handlers\FileHandler' driver.
DEBUG - 2026-08-23 15:14:15 --> Session: Class initialized using 'CodeIgniter\Session\Handlers\FileHandler' driver.
DEBUG - 2026-08-23 15:14:17 --> Session: Class initialized using 'CodeIgniter\Session\Handlers\FileHandler' driver.
DEBUG - 2026-08-23 15:14:42 --> Session: Class initialized using 'CodeIgniter\Session\Handlers\FileHandler' driver.
DEBUG - 2026-08-23 15:14:45 --> Session: Class initialized using 'CodeIgniter\Session\Handlers\FileHandler' driver.
DEBUG - 2026-08-23 15:14:47 --> Session: Class initialized using 'CodeIgniter\Session\Handlers\FileHandler' driver.
DEBUG - 2026-08-23 15:15:12 --> Session: Class initialized using 'CodeIgniter\Session\Handlers\FileHandler' driver.
DEBUG - 2026-08-23 15:15:15 --> Session: Class initialized using 'CodeIgniter\Session\Handlers\FileHandler' driver.
DEBUG - 2026-08-23 15:15:17 --> Session: Class initialized using 'CodeIgniter\Session\Handlers\FileHandler' driver.
DEBUG - 2026-08-23 15:15:42 --> Session: Class initialized using 'CodeIgniter\Session\Handlers\FileHandler' driver.
DEBUG - 2026-08-23 15:15:45 --> Session: Class initialized using 'CodeIgniter\Session\Handlers\FileHandler' driver.
DEBUG - 2026-08-23 15:15:47 --> Session: Class initialized using 'CodeIgniter\Session\Handlers\FileHandler' driver.
DEBUG - 2026-08-23 15:16:12 --> Session: Class initialized using 'CodeIgniter\Session\Handlers\FileHandler' driver.
DEBUG - 2026-08-23 15:16:15 --> Session: Class initialized using 'CodeIgniter\Session\Handlers\FileHandler' driver.
DEBUG - 2026-08-23 15:16:17 --> Session: Class initialized using 'CodeIgniter\Session\Handlers\FileHandler' driver.
DEBUG - 2026-08-23 15:16:42 --> Session: Class initialized using 'CodeIgniter\Session\Handlers\FileHandler' driver.
DEBUG - 2026-08-23 15:16:45 --> Session: Class initialized using 'CodeIgniter\Session\Handlers\FileHandler' driver.
DEBUG - 2026-08-23 15:16:47 --> Session: Class initialized using 'CodeIgniter\Session\Handlers\FileHandler' driver.
DEBUG - 2026-08-23 15:17:12 --> Session: Class initialized using 'CodeIgniter\Session\Handlers\FileHandler' driver.
DEBUG - 2026-08-23 15:17:15 --> Session: Class initialized using 'CodeIgniter\Session\Handlers\FileHandler' driver.
DEBUG - 2026-08-23 15:17:17 --> Session: Class initialized using 'CodeIgniter\Session\Handlers\FileHandler' driver.
DEBUG - 2026-08-23 15:17:42 --> Session: Class initialized using 'CodeIgniter\Session\Handlers\FileHandler' driver.
DEBUG - 2026-08-23 15:17:45 --> Session: Class initialized using 'CodeIgniter\Session\Handlers\FileHandler' driver.
DEBUG - 2026-08-23 15:17:47 --> Session: Class initialized using 'CodeIgniter\Session\Handlers\FileHandler' driver.
DEBUG - 2026-08-23 15:18:12 --> Session: Class initialized using 'CodeIgniter\Session\Handlers\FileHandler' driver.
DEBUG - 2026-08-23 15:18:15 --> Session: Class initialized using 'CodeIgniter\Session\Handlers\FileHandler' driver.
DEBUG - 2026-08-23 15:18:17 --> Session: Class initialized using 'CodeIgniter\Session\Handlers\FileHandler' driver.
DEBUG - 2026-08-23 15:18:42 --> Session: Class initialized using 'CodeIgniter\Session\Handlers\FileHandler' driver.
DEBUG - 2026-08-23 15:18:45 --> Session: Class initialized using 'CodeIgniter\Session\Handlers\FileHandler' driver.
DEBUG - 2026-08-23 15:18:47 --> Session: Class initialized using 'CodeIgniter\Session\Handlers\FileHandler' driver.
DEBUG - 2026-08-23 15:19:12 --> Session: Class initialized using 'CodeIgniter\Session\Handlers\FileHandler' driver.
DEBUG - 2026-08-23 15:19:15 --> Session: Class initialized using 'CodeIgniter\Session\Handlers\FileHandler' driver.
DEBUG - 2026-08-23 15:19:17 --> Session: Class initialized using 'CodeIgniter\Session\Handlers\FileHandler' driver.
DEBUG - 2026-08-23 15:19:42 --> Session: Class initialized using 'CodeIgniter\Session\Handlers\FileHandler' driver.
DEBUG - 2026-08-23 15:19:45 --> Session: Class initialized using 'CodeIgniter\Session\Handlers\FileHandler' driver.
DEBUG - 2026-08-23 15:19:47 --> Session: Class initialized using 'CodeIgniter\Session\Handlers\FileHandler' driver.
DEBUG - 2026-08-23 15:20:12 --> Session: Class initialized using 'CodeIgniter\Session\Handlers\FileHandler' driver.
DEBUG - 2026-08-23 15:20:15 --> Session: Class initialized using 'CodeIgniter\Session\Handlers\FileHandler' driver.
DEBUG - 2026-08-23 15:20:17 --> Session: Class initialized using 'CodeIgniter\Session\Handlers\FileHandler' driver.
DEBUG - 2026-08-23 15:20:42 --> Session: Class initialized using 'CodeIgniter\Session\Handlers\FileHandler' driver.
DEBUG - 2026-08-23 15:20:45 --> Session: Class initialized using 'CodeIgniter\Session\Handlers\FileHandler' driver.
DEBUG - 2026-08-23 15:20:47 --> Session: Class initialized using 'CodeIgniter\Session\Handlers\FileHandler' driver.
DEBUG - 2026-08-23 15:21:12 --> Session: Class initialized using 'CodeIgniter\Session\Handlers\FileHandler' driver.
DEBUG - 2026-08-23 15:21:15 --> Session: Class initialized using 'CodeIgniter\Session\Handlers\FileHandler' driver.
DEBUG - 2026-08-23 15:21:17 --> Session: Class initialized using 'CodeIgniter\Session\Handlers\FileHandler' driver.
DEBUG - 2026-08-23 15:21:42 --> Session: Class initialized using 'CodeIgniter\Session\Handlers\FileHandler' driver.
DEBUG - 2026-08-23 15:21:45 --> Session: Class initialized using 'CodeIgniter\Session\Handlers\FileHandler' driver.
DEBUG - 2026-08-23 15:21:47 --> Session: Class initialized using 'CodeIgniter\Session\Handlers\FileHandler' driver.
DEBUG - 2026-08-23 15:22:12 --> Session: Class initialized using 'CodeIgniter\Session\Handlers\FileHandler' driver.
DEBUG - 2026-08-23 15:22:15 --> Session: Class initialized using 'CodeIgniter\Session\Handlers\FileHandler' driver.
DEBUG - 2026-08-23 15:22:17 --> Session: Class initialized using 'CodeIgniter\Session\Handlers\FileHandler' driver.
DEBUG - 2026-08-23 15:22:42 --> Session: Class initialized using 'CodeIgniter\Session\Handlers\FileHandler' driver.
DEBUG - 2026-08-23 15:22:45 --> Session: Class initialized using 'CodeIgniter\Session\Handlers\FileHandler' driver.
DEBUG - 2026-08-23 15:22:47 --> Session: Class initialized using 'CodeIgniter\Session\Handlers\FileHandler' driver.
DEBUG - 2026-08-23 15:23:12 --> Session: Class initialized using 'CodeIgniter\Session\Handlers\FileHandler' driver.
DEBUG - 2026-08-23 15:23:15 --> Session: Class initialized using 'CodeIgniter\Session\Handlers\FileHandler' driver.
DEBUG - 2026-08-23 15:23:17 --> Session: Class initialized using 'CodeIgniter\Session\Handlers\FileHandler' driver.
DEBUG - 2026-08-23 15:23:42 --> Session: Class initialized using 'CodeIgniter\Session\Handlers\FileHandler' driver.
DEBUG - 2026-08-23 15:23:45 --> Session: Class initialized using 'CodeIgniter\Session\Handlers\FileHandler' driver.
DEBUG - 2026-08-23 15:23:47 --> Session: Class initialized using 'CodeIgniter\Session\Handlers\FileHandler' driver.
DEBUG - 2026-08-23 15:24:12 --> Session: Class initialized using 'CodeIgniter\Session\Handlers\FileHandler' driver.
DEBUG - 2026-08-23 15:24:15 --> Session: Class initialized using 'CodeIgniter\Session\Handlers\FileHandler' driver.
DEBUG - 2026-08-23 15:24:17 --> Session: Class initialized using 'CodeIgniter\Session\Handlers\FileHandler' driver.
DEBUG - 2026-08-23 15:24:42 --> Session: Class initialized using 'CodeIgniter\Session\Handlers\FileHandler' driver.
DEBUG - 2026-08-23 15:24:45 --> Session: Class initialized using 'CodeIgniter\Session\Handlers\FileHandler' driver.
DEBUG - 2026-08-23 15:24:47 --> Session: Class initialized using 'CodeIgniter\Session\Handlers\FileHandler' driver.
DEBUG - 2026-08-23 15:25:12 --> Session: Class initialized using 'CodeIgniter\Session\Handlers\FileHandler' driver.
DEBUG - 2026-08-23 15:25:15 --> Session: Class initialized using 'CodeIgniter\Session\Handlers\FileHandler' driver.
DEBUG - 2026-08-23 15:25:17 --> Session: Class initialized using 'CodeIgniter\Session\Handlers\FileHandler' driver.
DEBUG - 2026-08-23 15:25:42 --> Session: Class initialized using 'CodeIgniter\Session\Handlers\FileHandler' driver.
DEBUG - 2026-08-23 15:25:45 --> Session: Class initialized using 'CodeIgniter\Session\Handlers\FileHandler' driver.
DEBUG - 2026-08-23 15:25:47 --> Session: Class initialized using 'CodeIgniter\Session\Handlers\FileHandler' driver.
DEBUG - 2026-08-23 15:26:12 --> Session: Class initialized using 'CodeIgniter\Session\Handlers\FileHandler' driver.
DEBUG - 2026-08-23 15:26:15 --> Session: Class initialized using 'CodeIgniter\Session\Handlers\FileHandler' driver.
DEBUG - 2026-08-23 15:26:17 --> Session: Class initialized using 'CodeIgniter\Session\Handlers\FileHandler' driver.
DEBUG - 2026-08-23 15:26:42 --> Session: Class initialized using 'CodeIgniter\Session\Handlers\FileHandler' driver.
DEBUG - 2026-08-23 15:26:45 --> Session: Class initialized using 'CodeIgniter\Session\Handlers\FileHandler' driver.
DEBUG - 2026-08-23 15:26:47 --> Session: Class initialized using 'CodeIgniter\Session\Handlers\FileHandler' driver.
DEBUG - 2026-08-23 15:27:12 --> Session: Class initialized using 'CodeIgniter\Session\Handlers\FileHandler' driver.
DEBUG - 2026-08-23 15:27:15 --> Session: Class initialized using 'CodeIgniter\Session\Handlers\FileHandler' driver.
DEBUG - 2026-08-23 15:27:17 --> Session: Class initialized using 'CodeIgniter\Session\Handlers\FileHandler' driver.
DEBUG - 2026-08-23 15:27:42 --> Session: Class initialized using 'CodeIgniter\Session\Handlers\FileHandler' driver.
DEBUG - 2026-08-23 15:27:45 --> Session: Class initialized using 'CodeIgniter\Session\Handlers\FileHandler' driver.
DEBUG - 2026-08-23 15:27:47 --> Session: Class initialized using 'CodeIgniter\Session\Handlers\FileHandler' driver.
DEBUG - 2026-08-23 15:28:12 --> Session: Class initialized using 'CodeIgniter\Session\Handlers\FileHandler' driver.
DEBUG - 2026-08-23 15:28:15 --> Session: Class initialized using 'CodeIgniter\Session\Handlers\FileHandler' driver.
DEBUG - 2026-08-23 15:28:17 --> Session: Class initialized using 'CodeIgniter\Session\Handlers\FileHandler' driver.
DEBUG - 2026-08-23 15:28:42 --> Session: Class initialized using 'CodeIgniter\Session\Handlers\FileHandler' driver.
DEBUG - 2026-08-23 15:28:45 --> Session: Class initialized using 'CodeIgniter\Session\Handlers\FileHandler' driver.
DEBUG - 2026-08-23 15:28:47 --> Session: Class initialized using 'CodeIgniter\Session\Handlers\FileHandler' driver.
DEBUG - 2026-08-23 15:29:12 --> Session: Class initialized using 'CodeIgniter\Session\Handlers\FileHandler' driver.
DEBUG - 2026-08-23 15:29:15 --> Session: Class initialized using 'CodeIgniter\Session\Handlers\FileHandler' driver.
DEBUG - 2026-08-23 15:29:17 --> Session: Class initialized using 'CodeIgniter\Session\Handlers\FileHandler' driver.
DEBUG - 2026-08-23 15:29:42 --> Session: Class initialized using 'CodeIgniter\Session\Handlers\FileHandler' driver.
DEBUG - 2026-08-23 15:29:45 --> Session: Class initialized using 'CodeIgniter\Session\Handlers\FileHandler' driver.
DEBUG - 2026-08-23 15:29:47 --> Session: Class initialized using 'CodeIgniter\Session\Handlers\FileHandler' driver.
DEBUG - 2026-08-23 15:30:12 --> Session: Class initialized using 'CodeIgniter\Session\Handlers\FileHandler' driver.
DEBUG - 2026-08-23 15:30:15 --> Session: Class initialized using 'CodeIgniter\Session\Handlers\FileHandler' driver.
DEBUG - 2026-08-23 15:30:17 --> Session: Class initialized using 'CodeIgniter\Session\Handlers\FileHandler' driver.
DEBUG - 2026-08-23 15:30:42 --> Session: Class initialized using 'CodeIgniter\Session\Handlers\FileHandler' driver.
DEBUG - 2026-08-23 15:30:45 --> Session: Class initialized using 'CodeIgniter\Session\Handlers\FileHandler' driver.
DEBUG - 2026-08-23 15:30:47 --> Session: Class initialized using 'CodeIgniter\Session\Handlers\FileHandler' driver.
DEBUG - 2026-08-23 15:31:12 --> Session: Class initialized using 'CodeIgniter\Session\Handlers\FileHandler' driver.
DEBUG - 2026-08-23 15:31:15 --> Session: Class initialized using 'CodeIgniter\Session\Handlers\FileHandler' driver.
DEBUG - 2026-08-23 15:31:17 --> Session: Class initialized using 'CodeIgniter\Session\Handlers\FileHandler' driver.
DEBUG - 2026-08-23 15:31:42 --> Session: Class initialized using 'CodeIgniter\Session\Handlers\FileHandler' driver.
DEBUG - 2026-08-23 15:31:45 --> Session: Class initialized using 'CodeIgniter\Session\Handlers\FileHandler' driver.
DEBUG - 2026-08-23 15:31:47 --> Session: Class initialized using 'CodeIgniter\Session\Handlers\FileHandler' driver.
DEBUG - 2026-08-23 15:32:12 --> Session: Class initialized using 'CodeIgniter\Session\Handlers\FileHandler' driver.
DEBUG - 2026-08-23 15:32:15 --> Session: Class initialized using 'CodeIgniter\Session\Handlers\FileHandler' driver.
DEBUG - 2026-08-23 15:32:17 --> Session: Class initialized using 'CodeIgniter\Session\Handlers\FileHandler' driver.
DEBUG - 2026-08-23 15:32:42 --> Session: Class initialized using 'CodeIgniter\Session\Handlers\FileHandler' driver.
DEBUG - 2026-08-23 15:32:45 --> Session: Class initialized using 'CodeIgniter\Session\Handlers\FileHandler' driver.
DEBUG - 2026-08-23 15:32:47 --> Session: Class initialized using 'CodeIgniter\Session\Handlers\FileHandler' driver.
DEBUG - 2026-08-23 15:33:12 --> Session: Class initialized using 'CodeIgniter\Session\Handlers\FileHandler' driver.
DEBUG - 2026-08-23 15:33:15 --> Session: Class initialized using 'CodeIgniter\Session\Handlers\FileHandler' driver.
DEBUG - 2026-08-23 15:33:17 --> Session: Class initialized using 'CodeIgniter\Session\Handlers\FileHandler' driver.
DEBUG - 2026-08-23 15:33:42 --> Session: Class initialized using 'CodeIgniter\Session\Handlers\FileHandler' driver.
DEBUG - 2026-08-23 15:33:45 --> Session: Class initialized using 'CodeIgniter\Session\Handlers\FileHandler' driver.
DEBUG - 2026-08-23 15:33:47 --> Session: Class initialized using 'CodeIgniter\Session\Handlers\FileHandler' driver.
DEBUG - 2026-08-23 15:34:12 --> Session: Class initialized using 'CodeIgniter\Session\Handlers\FileHandler' driver.
DEBUG - 2026-08-23 15:34:15 --> Session: Class initialized using 'CodeIgniter\Session\Handlers\FileHandler' driver.
DEBUG - 2026-08-23 15:34:17 --> Session: Class initialized using 'CodeIgniter\Session\Handlers\FileHandler' driver.
DEBUG - 2026-08-23 15:34:42 --> Session: Class initialized using 'CodeIgniter\Session\Handlers\FileHandler' driver.
DEBUG - 2026-08-23 15:34:45 --> Session: Class initialized using 'CodeIgniter\Session\Handlers\FileHandler' driver.
DEBUG - 2026-08-23 15:34:47 --> Session: Class initialized using 'CodeIgniter\Session\Handlers\FileHandler' driver.
DEBUG - 2026-08-23 15:35:12 --> Session: Class initialized using 'CodeIgniter\Session\Handlers\FileHandler' driver.
DEBUG - 2026-08-23 15:35:15 --> Session: Class initialized using 'CodeIgniter\Session\Handlers\FileHandler' driver.
DEBUG - 2026-08-23 15:35:17 --> Session: Class initialized using 'CodeIgniter\Session\Handlers\FileHandler' driver.
DEBUG - 2026-08-23 15:35:42 --> Session: Class initialized using 'CodeIgniter\Session\Handlers\FileHandler' driver.
DEBUG - 2026-08-23 15:35:45 --> Session: Class initialized using 'CodeIgniter\Session\Handlers\FileHandler' driver.
DEBUG - 2026-08-23 15:35:47 --> Session: Class initialized using 'CodeIgniter\Session\Handlers\FileHandler' driver.
DEBUG - 2026-08-23 15:36:12 --> Session: Class initialized using 'CodeIgniter\Session\Handlers\FileHandler' driver.
DEBUG - 2026-08-23 15:36:15 --> Session: Class initialized using 'CodeIgniter\Session\Handlers\FileHandler' driver.
DEBUG - 2026-08-23 15:36:17 --> Session: Class initialized using 'CodeIgniter\Session\Handlers\FileHandler' driver.
DEBUG - 2026-08-23 15:36:42 --> Session: Class initialized using 'CodeIgniter\Session\Handlers\FileHandler' driver.
DEBUG - 2026-08-23 15:36:45 --> Session: Class initialized using 'CodeIgniter\Session\Handlers\FileHandler' driver.
DEBUG - 2026-08-23 15:36:47 --> Session: Class initialized using 'CodeIgniter\Session\Handlers\FileHandler' driver.
DEBUG - 2026-08-23 15:37:12 --> Session: Class initialized using 'CodeIgniter\Session\Handlers\FileHandler' driver.
DEBUG - 2026-08-23 15:37:15 --> Session: Class initialized using 'CodeIgniter\Session\Handlers\FileHandler' driver.
DEBUG - 2026-08-23 15:37:17 --> Session: Class initialized using 'CodeIgniter\Session\Handlers\FileHandler' driver.
DEBUG - 2026-08-23 15:37:42 --> Session: Class initialized using 'CodeIgniter\Session\Handlers\FileHandler' driver.
DEBUG - 2026-08-23 15:37:45 --> Session: Class initialized using 'CodeIgniter\Session\Handlers\FileHandler' driver.
DEBUG - 2026-08-23 15:37:47 --> Session: Class initialized using 'CodeIgniter\Session\Handlers\FileHandler' driver.
DEBUG - 2026-08-23 15:38:12 --> Session: Class initialized using 'CodeIgniter\Session\Handlers\FileHandler' driver.
DEBUG - 2026-08-23 15:38:15 --> Session: Class initialized using 'CodeIgniter\Session\Handlers\FileHandler' driver.
DEBUG - 2026-08-23 15:38:17 --> Session: Class initialized using 'CodeIgniter\Session\Handlers\FileHandler' driver.
DEBUG - 2026-08-23 15:38:42 --> Session: Class initialized using 'CodeIgniter\Session\Handlers\FileHandler' driver.
DEBUG - 2026-08-23 15:38:45 --> Session: Class initialized using 'CodeIgniter\Session\Handlers\FileHandler' driver.
DEBUG - 2026-08-23 15:38:47 --> Session: Class initialized using 'CodeIgniter\Session\Handlers\FileHandler' driver.
DEBUG - 2026-08-23 15:39:12 --> Session: Class initialized using 'CodeIgniter\Session\Handlers\FileHandler' driver.
DEBUG - 2026-08-23 15:39:15 --> Session: Class initialized using 'CodeIgniter\Session\Handlers\FileHandler' driver.
DEBUG - 2026-08-23 15:39:17 --> Session: Class initialized using 'CodeIgniter\Session\Handlers\FileHandler' driver.
DEBUG - 2026-08-23 15:39:42 --> Session: Class initialized using 'CodeIgniter\Session\Handlers\FileHandler' driver.
DEBUG - 2026-08-23 15:39:45 --> Session: Class initialized using 'CodeIgniter\Session\Handlers\FileHandler' driver.
DEBUG - 2026-08-23 15:39:47 --> Session: Class initialized using 'CodeIgniter\Session\Handlers\FileHandler' driver.
DEBUG - 2026-08-23 15:40:12 --> Session: Class initialized using 'CodeIgniter\Session\Handlers\FileHandler' driver.
DEBUG - 2026-08-23 15:40:15 --> Session: Class initialized using 'CodeIgniter\Session\Handlers\FileHandler' driver.
DEBUG - 2026-08-23 15:40:17 --> Session: Class initialized using 'CodeIgniter\Session\Handlers\FileHandler' driver.
DEBUG - 2026-08-23 15:40:42 --> Session: Class initialized using 'CodeIgniter\Session\Handlers\FileHandler' driver.
DEBUG - 2026-08-23 15:40:45 --> Session: Class initialized using 'CodeIgniter\Session\Handlers\FileHandler' driver.
DEBUG - 2026-08-23 15:40:47 --> Session: Class initialized using 'CodeIgniter\Session\Handlers\FileHandler' driver.
DEBUG - 2026-08-23 15:41:12 --> Session: Class initialized using 'CodeIgniter\Session\Handlers\FileHandler' driver.
DEBUG - 2026-08-23 15:41:15 --> Session: Class initialized using 'CodeIgniter\Session\Handlers\FileHandler' driver.
DEBUG - 2026-08-23 15:41:17 --> Session: Class initialized using 'CodeIgniter\Session\Handlers\FileHandler' driver.
DEBUG - 2026-08-23 15:41:42 --> Session: Class initialized using 'CodeIgniter\Session\Handlers\FileHandler' driver.
DEBUG - 2026-08-23 15:41:45 --> Session: Class initialized using 'CodeIgniter\Session\Handlers\FileHandler' driver.
DEBUG - 2026-08-23 15:41:47 --> Session: Class initialized using 'CodeIgniter\Session\Handlers\FileHandler' driver.
DEBUG - 2026-08-23 15:42:12 --> Session: Class initialized using 'CodeIgniter\Session\Handlers\FileHandler' driver.
DEBUG - 2026-08-23 15:42:15 --> Session: Class initialized using 'CodeIgniter\Session\Handlers\FileHandler' driver.
DEBUG - 2026-08-23 15:42:17 --> Session: Class initialized using 'CodeIgniter\Session\Handlers\FileHandler' driver.
DEBUG - 2026-08-23 15:42:42 --> Session: Class initialized using 'CodeIgniter\Session\Handlers\FileHandler' driver.
DEBUG - 2026-08-23 15:42:45 --> Session: Class initialized using 'CodeIgniter\Session\Handlers\FileHandler' driver.
DEBUG - 2026-08-23 15:42:47 --> Session: Class initialized using 'CodeIgniter\Session\Handlers\FileHandler' driver.
DEBUG - 2026-08-23 15:43:12 --> Session: Class initialized using 'CodeIgniter\Session\Handlers\FileHandler' driver.
DEBUG - 2026-08-23 15:43:15 --> Session: Class initialized using 'CodeIgniter\Session\Handlers\FileHandler' driver.
DEBUG - 2026-08-23 15:43:17 --> Session: Class initialized using 'CodeIgniter\Session\Handlers\FileHandler' driver.
DEBUG - 2026-08-23 15:43:42 --> Session: Class initialized using 'CodeIgniter\Session\Handlers\FileHandler' driver.
DEBUG - 2026-08-23 15:43:45 --> Session: Class initialized using 'CodeIgniter\Session\Handlers\FileHandler' driver.
DEBUG - 2026-08-23 15:43:47 --> Session: Class initialized using 'CodeIgniter\Session\Handlers\FileHandler' driver.
DEBUG - 2026-08-23 15:44:12 --> Session: Class initialized using 'CodeIgniter\Session\Handlers\FileHandler' driver.
DEBUG - 2026-08-23 15:44:15 --> Session: Class initialized using 'CodeIgniter\Session\Handlers\FileHandler' driver.
DEBUG - 2026-08-23 15:44:17 --> Session: Class initialized using 'CodeIgniter\Session\Handlers\FileHandler' driver.
DEBUG - 2026-08-23 15:44:42 --> Session: Class initialized using 'CodeIgniter\Session\Handlers\FileHandler' driver.
DEBUG - 2026-08-23 15:44:45 --> Session: Class initialized using 'CodeIgniter\Session\Handlers\FileHandler' driver.
DEBUG - 2026-08-23 15:44:47 --> Session: Class initialized using 'CodeIgniter\Session\Handlers\FileHandler' driver.
DEBUG - 2026-08-23 15:45:12 --> Session: Class initialized using 'CodeIgniter\Session\Handlers\FileHandler' driver.
DEBUG - 2026-08-23 15:45:15 --> Session: Class initialized using 'CodeIgniter\Session\Handlers\FileHandler' driver.
DEBUG - 2026-08-23 15:45:17 --> Session: Class initialized using 'CodeIgniter\Session\Handlers\FileHandler' driver.
DEBUG - 2026-08-23 15:45:42 --> Session: Class initialized using 'CodeIgniter\Session\Handlers\FileHandler' driver.
DEBUG - 2026-08-23 15:45:45 --> Session: Class initialized using 'CodeIgniter\Session\Handlers\FileHandler' driver.
DEBUG - 2026-08-23 15:45:47 --> Session: Class initialized using 'CodeIgniter\Session\Handlers\FileHandler' driver.
DEBUG - 2026-08-23 15:46:12 --> Session: Class initialized using 'CodeIgniter\Session\Handlers\FileHandler' driver.
DEBUG - 2026-08-23 15:46:15 --> Session: Class initialized using 'CodeIgniter\Session\Handlers\FileHandler' driver.
DEBUG - 2026-08-23 15:46:17 --> Session: Class initialized using 'CodeIgniter\Session\Handlers\FileHandler' driver.
DEBUG - 2026-08-23 15:46:42 --> Session: Class initialized using 'CodeIgniter\Session\Handlers\FileHandler' driver.
DEBUG - 2026-08-23 15:46:45 --> Session: Class initialized using 'CodeIgniter\Session\Handlers\FileHandler' driver.
DEBUG - 2026-08-23 15:46:47 --> Session: Class initialized using 'CodeIgniter\Session\Handlers\FileHandler' driver.
DEBUG - 2026-08-23 15:47:12 --> Session: Class initialized using 'CodeIgniter\Session\Handlers\FileHandler' driver.
DEBUG - 2026-08-23 15:47:15 --> Session: Class initialized using 'CodeIgniter\Session\Handlers\FileHandler' driver.
DEBUG - 2026-08-23 15:47:17 --> Session: Class initialized using 'CodeIgniter\Session\Handlers\FileHandler' driver.
DEBUG - 2026-08-23 15:47:42 --> Session: Class initialized using 'CodeIgniter\Session\Handlers\FileHandler' driver.
DEBUG - 2026-08-23 15:47:45 --> Session: Class initialized using 'CodeIgniter\Session\Handlers\FileHandler' driver.
DEBUG - 2026-08-23 15:47:47 --> Session: Class initialized using 'CodeIgniter\Session\Handlers\FileHandler' driver.
DEBUG - 2026-08-23 15:48:12 --> Session: Class initialized using 'CodeIgniter\Session\Handlers\FileHandler' driver.
DEBUG - 2026-08-23 15:48:15 --> Session: Class initialized using 'CodeIgniter\Session\Handlers\FileHandler' driver.
DEBUG - 2026-08-23 15:48:17 --> Session: Class initialized using 'CodeIgniter\Session\Handlers\FileHandler' driver.
DEBUG - 2026-08-23 15:48:42 --> Session: Class initialized using 'CodeIgniter\Session\Handlers\FileHandler' driver.
DEBUG - 2026-08-23 15:48:45 --> Session: Class initialized using 'CodeIgniter\Session\Handlers\FileHandler' driver.
DEBUG - 2026-08-23 15:48:47 --> Session: Class initialized using 'CodeIgniter\Session\Handlers\FileHandler' driver.
DEBUG - 2026-08-23 15:49:12 --> Session: Class initialized using 'CodeIgniter\Session\Handlers\FileHandler' driver.
DEBUG - 2026-08-23 15:49:15 --> Session: Class initialized using 'CodeIgniter\Session\Handlers\FileHandler' driver.
DEBUG - 2026-08-23 15:49:17 --> Session: Class initialized using 'CodeIgniter\Session\Handlers\FileHandler' driver.
DEBUG - 2026-08-23 15:49:42 --> Session: Class initialized using 'CodeIgniter\Session\Handlers\FileHandler' driver.
DEBUG - 2026-08-23 15:49:45 --> Session: Class initialized using 'CodeIgniter\Session\Handlers\FileHandler' driver.
DEBUG - 2026-08-23 15:49:47 --> Session: Class initialized using 'CodeIgniter\Session\Handlers\FileHandler' driver.
DEBUG - 2026-08-23 15:50:12 --> Session: Class initialized using 'CodeIgniter\Session\Handlers\FileHandler' driver.
DEBUG - 2026-08-23 15:50:15 --> Session: Class initialized using 'CodeIgniter\Session\Handlers\FileHandler' driver.
DEBUG - 2026-08-23 15:50:17 --> Session: Class initialized using 'CodeIgniter\Session\Handlers\FileHandler' driver.
DEBUG - 2026-08-23 15:50:42 --> Session: Class initialized using 'CodeIgniter\Session\Handlers\FileHandler' driver.
DEBUG - 2026-08-23 15:50:45 --> Session: Class initialized using 'CodeIgniter\Session\Handlers\FileHandler' driver.
DEBUG - 2026-08-23 15:50:47 --> Session: Class initialized using 'CodeIgniter\Session\Handlers\FileHandler' driver.
DEBUG - 2026-08-23 15:51:12 --> Session: Class initialized using 'CodeIgniter\Session\Handlers\FileHandler' driver.
DEBUG - 2026-08-23 15:51:15 --> Session: Class initialized using 'CodeIgniter\Session\Handlers\FileHandler' driver.
DEBUG - 2026-08-23 15:51:17 --> Session: Class initialized using 'CodeIgniter\Session\Handlers\FileHandler' driver.
DEBUG - 2026-08-23 15:51:42 --> Session: Class initialized using 'CodeIgniter\Session\Handlers\FileHandler' driver.
DEBUG - 2026-08-23 15:51:45 --> Session: Class initialized using 'CodeIgniter\Session\Handlers\FileHandler' driver.
DEBUG - 2026-08-23 15:51:47 --> Session: Class initialized using 'CodeIgniter\Session\Handlers\FileHandler' driver.
DEBUG - 2026-08-23 15:52:12 --> Session: Class initialized using 'CodeIgniter\Session\Handlers\FileHandler' driver.
DEBUG - 2026-08-23 15:52:15 --> Session: Class initialized using 'CodeIgniter\Session\Handlers\FileHandler' driver.
DEBUG - 2026-08-23 15:52:17 --> Session: Class initialized using 'CodeIgniter\Session\Handlers\FileHandler' driver.
DEBUG - 2026-08-23 15:52:42 --> Session: Class initialized using 'CodeIgniter\Session\Handlers\FileHandler' driver.
DEBUG - 2026-08-23 15:52:45 --> Session: Class initialized using 'CodeIgniter\Session\Handlers\FileHandler' driver.
DEBUG - 2026-08-23 15:52:47 --> Session: Class initialized using 'CodeIgniter\Session\Handlers\FileHandler' driver.
DEBUG - 2026-08-23 15:53:12 --> Session: Class initialized using 'CodeIgniter\Session\Handlers\FileHandler' driver.
DEBUG - 2026-08-23 15:53:15 --> Session: Class initialized using 'CodeIgniter\Session\Handlers\FileHandler' driver.
DEBUG - 2026-08-23 15:53:17 --> Session: Class initialized using 'CodeIgniter\Session\Handlers\FileHandler' driver.
DEBUG - 2026-08-23 15:53:42 --> Session: Class initialized using 'CodeIgniter\Session\Handlers\FileHandler' driver.
DEBUG - 2026-08-23 15:53:48 --> Session: Class initialized using 'CodeIgniter\Session\Handlers\FileHandler' driver.
DEBUG - 2026-08-23 15:53:48 --> Session: Class initialized using 'CodeIgniter\Session\Handlers\FileHandler' driver.
DEBUG - 2026-08-23 15:54:12 --> Session: Class initialized using 'CodeIgniter\Session\Handlers\FileHandler' driver.
DEBUG - 2026-08-23 15:54:15 --> Session: Class initialized using 'CodeIgniter\Session\Handlers\FileHandler' driver.
DEBUG - 2026-08-23 15:54:17 --> Session: Class initialized using 'CodeIgniter\Session\Handlers\FileHandler' driver.
DEBUG - 2026-08-23 15:54:42 --> Session: Class initialized using 'CodeIgniter\Session\Handlers\FileHandler' driver.
DEBUG - 2026-08-23 15:54:45 --> Session: Class initialized using 'CodeIgniter\Session\Handlers\FileHandler' driver.
DEBUG - 2026-08-23 15:54:47 --> Session: Class initialized using 'CodeIgniter\Session\Handlers\FileHandler' driver.
DEBUG - 2026-08-23 15:55:12 --> Session: Class initialized using 'CodeIgniter\Session\Handlers\FileHandler' driver.
DEBUG - 2026-08-23 15:55:15 --> Session: Class initialized using 'CodeIgniter\Session\Handlers\FileHandler' driver.
DEBUG - 2026-08-23 15:55:17 --> Session: Class initialized using 'CodeIgniter\Session\Handlers\FileHandler' driver.
DEBUG - 2026-08-23 15:55:42 --> Session: Class initialized using 'CodeIgniter\Session\Handlers\FileHandler' driver.
DEBUG - 2026-08-23 15:55:45 --> Session: Class initialized using 'CodeIgniter\Session\Handlers\FileHandler' driver.
DEBUG - 2026-08-23 15:55:47 --> Session: Class initialized using 'CodeIgniter\Session\Handlers\FileHandler' driver.
DEBUG - 2026-08-23 15:56:12 --> Session: Class initialized using 'CodeIgniter\Session\Handlers\FileHandler' driver.
DEBUG - 2026-08-23 15:56:15 --> Session: Class initialized using 'CodeIgniter\Session\Handlers\FileHandler' driver.
DEBUG - 2026-08-23 15:56:17 --> Session: Class initialized using 'CodeIgniter\Session\Handlers\FileHandler' driver.
DEBUG - 2026-08-23 15:56:42 --> Session: Class initialized using 'CodeIgniter\Session\Handlers\FileHandler' driver.
DEBUG - 2026-08-23 15:56:45 --> Session: Class initialized using 'CodeIgniter\Session\Handlers\FileHandler' driver.
DEBUG - 2026-08-23 15:56:47 --> Session: Class initialized using 'CodeIgniter\Session\Handlers\FileHandler' driver.
DEBUG - 2026-08-23 15:57:12 --> Session: Class initialized using 'CodeIgniter\Session\Handlers\FileHandler' driver.
DEBUG - 2026-08-23 15:57:15 --> Session: Class initialized using 'CodeIgniter\Session\Handlers\FileHandler' driver.
DEBUG - 2026-08-23 15:57:17 --> Session: Class initialized using 'CodeIgniter\Session\Handlers\FileHandler' driver.
DEBUG - 2026-08-23 15:57:42 --> Session: Class initialized using 'CodeIgniter\Session\Handlers\FileHandler' driver.
DEBUG - 2026-08-23 15:57:45 --> Session: Class initialized using 'CodeIgniter\Session\Handlers\FileHandler' driver.
DEBUG - 2026-08-23 15:57:47 --> Session: Class initialized using 'CodeIgniter\Session\Handlers\FileHandler' driver.
DEBUG - 2026-08-23 15:58:12 --> Session: Class initialized using 'CodeIgniter\Session\Handlers\FileHandler' driver.
DEBUG - 2026-08-23 15:58:15 --> Session: Class initialized using 'CodeIgniter\Session\Handlers\FileHandler' driver.
DEBUG - 2026-08-23 15:58:17 --> Session: Class initialized using 'CodeIgniter\Session\Handlers\FileHandler' driver.
DEBUG - 2026-08-23 15:58:42 --> Session: Class initialized using 'CodeIgniter\Session\Handlers\FileHandler' driver.
DEBUG - 2026-08-23 15:58:45 --> Session: Class initialized using 'CodeIgniter\Session\Handlers\FileHandler' driver.
DEBUG - 2026-08-23 15:58:47 --> Session: Class initialized using 'CodeIgniter\Session\Handlers\FileHandler' driver.
DEBUG - 2026-08-23 15:59:12 --> Session: Class initialized using 'CodeIgniter\Session\Handlers\FileHandler' driver.
DEBUG - 2026-08-23 15:59:15 --> Session: Class initialized using 'CodeIgniter\Session\Handlers\FileHandler' driver.
DEBUG - 2026-08-23 15:59:17 --> Session: Class initialized using 'CodeIgniter\Session\Handlers\FileHandler' driver.
DEBUG - 2026-08-23 15:59:42 --> Session: Class initialized using 'CodeIgniter\Session\Handlers\FileHandler' driver.
DEBUG - 2026-08-23 15:59:45 --> Session: Class initialized using 'CodeIgniter\Session\Handlers\FileHandler' driver.
DEBUG - 2026-08-23 15:59:47 --> Session: Class initialized using 'CodeIgniter\Session\Handlers\FileHandler' driver.
DEBUG - 2026-08-23 16:00:12 --> Session: Class initialized using 'CodeIgniter\Session\Handlers\FileHandler' driver.
DEBUG - 2026-08-23 16:00:15 --> Session: Class initialized using 'CodeIgniter\Session\Handlers\FileHandler' driver.
DEBUG - 2026-08-23 16:00:17 --> Session: Class initialized using 'CodeIgniter\Session\Handlers\FileHandler' driver.
DEBUG - 2026-08-23 16:00:42 --> Session: Class initialized using 'CodeIgniter\Session\Handlers\FileHandler' driver.
DEBUG - 2026-08-23 16:00:45 --> Session: Class initialized using 'CodeIgniter\Session\Handlers\FileHandler' driver.
DEBUG - 2026-08-23 16:00:47 --> Session: Class initialized using 'CodeIgniter\Session\Handlers\FileHandler' driver.
DEBUG - 2026-08-23 16:01:12 --> Session: Class initialized using 'CodeIgniter\Session\Handlers\FileHandler' driver.
DEBUG - 2026-08-23 16:01:15 --> Session: Class initialized using 'CodeIgniter\Session\Handlers\FileHandler' driver.
DEBUG - 2026-08-23 16:01:17 --> Session: Class initialized using 'CodeIgniter\Session\Handlers\FileHandler' driver.
DEBUG - 2026-08-23 16:01:42 --> Session: Class initialized using 'CodeIgniter\Session\Handlers\FileHandler' driver.
DEBUG - 2026-08-23 16:01:45 --> Session: Class initialized using 'CodeIgniter\Session\Handlers\FileHandler' driver.
DEBUG - 2026-08-23 16:01:47 --> Session: Class initialized using 'CodeIgniter\Session\Handlers\FileHandler' driver.
DEBUG - 2026-08-23 16:01:54 --> Session: Class initialized using 'CodeIgniter\Session\Handlers\FileHandler' driver.
DEBUG - 2026-08-23 16:01:55 --> Session: Class initialized using 'CodeIgniter\Session\Handlers\FileHandler' driver.
DEBUG - 2026-08-23 16:02:00 --> Session: Class initialized using 'CodeIgniter\Session\Handlers\FileHandler' driver.
DEBUG - 2026-08-23 16:02:01 --> Session: Class initialized using 'CodeIgniter\Session\Handlers\FileHandler' driver.
DEBUG - 2026-08-23 16:02:11 --> Session: Class initialized using 'CodeIgniter\Session\Handlers\FileHandler' driver.
INFO - 2026-08-23 16:02:11 --> CSRF token verified.
DEBUG - 2026-08-23 16:02:17 --> Session: Class initialized using 'CodeIgniter\Session\Handlers\FileHandler' driver.
DEBUG - 2026-08-23 16:02:31 --> Session: Class initialized using 'CodeIgniter\Session\Handlers\FileHandler' driver.
DEBUG - 2026-08-23 16:02:47 --> Session: Class initialized using 'CodeIgniter\Session\Handlers\FileHandler' driver.
DEBUG - 2026-08-23 16:03:01 --> Session: Class initialized using 'CodeIgniter\Session\Handlers\FileHandler' driver.
DEBUG - 2026-08-23 16:03:17 --> Session: Class initialized using 'CodeIgniter\Session\Handlers\FileHandler' driver.
DEBUG - 2026-08-23 16:03:23 --> Session: Class initialized using 'CodeIgniter\Session\Handlers\FileHandler' driver.
DEBUG - 2026-08-23 16:03:24 --> Session: Class initialized using 'CodeIgniter\Session\Handlers\FileHandler' driver.
DEBUG - 2026-08-23 16:03:31 --> Session: Class initialized using 'CodeIgniter\Session\Handlers\FileHandler' driver.
DEBUG - 2026-08-23 16:03:54 --> Session: Class initialized using 'CodeIgniter\Session\Handlers\FileHandler' driver.
DEBUG - 2026-08-23 16:04:01 --> Session: Class initialized using 'CodeIgniter\Session\Handlers\FileHandler' driver.
DEBUG - 2026-08-23 16:04:25 --> Session: Class initialized using 'CodeIgniter\Session\Handlers\FileHandler' driver.
DEBUG - 2026-08-23 16:04:31 --> Session: Class initialized using 'CodeIgniter\Session\Handlers\FileHandler' driver.
DEBUG - 2026-08-23 16:04:54 --> Session: Class initialized using 'CodeIgniter\Session\Handlers\FileHandler' driver.
DEBUG - 2026-08-23 16:05:01 --> Session: Class initialized using 'CodeIgniter\Session\Handlers\FileHandler' driver.
DEBUG - 2026-08-23 16:05:09 --> Session: Class initialized using 'CodeIgniter\Session\Handlers\FileHandler' driver.
DEBUG - 2026-08-23 16:05:10 --> Session: Class initialized using 'CodeIgniter\Session\Handlers\FileHandler' driver.
DEBUG - 2026-08-23 16:05:24 --> Session: Class initialized using 'CodeIgniter\Session\Handlers\FileHandler' driver.
DEBUG - 2026-08-23 16:05:40 --> Session: Class initialized using 'CodeIgniter\Session\Handlers\FileHandler' driver.
DEBUG - 2026-08-23 16:05:51 --> Session: Class initialized using 'CodeIgniter\Session\Handlers\FileHandler' driver.
DEBUG - 2026-08-23 16:05:52 --> Session: Class initialized using 'CodeIgniter\Session\Handlers\FileHandler' driver.
DEBUG - 2026-08-23 16:06:03 --> Session: Class initialized using 'CodeIgniter\Session\Handlers\FileHandler' driver.
DEBUG - 2026-08-23 16:06:03 --> Session: Class initialized using 'CodeIgniter\Session\Handlers\FileHandler' driver.
DEBUG - 2026-08-23 16:06:08 --> Session: Class initialized using 'CodeIgniter\Session\Handlers\FileHandler' driver.
DEBUG - 2026-08-23 16:06:09 --> Session: Class initialized using 'CodeIgniter\Session\Handlers\FileHandler' driver.
DEBUG - 2026-08-23 16:06:11 --> Session: Class initialized using 'CodeIgniter\Session\Handlers\FileHandler' driver.
INFO - 2026-08-23 16:06:17 --> CSRF token verified.
DEBUG - 2026-08-23 16:06:18 --> Session: Class initialized using 'CodeIgniter\Session\Handlers\FileHandler' driver.
DEBUG - 2026-08-23 16:06:19 --> Session: Class initialized using 'CodeIgniter\Session\Handlers\FileHandler' driver.
DEBUG - 2026-08-23 16:06:20 --> Session: Class initialized using 'CodeIgniter\Session\Handlers\FileHandler' driver.
DEBUG - 2026-08-23 16:06:24 --> Session: Class initialized using 'CodeIgniter\Session\Handlers\FileHandler' driver.
DEBUG - 2026-08-23 16:06:25 --> Session: Class initialized using 'CodeIgniter\Session\Handlers\FileHandler' driver.
DEBUG - 2026-08-23 16:06:28 --> Session: Class initialized using 'CodeIgniter\Session\Handlers\FileHandler' driver.
DEBUG - 2026-08-23 16:06:29 --> Session: Class initialized using 'CodeIgniter\Session\Handlers\FileHandler' driver.
DEBUG - 2026-08-23 16:06:39 --> Session: Class initialized using 'CodeIgniter\Session\Handlers\FileHandler' driver.
DEBUG - 2026-08-23 16:06:42 --> Session: Class initialized using 'CodeIgniter\Session\Handlers\FileHandler' driver.
DEBUG - 2026-08-23 16:06:59 --> Session: Class initialized using 'CodeIgniter\Session\Handlers\FileHandler' driver.
DEBUG - 2026-08-23 16:07:09 --> Session: Class initialized using 'CodeIgniter\Session\Handlers\FileHandler' driver.
DEBUG - 2026-08-23 16:07:12 --> Session: Class initialized using 'CodeIgniter\Session\Handlers\FileHandler' driver.
DEBUG - 2026-08-23 16:07:29 --> Session: Class initialized using 'CodeIgniter\Session\Handlers\FileHandler' driver.
DEBUG - 2026-08-23 16:07:39 --> Session: Class initialized using 'CodeIgniter\Session\Handlers\FileHandler' driver.
DEBUG - 2026-08-23 16:07:42 --> Session: Class initialized using 'CodeIgniter\Session\Handlers\FileHandler' driver.
DEBUG - 2026-08-23 16:07:59 --> Session: Class initialized using 'CodeIgniter\Session\Handlers\FileHandler' driver.
DEBUG - 2026-08-23 16:08:09 --> Session: Class initialized using 'CodeIgniter\Session\Handlers\FileHandler' driver.
DEBUG - 2026-08-23 16:08:12 --> Session: Class initialized using 'CodeIgniter\Session\Handlers\FileHandler' driver.
DEBUG - 2026-08-23 16:08:29 --> Session: Class initialized using 'CodeIgniter\Session\Handlers\FileHandler' driver.
DEBUG - 2026-08-23 16:08:39 --> Session: Class initialized using 'CodeIgniter\Session\Handlers\FileHandler' driver.
DEBUG - 2026-08-23 16:08:42 --> Session: Class initialized using 'CodeIgniter\Session\Handlers\FileHandler' driver.
DEBUG - 2026-08-23 16:08:59 --> Session: Class initialized using 'CodeIgniter\Session\Handlers\FileHandler' driver.
DEBUG - 2026-08-23 16:09:09 --> Session: Class initialized using 'CodeIgniter\Session\Handlers\FileHandler' driver.
DEBUG - 2026-08-23 16:09:12 --> Session: Class initialized using 'CodeIgniter\Session\Handlers\FileHandler' driver.
DEBUG - 2026-08-23 16:09:29 --> Session: Class initialized using 'CodeIgniter\Session\Handlers\FileHandler' driver.
DEBUG - 2026-08-23 16:09:39 --> Session: Class initialized using 'CodeIgniter\Session\Handlers\FileHandler' driver.
DEBUG - 2026-08-23 16:09:42 --> Session: Class initialized using 'CodeIgniter\Session\Handlers\FileHandler' driver.
DEBUG - 2026-08-23 16:09:59 --> Session: Class initialized using 'CodeIgniter\Session\Handlers\FileHandler' driver.
DEBUG - 2026-08-23 16:10:10 --> Session: Class initialized using 'CodeIgniter\Session\Handlers\FileHandler' driver.
DEBUG - 2026-08-23 16:10:17 --> Session: Class initialized using 'CodeIgniter\Session\Handlers\FileHandler' driver.
DEBUG - 2026-08-23 16:10:18 --> Session: Class initialized using 'CodeIgniter\Session\Handlers\FileHandler' driver.
DEBUG - 2026-08-23 16:10:21 --> Session: Class initialized using 'CodeIgniter\Session\Handlers\FileHandler' driver.
DEBUG - 2026-08-23 16:10:40 --> Session: Class initialized using 'CodeIgniter\Session\Handlers\FileHandler' driver.
DEBUG - 2026-08-23 16:10:48 --> Session: Class initialized using 'CodeIgniter\Session\Handlers\FileHandler' driver.
DEBUG - 2026-08-23 16:11:10 --> Session: Class initialized using 'CodeIgniter\Session\Handlers\FileHandler' driver.
DEBUG - 2026-08-23 16:11:18 --> Session: Class initialized using 'CodeIgniter\Session\Handlers\FileHandler' driver.
DEBUG - 2026-08-23 16:11:20 --> Session: Class initialized using 'CodeIgniter\Session\Handlers\FileHandler' driver.
DEBUG - 2026-08-23 16:11:40 --> Session: Class initialized using 'CodeIgniter\Session\Handlers\FileHandler' driver.
DEBUG - 2026-08-23 16:11:48 --> Session: Class initialized using 'CodeIgniter\Session\Handlers\FileHandler' driver.
DEBUG - 2026-08-23 16:12:10 --> Session: Class initialized using 'CodeIgniter\Session\Handlers\FileHandler' driver.
DEBUG - 2026-08-23 16:12:18 --> Session: Class initialized using 'CodeIgniter\Session\Handlers\FileHandler' driver.
DEBUG - 2026-08-23 16:12:20 --> Session: Class initialized using 'CodeIgniter\Session\Handlers\FileHandler' driver.
DEBUG - 2026-08-23 16:12:40 --> Session: Class initialized using 'CodeIgniter\Session\Handlers\FileHandler' driver.
DEBUG - 2026-08-23 16:12:48 --> Session: Class initialized using 'CodeIgniter\Session\Handlers\FileHandler' driver.
DEBUG - 2026-08-23 16:13:10 --> Session: Class initialized using 'CodeIgniter\Session\Handlers\FileHandler' driver.
DEBUG - 2026-08-23 16:13:18 --> Session: Class initialized using 'CodeIgniter\Session\Handlers\FileHandler' driver.
DEBUG - 2026-08-23 16:13:20 --> Session: Class initialized using 'CodeIgniter\Session\Handlers\FileHandler' driver.
DEBUG - 2026-08-23 16:13:36 --> Session: Class initialized using 'CodeIgniter\Session\Handlers\FileHandler' driver.
DEBUG - 2026-08-23 16:13:37 --> Session: Class initialized using 'CodeIgniter\Session\Handlers\FileHandler' driver.
DEBUG - 2026-08-23 16:14:04 --> Session: Class initialized using 'CodeIgniter\Session\Handlers\FileHandler' driver.
DEBUG - 2026-08-23 16:14:07 --> Session: Class initialized using 'CodeIgniter\Session\Handlers\FileHandler' driver.
DEBUG - 2026-08-23 16:14:10 --> Session: Class initialized using 'CodeIgniter\Session\Handlers\FileHandler' driver.
DEBUG - 2026-08-23 16:14:18 --> Session: Class initialized using 'CodeIgniter\Session\Handlers\FileHandler' driver.
DEBUG - 2026-08-23 16:14:37 --> Session: Class initialized using 'CodeIgniter\Session\Handlers\FileHandler' driver.
DEBUG - 2026-08-23 16:14:40 --> Session: Class initialized using 'CodeIgniter\Session\Handlers\FileHandler' driver.
DEBUG - 2026-08-23 16:15:07 --> Session: Class initialized using 'CodeIgniter\Session\Handlers\FileHandler' driver.
DEBUG - 2026-08-23 16:15:10 --> Session: Class initialized using 'CodeIgniter\Session\Handlers\FileHandler' driver.
DEBUG - 2026-08-23 16:15:18 --> Session: Class initialized using 'CodeIgniter\Session\Handlers\FileHandler' driver.
DEBUG - 2026-08-23 16:15:37 --> Session: Class initialized using 'CodeIgniter\Session\Handlers\FileHandler' driver.
DEBUG - 2026-08-23 16:15:40 --> Session: Class initialized using 'CodeIgniter\Session\Handlers\FileHandler' driver.
DEBUG - 2026-08-23 16:15:41 --> Session: Class initialized using 'CodeIgniter\Session\Handlers\FileHandler' driver.
DEBUG - 2026-08-23 16:15:43 --> Session: Class initialized using 'CodeIgniter\Session\Handlers\FileHandler' driver.
DEBUG - 2026-08-23 16:16:10 --> Session: Class initialized using 'CodeIgniter\Session\Handlers\FileHandler' driver.
DEBUG - 2026-08-23 16:16:13 --> Session: Class initialized using 'CodeIgniter\Session\Handlers\FileHandler' driver.
DEBUG - 2026-08-23 16:16:18 --> Session: Class initialized using 'CodeIgniter\Session\Handlers\FileHandler' driver.
DEBUG - 2026-08-23 16:16:21 --> Session: Class initialized using 'CodeIgniter\Session\Handlers\FileHandler' driver.
INFO - 2026-08-23 16:16:21 --> CSRF token verified.
DEBUG - 2026-08-23 16:16:21 --> Session: Class initialized using 'CodeIgniter\Session\Handlers\FileHandler' driver.
DEBUG - 2026-08-23 16:16:22 --> Session: Class initialized using 'CodeIgniter\Session\Handlers\FileHandler' driver.
DEBUG - 2026-08-23 16:16:25 --> Session: Class initialized using 'CodeIgniter\Session\Handlers\FileHandler' driver.
DEBUG - 2026-08-23 16:16:26 --> Session: Class initialized using 'CodeIgniter\Session\Handlers\FileHandler' driver.
DEBUG - 2026-08-23 16:16:40 --> Session: Class initialized using 'CodeIgniter\Session\Handlers\FileHandler' driver.
DEBUG - 2026-08-23 16:16:56 --> Session: Class initialized using 'CodeIgniter\Session\Handlers\FileHandler' driver.
DEBUG - 2026-08-23 16:17:18 --> Session: Class initialized using 'CodeIgniter\Session\Handlers\FileHandler' driver.
DEBUG - 2026-08-23 16:17:21 --> Session: Class initialized using 'CodeIgniter\Session\Handlers\FileHandler' driver.
DEBUG - 2026-08-23 16:17:26 --> Session: Class initialized using 'CodeIgniter\Session\Handlers\FileHandler' driver.
DEBUG - 2026-08-23 16:17:56 --> Session: Class initialized using 'CodeIgniter\Session\Handlers\FileHandler' driver.
DEBUG - 2026-08-23 16:18:18 --> Session: Class initialized using 'CodeIgniter\Session\Handlers\FileHandler' driver.
DEBUG - 2026-08-23 16:18:21 --> Session: Class initialized using 'CodeIgniter\Session\Handlers\FileHandler' driver.
DEBUG - 2026-08-23 16:18:26 --> Session: Class initialized using 'CodeIgniter\Session\Handlers\FileHandler' driver.
DEBUG - 2026-08-23 16:18:29 --> Session: Class initialized using 'CodeIgniter\Session\Handlers\FileHandler' driver.
INFO - 2026-08-23 16:18:29 --> CSRF token verified.
DEBUG - 2026-08-23 16:18:29 --> Session: Class initialized using 'CodeIgniter\Session\Handlers\FileHandler' driver.
DEBUG - 2026-08-23 16:18:30 --> Session: Class initialized using 'CodeIgniter\Session\Handlers\FileHandler' driver.
DEBUG - 2026-08-23 16:18:47 --> Session: Class initialized using 'CodeIgniter\Session\Handlers\FileHandler' driver.
INFO - 2026-08-23 16:18:47 --> CSRF token verified.
DEBUG - 2026-08-23 16:18:50 --> Session: Class initialized using 'CodeIgniter\Session\Handlers\FileHandler' driver.
INFO - 2026-08-23 16:18:50 --> CSRF token verified.
DEBUG - 2026-08-23 16:18:51 --> Session: Class initialized using 'CodeIgniter\Session\Handlers\FileHandler' driver.
DEBUG - 2026-08-23 16:18:52 --> Session: Class initialized using 'CodeIgniter\Session\Handlers\FileHandler' driver.
DEBUG - 2026-08-23 16:19:18 --> Session: Class initialized using 'CodeIgniter\Session\Handlers\FileHandler' driver.
DEBUG - 2026-08-23 16:19:21 --> Session: Class initialized using 'CodeIgniter\Session\Handlers\FileHandler' driver.
DEBUG - 2026-08-23 16:19:23 --> Session: Class initialized using 'CodeIgniter\Session\Handlers\FileHandler' driver.
DEBUG - 2026-08-23 16:19:52 --> Session: Class initialized using 'CodeIgniter\Session\Handlers\FileHandler' driver.
DEBUG - 2026-08-23 16:20:18 --> Session: Class initialized using 'CodeIgniter\Session\Handlers\FileHandler' driver.
DEBUG - 2026-08-23 16:20:21 --> Session: Class initialized using 'CodeIgniter\Session\Handlers\FileHandler' driver.
DEBUG - 2026-08-23 16:20:23 --> Session: Class initialized using 'CodeIgniter\Session\Handlers\FileHandler' driver.
DEBUG - 2026-08-23 16:20:52 --> Session: Class initialized using 'CodeIgniter\Session\Handlers\FileHandler' driver.
DEBUG - 2026-08-23 16:21:18 --> Session: Class initialized using 'CodeIgniter\Session\Handlers\FileHandler' driver.
DEBUG - 2026-08-23 16:21:21 --> Session: Class initialized using 'CodeIgniter\Session\Handlers\FileHandler' driver.
DEBUG - 2026-08-23 16:21:23 --> Session: Class initialized using 'CodeIgniter\Session\Handlers\FileHandler' driver.
DEBUG - 2026-08-23 16:21:52 --> Session: Class initialized using 'CodeIgniter\Session\Handlers\FileHandler' driver.
DEBUG - 2026-08-23 16:22:18 --> Session: Class initialized using 'CodeIgniter\Session\Handlers\FileHandler' driver.
DEBUG - 2026-08-23 16:22:21 --> Session: Class initialized using 'CodeIgniter\Session\Handlers\FileHandler' driver.
DEBUG - 2026-08-23 16:22:23 --> Session: Class initialized using 'CodeIgniter\Session\Handlers\FileHandler' driver.
DEBUG - 2026-08-23 16:22:52 --> Session: Class initialized using 'CodeIgniter\Session\Handlers\FileHandler' driver.
DEBUG - 2026-08-23 16:23:18 --> Session: Class initialized using 'CodeIgniter\Session\Handlers\FileHandler' driver.
DEBUG - 2026-08-23 16:23:21 --> Session: Class initialized using 'CodeIgniter\Session\Handlers\FileHandler' driver.
DEBUG - 2026-08-23 16:23:23 --> Session: Class initialized using 'CodeIgniter\Session\Handlers\FileHandler' driver.
DEBUG - 2026-08-23 16:23:50 --> Session: Class initialized using 'CodeIgniter\Session\Handlers\FileHandler' driver.
DEBUG - 2026-08-23 16:23:51 --> Session: Class initialized using 'CodeIgniter\Session\Handlers\FileHandler' driver.
DEBUG - 2026-08-23 16:24:18 --> Session: Class initialized using 'CodeIgniter\Session\Handlers\FileHandler' driver.
DEBUG - 2026-08-23 16:24:21 --> Session: Class initialized using 'CodeIgniter\Session\Handlers\FileHandler' driver.
DEBUG - 2026-08-23 16:24:23 --> Session: Class initialized using 'CodeIgniter\Session\Handlers\FileHandler' driver.
DEBUG - 2026-08-23 16:24:51 --> Session: Class initialized using 'CodeIgniter\Session\Handlers\FileHandler' driver.
DEBUG - 2026-08-23 16:25:18 --> Session: Class initialized using 'CodeIgniter\Session\Handlers\FileHandler' driver.
DEBUG - 2026-08-23 16:25:21 --> Session: Class initialized using 'CodeIgniter\Session\Handlers\FileHandler' driver.
DEBUG - 2026-08-23 16:25:23 --> Session: Class initialized using 'CodeIgniter\Session\Handlers\FileHandler' driver.
DEBUG - 2026-08-23 16:25:51 --> Session: Class initialized using 'CodeIgniter\Session\Handlers\FileHandler' driver.
DEBUG - 2026-08-23 16:26:06 --> Session: Class initialized using 'CodeIgniter\Session\Handlers\FileHandler' driver.
DEBUG - 2026-08-23 16:26:07 --> Session: Class initialized using 'CodeIgniter\Session\Handlers\FileHandler' driver.
DEBUG - 2026-08-23 16:26:18 --> Session: Class initialized using 'CodeIgniter\Session\Handlers\FileHandler' driver.
DEBUG - 2026-08-23 16:26:21 --> Session: Class initialized using 'CodeIgniter\Session\Handlers\FileHandler' driver.
DEBUG - 2026-08-23 16:26:37 --> Session: Class initialized using 'CodeIgniter\Session\Handlers\FileHandler' driver.
DEBUG - 2026-08-23 16:27:07 --> Session: Class initialized using 'CodeIgniter\Session\Handlers\FileHandler' driver.
DEBUG - 2026-08-23 16:27:18 --> Session: Class initialized using 'CodeIgniter\Session\Handlers\FileHandler' driver.
DEBUG - 2026-08-23 16:27:21 --> Session: Class initialized using 'CodeIgniter\Session\Handlers\FileHandler' driver.
DEBUG - 2026-08-23 16:27:37 --> Session: Class initialized using 'CodeIgniter\Session\Handlers\FileHandler' driver.
DEBUG - 2026-08-23 16:28:07 --> Session: Class initialized using 'CodeIgniter\Session\Handlers\FileHandler' driver.
DEBUG - 2026-08-23 16:28:18 --> Session: Class initialized using 'CodeIgniter\Session\Handlers\FileHandler' driver.
DEBUG - 2026-08-23 16:28:21 --> Session: Class initialized using 'CodeIgniter\Session\Handlers\FileHandler' driver.
DEBUG - 2026-08-23 16:28:23 --> Session: Class initialized using 'CodeIgniter\Session\Handlers\FileHandler' driver.
DEBUG - 2026-08-23 16:28:24 --> Session: Class initialized using 'CodeIgniter\Session\Handlers\FileHandler' driver.
DEBUG - 2026-08-23 16:28:54 --> Session: Class initialized using 'CodeIgniter\Session\Handlers\FileHandler' driver.
DEBUG - 2026-08-23 16:29:18 --> Session: Class initialized using 'CodeIgniter\Session\Handlers\FileHandler' driver.
DEBUG - 2026-08-23 16:29:21 --> Session: Class initialized using 'CodeIgniter\Session\Handlers\FileHandler' driver.
DEBUG - 2026-08-23 16:29:24 --> Session: Class initialized using 'CodeIgniter\Session\Handlers\FileHandler' driver.
DEBUG - 2026-08-23 16:29:45 --> Session: Class initialized using 'CodeIgniter\Session\Handlers\FileHandler' driver.
INFO - 2026-08-23 16:29:45 --> CSRF token verified.
DEBUG - 2026-08-23 16:29:46 --> Session: Class initialized using 'CodeIgniter\Session\Handlers\FileHandler' driver.
DEBUG - 2026-08-23 16:29:47 --> Session: Class initialized using 'CodeIgniter\Session\Handlers\FileHandler' driver.
DEBUG - 2026-08-23 16:30:17 --> Session: Class initialized using 'CodeIgniter\Session\Handlers\FileHandler' driver.
DEBUG - 2026-08-23 16:30:20 --> Session: Class initialized using 'CodeIgniter\Session\Handlers\FileHandler' driver.
DEBUG - 2026-08-23 16:30:22 --> Session: Class initialized using 'CodeIgniter\Session\Handlers\FileHandler' driver.
DEBUG - 2026-08-23 16:30:47 --> Session: Class initialized using 'CodeIgniter\Session\Handlers\FileHandler' driver.
DEBUG - 2026-08-23 16:31:17 --> Session: Class initialized using 'CodeIgniter\Session\Handlers\FileHandler' driver.
DEBUG - 2026-08-23 16:31:19 --> Session: Class initialized using 'CodeIgniter\Session\Handlers\FileHandler' driver.
DEBUG - 2026-08-23 16:31:22 --> Session: Class initialized using 'CodeIgniter\Session\Handlers\FileHandler' driver.
DEBUG - 2026-08-23 16:31:47 --> Session: Class initialized using 'CodeIgniter\Session\Handlers\FileHandler' driver.
DEBUG - 2026-08-23 16:32:17 --> Session: Class initialized using 'CodeIgniter\Session\Handlers\FileHandler' driver.
DEBUG - 2026-08-23 16:32:20 --> Session: Class initialized using 'CodeIgniter\Session\Handlers\FileHandler' driver.
DEBUG - 2026-08-23 16:32:22 --> Session: Class initialized using 'CodeIgniter\Session\Handlers\FileHandler' driver.
DEBUG - 2026-08-23 16:32:47 --> Session: Class initialized using 'CodeIgniter\Session\Handlers\FileHandler' driver.
DEBUG - 2026-08-23 16:33:09 --> Session: Class initialized using 'CodeIgniter\Session\Handlers\FileHandler' driver.
DEBUG - 2026-08-23 16:33:10 --> Session: Class initialized using 'CodeIgniter\Session\Handlers\FileHandler' driver.
DEBUG - 2026-08-23 16:33:18 --> Session: Class initialized using 'CodeIgniter\Session\Handlers\FileHandler' driver.
DEBUG - 2026-08-23 16:33:21 --> Session: Class initialized using 'CodeIgniter\Session\Handlers\FileHandler' driver.
DEBUG - 2026-08-23 16:33:23 --> Session: Class initialized using 'CodeIgniter\Session\Handlers\FileHandler' driver.
DEBUG - 2026-08-23 16:33:24 --> Session: Class initialized using 'CodeIgniter\Session\Handlers\FileHandler' driver.
DEBUG - 2026-08-23 16:33:36 --> Session: Class initialized using 'CodeIgniter\Session\Handlers\FileHandler' driver.
DEBUG - 2026-08-23 16:33:37 --> Session: Class initialized using 'CodeIgniter\Session\Handlers\FileHandler' driver.
DEBUG - 2026-08-23 16:34:07 --> Session: Class initialized using 'CodeIgniter\Session\Handlers\FileHandler' driver.
DEBUG - 2026-08-23 16:34:18 --> Session: Class initialized using 'CodeIgniter\Session\Handlers\FileHandler' driver.
DEBUG - 2026-08-23 16:34:21 --> Session: Class initialized using 'CodeIgniter\Session\Handlers\FileHandler' driver.
DEBUG - 2026-08-23 16:34:37 --> Session: Class initialized using 'CodeIgniter\Session\Handlers\FileHandler' driver.
DEBUG - 2026-08-23 16:35:07 --> Session: Class initialized using 'CodeIgniter\Session\Handlers\FileHandler' driver.
DEBUG - 2026-08-23 16:35:18 --> Session: Class initialized using 'CodeIgniter\Session\Handlers\FileHandler' driver.
DEBUG - 2026-08-23 16:35:21 --> Session: Class initialized using 'CodeIgniter\Session\Handlers\FileHandler' driver.
DEBUG - 2026-08-23 16:35:37 --> Session: Class initialized using 'CodeIgniter\Session\Handlers\FileHandler' driver.
DEBUG - 2026-08-23 16:36:07 --> Session: Class initialized using 'CodeIgniter\Session\Handlers\FileHandler' driver.
DEBUG - 2026-08-23 16:36:14 --> Session: Class initialized using 'CodeIgniter\Session\Handlers\FileHandler' driver.
DEBUG - 2026-08-23 16:36:15 --> Session: Class initialized using 'CodeIgniter\Session\Handlers\FileHandler' driver.
DEBUG - 2026-08-23 16:36:18 --> Session: Class initialized using 'CodeIgniter\Session\Handlers\FileHandler' driver.
DEBUG - 2026-08-23 16:36:21 --> Session: Class initialized using 'CodeIgniter\Session\Handlers\FileHandler' driver.
DEBUG - 2026-08-23 16:36:45 --> Session: Class initialized using 'CodeIgniter\Session\Handlers\FileHandler' driver.
DEBUG - 2026-08-23 16:37:15 --> Session: Class initialized using 'CodeIgniter\Session\Handlers\FileHandler' driver.
DEBUG - 2026-08-23 16:37:18 --> Session: Class initialized using 'CodeIgniter\Session\Handlers\FileHandler' driver.
DEBUG - 2026-08-23 16:37:21 --> Session: Class initialized using 'CodeIgniter\Session\Handlers\FileHandler' driver.
DEBUG - 2026-08-23 16:37:45 --> Session: Class initialized using 'CodeIgniter\Session\Handlers\FileHandler' driver.
DEBUG - 2026-08-23 16:38:15 --> Session: Class initialized using 'CodeIgniter\Session\Handlers\FileHandler' driver.
DEBUG - 2026-08-23 16:38:18 --> Session: Class initialized using 'CodeIgniter\Session\Handlers\FileHandler' driver.
DEBUG - 2026-08-23 16:38:21 --> Session: Class initialized using 'CodeIgniter\Session\Handlers\FileHandler' driver.
DEBUG - 2026-08-23 16:38:45 --> Session: Class initialized using 'CodeIgniter\Session\Handlers\FileHandler' driver.
DEBUG - 2026-08-23 16:39:15 --> Session: Class initialized using 'CodeIgniter\Session\Handlers\FileHandler' driver.
DEBUG - 2026-08-23 16:39:18 --> Session: Class initialized using 'CodeIgniter\Session\Handlers\FileHandler' driver.
DEBUG - 2026-08-23 16:39:21 --> Session: Class initialized using 'CodeIgniter\Session\Handlers\FileHandler' driver.
DEBUG - 2026-08-23 16:39:45 --> Session: Class initialized using 'CodeIgniter\Session\Handlers\FileHandler' driver.
DEBUG - 2026-08-23 16:40:15 --> Session: Class initialized using 'CodeIgniter\Session\Handlers\FileHandler' driver.
DEBUG - 2026-08-23 16:40:18 --> Session: Class initialized using 'CodeIgniter\Session\Handlers\FileHandler' driver.
DEBUG - 2026-08-23 16:40:21 --> Session: Class initialized using 'CodeIgniter\Session\Handlers\FileHandler' driver.
DEBUG - 2026-08-23 16:40:45 --> Session: Class initialized using 'CodeIgniter\Session\Handlers\FileHandler' driver.
DEBUG - 2026-08-23 16:41:01 --> Session: Class initialized using 'CodeIgniter\Session\Handlers\FileHandler' driver.
DEBUG - 2026-08-23 16:41:02 --> Session: Class initialized using 'CodeIgniter\Session\Handlers\FileHandler' driver.
DEBUG - 2026-08-23 16:41:18 --> Session: Class initialized using 'CodeIgniter\Session\Handlers\FileHandler' driver.
DEBUG - 2026-08-23 16:41:21 --> Session: Class initialized using 'CodeIgniter\Session\Handlers\FileHandler' driver.
DEBUG - 2026-08-23 16:41:26 --> Session: Class initialized using 'CodeIgniter\Session\Handlers\FileHandler' driver.
DEBUG - 2026-08-23 16:41:28 --> Session: Class initialized using 'CodeIgniter\Session\Handlers\FileHandler' driver.
DEBUG - 2026-08-23 16:41:58 --> Session: Class initialized using 'CodeIgniter\Session\Handlers\FileHandler' driver.
DEBUG - 2026-08-23 16:42:18 --> Session: Class initialized using 'CodeIgniter\Session\Handlers\FileHandler' driver.
DEBUG - 2026-08-23 16:42:21 --> Session: Class initialized using 'CodeIgniter\Session\Handlers\FileHandler' driver.
DEBUG - 2026-08-23 16:42:28 --> Session: Class initialized using 'CodeIgniter\Session\Handlers\FileHandler' driver.
DEBUG - 2026-08-23 16:42:58 --> Session: Class initialized using 'CodeIgniter\Session\Handlers\FileHandler' driver.
DEBUG - 2026-08-23 16:43:16 --> Session: Class initialized using 'CodeIgniter\Session\Handlers\FileHandler' driver.
DEBUG - 2026-08-23 16:43:18 --> Session: Class initialized using 'CodeIgniter\Session\Handlers\FileHandler' driver.
DEBUG - 2026-08-23 16:43:20 --> Session: Class initialized using 'CodeIgniter\Session\Handlers\FileHandler' driver.
DEBUG - 2026-08-23 16:43:23 --> Session: Class initialized using 'CodeIgniter\Session\Handlers\FileHandler' driver.
DEBUG - 2026-08-23 16:43:48 --> Session: Class initialized using 'CodeIgniter\Session\Handlers\FileHandler' driver.
DEBUG - 2026-08-23 16:44:11 --> Session: Class initialized using 'CodeIgniter\Session\Handlers\FileHandler' driver.
DEBUG - 2026-08-23 16:44:15 --> Session: Class initialized using 'CodeIgniter\Session\Handlers\FileHandler' driver.
DEBUG - 2026-08-23 16:44:16 --> Session: Class initialized using 'CodeIgniter\Session\Handlers\FileHandler' driver.
DEBUG - 2026-08-23 16:44:18 --> Session: Class initialized using 'CodeIgniter\Session\Handlers\FileHandler' driver.
DEBUG - 2026-08-23 16:44:21 --> Session: Class initialized using 'CodeIgniter\Session\Handlers\FileHandler' driver.
DEBUG - 2026-08-23 16:44:23 --> Session: Class initialized using 'CodeIgniter\Session\Handlers\FileHandler' driver.
DEBUG - 2026-08-23 16:44:24 --> Session: Class initialized using 'CodeIgniter\Session\Handlers\FileHandler' driver.
DEBUG - 2026-08-23 16:44:28 --> Session: Class initialized using 'CodeIgniter\Session\Handlers\FileHandler' driver.
DEBUG - 2026-08-23 16:44:30 --> Session: Class initialized using 'CodeIgniter\Session\Handlers\FileHandler' driver.
DEBUG - 2026-08-23 16:44:48 --> Session: Class initialized using 'CodeIgniter\Session\Handlers\FileHandler' driver.
DEBUG - 2026-08-23 16:44:51 --> Session: Class initialized using 'CodeIgniter\Session\Handlers\FileHandler' driver.
DEBUG - 2026-08-23 16:44:53 --> Session: Class initialized using 'CodeIgniter\Session\Handlers\FileHandler' driver.
DEBUG - 2026-08-23 16:45:00 --> Session: Class initialized using 'CodeIgniter\Session\Handlers\FileHandler' driver.
DEBUG - 2026-08-23 16:45:15 --> Session: Class initialized using 'CodeIgniter\Session\Handlers\FileHandler' driver.
DEBUG - 2026-08-23 16:45:16 --> Session: Class initialized using 'CodeIgniter\Session\Handlers\FileHandler' driver.
DEBUG - 2026-08-23 16:45:19 --> Session: Class initialized using 'CodeIgniter\Session\Handlers\FileHandler' driver.
DEBUG - 2026-08-23 16:45:30 --> Session: Class initialized using 'CodeIgniter\Session\Handlers\FileHandler' driver.
DEBUG - 2026-08-23 16:45:42 --> Session: Class initialized using 'CodeIgniter\Session\Handlers\FileHandler' driver.
DEBUG - 2026-08-23 16:45:44 --> Session: Class initialized using 'CodeIgniter\Session\Handlers\FileHandler' driver.
DEBUG - 2026-08-23 16:45:47 --> Session: Class initialized using 'CodeIgniter\Session\Handlers\FileHandler' driver.
DEBUG - 2026-08-23 16:46:14 --> Session: Class initialized using 'CodeIgniter\Session\Handlers\FileHandler' driver.
DEBUG - 2026-08-23 16:46:17 --> Session: Class initialized using 'CodeIgniter\Session\Handlers\FileHandler' driver.
DEBUG - 2026-08-23 16:46:19 --> Session: Class initialized using 'CodeIgniter\Session\Handlers\FileHandler' driver.
DEBUG - 2026-08-23 16:46:44 --> Session: Class initialized using 'CodeIgniter\Session\Handlers\FileHandler' driver.
DEBUG - 2026-08-23 16:46:46 --> Session: Class initialized using 'CodeIgniter\Session\Handlers\FileHandler' driver.
DEBUG - 2026-08-23 16:47:14 --> Session: Class initialized using 'CodeIgniter\Session\Handlers\FileHandler' driver.
DEBUG - 2026-08-23 16:47:16 --> Session: Class initialized using 'CodeIgniter\Session\Handlers\FileHandler' driver.
DEBUG - 2026-08-23 16:47:19 --> Session: Class initialized using 'CodeIgniter\Session\Handlers\FileHandler' driver.
DEBUG - 2026-08-23 16:47:29 --> Session: Class initialized using 'CodeIgniter\Session\Handlers\FileHandler' driver.
DEBUG - 2026-08-23 16:47:29 --> Session: Class initialized using 'CodeIgniter\Session\Handlers\FileHandler' driver.
DEBUG - 2026-08-23 16:47:44 --> Session: Class initialized using 'CodeIgniter\Session\Handlers\FileHandler' driver.
DEBUG - 2026-08-23 16:47:46 --> Session: Class initialized using 'CodeIgniter\Session\Handlers\FileHandler' driver.
DEBUG - 2026-08-23 16:48:14 --> Session: Class initialized using 'CodeIgniter\Session\Handlers\FileHandler' driver.
DEBUG - 2026-08-23 16:48:16 --> Session: Class initialized using 'CodeIgniter\Session\Handlers\FileHandler' driver.
DEBUG - 2026-08-23 16:48:19 --> Session: Class initialized using 'CodeIgniter\Session\Handlers\FileHandler' driver.
DEBUG - 2026-08-23 16:48:21 --> Session: Class initialized using 'CodeIgniter\Session\Handlers\FileHandler' driver.
DEBUG - 2026-08-23 16:48:22 --> Session: Class initialized using 'CodeIgniter\Session\Handlers\FileHandler' driver.
DEBUG - 2026-08-23 16:48:40 --> Session: Class initialized using 'CodeIgniter\Session\Handlers\FileHandler' driver.
DEBUG - 2026-08-23 16:48:41 --> Session: Class initialized using 'CodeIgniter\Session\Handlers\FileHandler' driver.
DEBUG - 2026-08-23 16:48:46 --> Session: Class initialized using 'CodeIgniter\Session\Handlers\FileHandler' driver.
DEBUG - 2026-08-23 16:48:52 --> Session: Class initialized using 'CodeIgniter\Session\Handlers\FileHandler' driver.
DEBUG - 2026-08-23 16:49:18 --> Session: Class initialized using 'CodeIgniter\Session\Handlers\FileHandler' driver.
DEBUG - 2026-08-23 16:49:22 --> Session: Class initialized using 'CodeIgniter\Session\Handlers\FileHandler' driver.
DEBUG - 2026-08-23 16:49:24 --> Session: Class initialized using 'CodeIgniter\Session\Handlers\FileHandler' driver.
DEBUG - 2026-08-23 16:49:52 --> Session: Class initialized using 'CodeIgniter\Session\Handlers\FileHandler' driver.
DEBUG - 2026-08-23 16:49:54 --> Session: Class initialized using 'CodeIgniter\Session\Handlers\FileHandler' driver.
DEBUG - 2026-08-23 16:50:16 --> Session: Class initialized using 'CodeIgniter\Session\Handlers\FileHandler' driver.
DEBUG - 2026-08-23 16:50:20 --> Session: Class initialized using 'CodeIgniter\Session\Handlers\FileHandler' driver.
DEBUG - 2026-08-23 16:50:22 --> Session: Class initialized using 'CodeIgniter\Session\Handlers\FileHandler' driver.
DEBUG - 2026-08-23 16:50:46 --> Session: Class initialized using 'CodeIgniter\Session\Handlers\FileHandler' driver.
DEBUG - 2026-08-23 16:50:52 --> Session: Class initialized using 'CodeIgniter\Session\Handlers\FileHandler' driver.
DEBUG - 2026-08-23 16:51:16 --> Session: Class initialized using 'CodeIgniter\Session\Handlers\FileHandler' driver.
DEBUG - 2026-08-23 16:51:20 --> Session: Class initialized using 'CodeIgniter\Session\Handlers\FileHandler' driver.
DEBUG - 2026-08-23 16:51:22 --> Session: Class initialized using 'CodeIgniter\Session\Handlers\FileHandler' driver.
DEBUG - 2026-08-23 16:51:46 --> Session: Class initialized using 'CodeIgniter\Session\Handlers\FileHandler' driver.
DEBUG - 2026-08-23 16:51:52 --> Session: Class initialized using 'CodeIgniter\Session\Handlers\FileHandler' driver.
DEBUG - 2026-08-23 16:52:11 --> Session: Class initialized using 'CodeIgniter\Session\Handlers\FileHandler' driver.
DEBUG - 2026-08-23 16:52:12 --> Session: Class initialized using 'CodeIgniter\Session\Handlers\FileHandler' driver.
DEBUG - 2026-08-23 16:52:18 --> Session: Class initialized using 'CodeIgniter\Session\Handlers\FileHandler' driver.
DEBUG - 2026-08-23 16:52:21 --> Session: Class initialized using 'CodeIgniter\Session\Handlers\FileHandler' driver.
DEBUG - 2026-08-23 16:52:22 --> Session: Class initialized using 'CodeIgniter\Session\Handlers\FileHandler' driver.
DEBUG - 2026-08-23 16:52:39 --> Session: Class initialized using 'CodeIgniter\Session\Handlers\FileHandler' driver.
DEBUG - 2026-08-23 16:52:43 --> Session: Class initialized using 'CodeIgniter\Session\Handlers\FileHandler' driver.
DEBUG - 2026-08-23 16:52:44 --> Session: Class initialized using 'CodeIgniter\Session\Handlers\FileHandler' driver.
DEBUG - 2026-08-23 16:52:53 --> Session: Class initialized using 'CodeIgniter\Session\Handlers\FileHandler' driver.
DEBUG - 2026-08-23 16:52:57 --> Session: Class initialized using 'CodeIgniter\Session\Handlers\FileHandler' driver.
INFO - 2026-08-23 16:52:57 --> CSRF token verified.
DEBUG - 2026-08-23 16:52:58 --> Session: Class initialized using 'CodeIgniter\Session\Handlers\FileHandler' driver.
DEBUG - 2026-08-23 16:52:59 --> Session: Class initialized using 'CodeIgniter\Session\Handlers\FileHandler' driver.
DEBUG - 2026-08-23 16:53:09 --> Session: Class initialized using 'CodeIgniter\Session\Handlers\FileHandler' driver.
DEBUG - 2026-08-23 16:53:29 --> Session: Class initialized using 'CodeIgniter\Session\Handlers\FileHandler' driver.
DEBUG - 2026-08-23 16:53:39 --> Session: Class initialized using 'CodeIgniter\Session\Handlers\FileHandler' driver.
DEBUG - 2026-08-23 16:53:54 --> Session: Class initialized using 'CodeIgniter\Session\Handlers\FileHandler' driver.
DEBUG - 2026-08-23 16:53:59 --> Session: Class initialized using 'CodeIgniter\Session\Handlers\FileHandler' driver.
DEBUG - 2026-08-23 16:54:09 --> Session: Class initialized using 'CodeIgniter\Session\Handlers\FileHandler' driver.
DEBUG - 2026-08-23 16:54:29 --> Session: Class initialized using 'CodeIgniter\Session\Handlers\FileHandler' driver.
DEBUG - 2026-08-23 16:54:39 --> Session: Class initialized using 'CodeIgniter\Session\Handlers\FileHandler' driver.
DEBUG - 2026-08-23 16:54:55 --> Session: Class initialized using 'CodeIgniter\Session\Handlers\FileHandler' driver.
DEBUG - 2026-08-23 16:54:59 --> Session: Class initialized using 'CodeIgniter\Session\Handlers\FileHandler' driver.
DEBUG - 2026-08-23 16:55:09 --> Session: Class initialized using 'CodeIgniter\Session\Handlers\FileHandler' driver.
DEBUG - 2026-08-23 16:55:29 --> Session: Class initialized using 'CodeIgniter\Session\Handlers\FileHandler' driver.
DEBUG - 2026-08-23 16:55:39 --> Session: Class initialized using 'CodeIgniter\Session\Handlers\FileHandler' driver.
DEBUG - 2026-08-23 16:55:40 --> Session: Class initialized using 'CodeIgniter\Session\Handlers\FileHandler' driver.
DEBUG - 2026-08-23 16:55:42 --> Session: Class initialized using 'CodeIgniter\Session\Handlers\FileHandler' driver.
DEBUG - 2026-08-23 16:55:56 --> Session: Class initialized using 'CodeIgniter\Session\Handlers\FileHandler' driver.
DEBUG - 2026-08-23 16:56:09 --> Session: Class initialized using 'CodeIgniter\Session\Handlers\FileHandler' driver.
DEBUG - 2026-08-23 16:56:12 --> Session: Class initialized using 'CodeIgniter\Session\Handlers\FileHandler' driver.
DEBUG - 2026-08-23 16:56:39 --> Session: Class initialized using 'CodeIgniter\Session\Handlers\FileHandler' driver.
DEBUG - 2026-08-23 16:56:42 --> Session: Class initialized using 'CodeIgniter\Session\Handlers\FileHandler' driver.
DEBUG - 2026-08-23 16:56:57 --> Session: Class initialized using 'CodeIgniter\Session\Handlers\FileHandler' driver.
DEBUG - 2026-08-23 16:57:09 --> Session: Class initialized using 'CodeIgniter\Session\Handlers\FileHandler' driver.
DEBUG - 2026-08-23 16:57:12 --> Session: Class initialized using 'CodeIgniter\Session\Handlers\FileHandler' driver.
DEBUG - 2026-08-23 16:57:42 --> Session: Class initialized using 'CodeIgniter\Session\Handlers\FileHandler' driver.
DEBUG - 2026-08-23 16:57:58 --> Session: Class initialized using 'CodeIgniter\Session\Handlers\FileHandler' driver.
DEBUG - 2026-08-23 16:58:10 --> Session: Class initialized using 'CodeIgniter\Session\Handlers\FileHandler' driver.
DEBUG - 2026-08-23 16:58:13 --> Session: Class initialized using 'CodeIgniter\Session\Handlers\FileHandler' driver.
DEBUG - 2026-08-23 16:58:42 --> Session: Class initialized using 'CodeIgniter\Session\Handlers\FileHandler' driver.
DEBUG - 2026-08-23 16:58:59 --> Session: Class initialized using 'CodeIgniter\Session\Handlers\FileHandler' driver.
DEBUG - 2026-08-23 16:59:11 --> Session: Class initialized using 'CodeIgniter\Session\Handlers\FileHandler' driver.
DEBUG - 2026-08-23 16:59:14 --> Session: Class initialized using 'CodeIgniter\Session\Handlers\FileHandler' driver.
DEBUG - 2026-08-23 16:59:42 --> Session: Class initialized using 'CodeIgniter\Session\Handlers\FileHandler' driver.
DEBUG - 2026-08-23 17:00:00 --> Session: Class initialized using 'CodeIgniter\Session\Handlers\FileHandler' driver.
DEBUG - 2026-08-23 17:00:12 --> Session: Class initialized using 'CodeIgniter\Session\Handlers\FileHandler' driver.
DEBUG - 2026-08-23 17:00:15 --> Session: Class initialized using 'CodeIgniter\Session\Handlers\FileHandler' driver.
DEBUG - 2026-08-23 17:00:42 --> Session: Class initialized using 'CodeIgniter\Session\Handlers\FileHandler' driver.
DEBUG - 2026-08-23 17:01:01 --> Session: Class initialized using 'CodeIgniter\Session\Handlers\FileHandler' driver.
DEBUG - 2026-08-23 17:01:12 --> Session: Class initialized using 'CodeIgniter\Session\Handlers\FileHandler' driver.
DEBUG - 2026-08-23 17:01:14 --> Session: Class initialized using 'CodeIgniter\Session\Handlers\FileHandler' driver.
DEBUG - 2026-08-23 17:01:42 --> Session: Class initialized using 'CodeIgniter\Session\Handlers\FileHandler' driver.
DEBUG - 2026-08-23 17:02:02 --> Session: Class initialized using 'CodeIgniter\Session\Handlers\FileHandler' driver.
DEBUG - 2026-08-23 17:02:12 --> Session: Class initialized using 'CodeIgniter\Session\Handlers\FileHandler' driver.
DEBUG - 2026-08-23 17:02:14 --> Session: Class initialized using 'CodeIgniter\Session\Handlers\FileHandler' driver.
DEBUG - 2026-08-23 17:02:42 --> Session: Class initialized using 'CodeIgniter\Session\Handlers\FileHandler' driver.
DEBUG - 2026-08-23 17:03:03 --> Session: Class initialized using 'CodeIgniter\Session\Handlers\FileHandler' driver.
DEBUG - 2026-08-23 17:03:12 --> Session: Class initialized using 'CodeIgniter\Session\Handlers\FileHandler' driver.
DEBUG - 2026-08-23 17:03:15 --> Session: Class initialized using 'CodeIgniter\Session\Handlers\FileHandler' driver.
DEBUG - 2026-08-23 17:03:42 --> Session: Class initialized using 'CodeIgniter\Session\Handlers\FileHandler' driver.
DEBUG - 2026-08-23 17:04:03 --> Session: Class initialized using 'CodeIgniter\Session\Handlers\FileHandler' driver.
DEBUG - 2026-08-23 17:04:04 --> Session: Class initialized using 'CodeIgniter\Session\Handlers\FileHandler' driver.
DEBUG - 2026-08-23 17:04:07 --> Session: Class initialized using 'CodeIgniter\Session\Handlers\FileHandler' driver.
DEBUG - 2026-08-23 17:04:16 --> Session: Class initialized using 'CodeIgniter\Session\Handlers\FileHandler' driver.
DEBUG - 2026-08-23 17:04:24 --> Session: Class initialized using 'CodeIgniter\Session\Handlers\FileHandler' driver.
INFO - 2026-08-23 17:04:24 --> CSRF token verified.
DEBUG - 2026-08-23 17:04:24 --> Session: Class initialized using 'CodeIgniter\Session\Handlers\FileHandler' driver.
DEBUG - 2026-08-23 17:04:25 --> Session: Class initialized using 'CodeIgniter\Session\Handlers\FileHandler' driver.
DEBUG - 2026-08-23 17:04:55 --> Session: Class initialized using 'CodeIgniter\Session\Handlers\FileHandler' driver.
DEBUG - 2026-08-23 17:05:05 --> Session: Class initialized using 'CodeIgniter\Session\Handlers\FileHandler' driver.
DEBUG - 2026-08-23 17:05:17 --> Session: Class initialized using 'CodeIgniter\Session\Handlers\FileHandler' driver.
DEBUG - 2026-08-23 17:05:25 --> Session: Class initialized using 'CodeIgniter\Session\Handlers\FileHandler' driver.
DEBUG - 2026-08-23 17:05:33 --> Session: Class initialized using 'CodeIgniter\Session\Handlers\FileHandler' driver.
DEBUG - 2026-08-23 17:05:34 --> Session: Class initialized using 'CodeIgniter\Session\Handlers\FileHandler' driver.
DEBUG - 2026-08-23 17:06:04 --> Session: Class initialized using 'CodeIgniter\Session\Handlers\FileHandler' driver.
DEBUG - 2026-08-23 17:06:07 --> Session: Class initialized using 'CodeIgniter\Session\Handlers\FileHandler' driver.
DEBUG - 2026-08-23 17:06:18 --> Session: Class initialized using 'CodeIgniter\Session\Handlers\FileHandler' driver.
DEBUG - 2026-08-23 17:06:34 --> Session: Class initialized using 'CodeIgniter\Session\Handlers\FileHandler' driver.
DEBUG - 2026-08-23 17:07:04 --> Session: Class initialized using 'CodeIgniter\Session\Handlers\FileHandler' driver.
DEBUG - 2026-08-23 17:07:07 --> Session: Class initialized using 'CodeIgniter\Session\Handlers\FileHandler' driver.
DEBUG - 2026-08-23 17:07:18 --> Session: Class initialized using 'CodeIgniter\Session\Handlers\FileHandler' driver.
DEBUG - 2026-08-23 17:07:34 --> Session: Class initialized using 'CodeIgniter\Session\Handlers\FileHandler' driver.
DEBUG - 2026-08-23 17:08:04 --> Session: Class initialized using 'CodeIgniter\Session\Handlers\FileHandler' driver.
DEBUG - 2026-08-23 17:08:08 --> Session: Class initialized using 'CodeIgniter\Session\Handlers\FileHandler' driver.
DEBUG - 2026-08-23 17:08:18 --> Session: Class initialized using 'CodeIgniter\Session\Handlers\FileHandler' driver.
DEBUG - 2026-08-23 17:08:34 --> Session: Class initialized using 'CodeIgniter\Session\Handlers\FileHandler' driver.
DEBUG - 2026-08-23 17:09:04 --> Session: Class initialized using 'CodeIgniter\Session\Handlers\FileHandler' driver.
DEBUG - 2026-08-23 17:09:09 --> Session: Class initialized using 'CodeIgniter\Session\Handlers\FileHandler' driver.
DEBUG - 2026-08-23 17:09:18 --> Session: Class initialized using 'CodeIgniter\Session\Handlers\FileHandler' driver.
DEBUG - 2026-08-23 17:09:34 --> Session: Class initialized using 'CodeIgniter\Session\Handlers\FileHandler' driver.
DEBUG - 2026-08-23 17:10:04 --> Session: Class initialized using 'CodeIgniter\Session\Handlers\FileHandler' driver.
DEBUG - 2026-08-23 17:10:10 --> Session: Class initialized using 'CodeIgniter\Session\Handlers\FileHandler' driver.
DEBUG - 2026-08-23 17:10:18 --> Session: Class initialized using 'CodeIgniter\Session\Handlers\FileHandler' driver.
DEBUG - 2026-08-23 17:10:34 --> Session: Class initialized using 'CodeIgniter\Session\Handlers\FileHandler' driver.
DEBUG - 2026-08-23 17:10:43 --> Session: Class initialized using 'CodeIgniter\Session\Handlers\FileHandler' driver.
DEBUG - 2026-08-23 17:10:44 --> Session: Class initialized using 'CodeIgniter\Session\Handlers\FileHandler' driver.
DEBUG - 2026-08-23 17:11:11 --> Session: Class initialized using 'CodeIgniter\Session\Handlers\FileHandler' driver.
DEBUG - 2026-08-23 17:11:14 --> Session: Class initialized using 'CodeIgniter\Session\Handlers\FileHandler' driver.
DEBUG - 2026-08-23 17:11:18 --> Session: Class initialized using 'CodeIgniter\Session\Handlers\FileHandler' driver.
DEBUG - 2026-08-23 17:11:44 --> Session: Class initialized using 'CodeIgniter\Session\Handlers\FileHandler' driver.
DEBUG - 2026-08-23 17:12:12 --> Session: Class initialized using 'CodeIgniter\Session\Handlers\FileHandler' driver.
DEBUG - 2026-08-23 17:12:15 --> Session: Class initialized using 'CodeIgniter\Session\Handlers\FileHandler' driver.
DEBUG - 2026-08-23 17:12:18 --> Session: Class initialized using 'CodeIgniter\Session\Handlers\FileHandler' driver.
DEBUG - 2026-08-23 17:12:44 --> Session: Class initialized using 'CodeIgniter\Session\Handlers\FileHandler' driver.
DEBUG - 2026-08-23 17:13:13 --> Session: Class initialized using 'CodeIgniter\Session\Handlers\FileHandler' driver.
DEBUG - 2026-08-23 17:13:16 --> Session: Class initialized using 'CodeIgniter\Session\Handlers\FileHandler' driver.
DEBUG - 2026-08-23 17:13:18 --> Session: Class initialized using 'CodeIgniter\Session\Handlers\FileHandler' driver.
DEBUG - 2026-08-23 17:13:44 --> Session: Class initialized using 'CodeIgniter\Session\Handlers\FileHandler' driver.
DEBUG - 2026-08-23 17:14:14 --> Session: Class initialized using 'CodeIgniter\Session\Handlers\FileHandler' driver.
DEBUG - 2026-08-23 17:14:17 --> Session: Class initialized using 'CodeIgniter\Session\Handlers\FileHandler' driver.
DEBUG - 2026-08-23 17:14:19 --> Session: Class initialized using 'CodeIgniter\Session\Handlers\FileHandler' driver.
DEBUG - 2026-08-23 17:15:15 --> Session: Class initialized using 'CodeIgniter\Session\Handlers\FileHandler' driver.
DEBUG - 2026-08-23 17:15:18 --> Session: Class initialized using 'CodeIgniter\Session\Handlers\FileHandler' driver.
DEBUG - 2026-08-23 17:15:20 --> Session: Class initialized using 'CodeIgniter\Session\Handlers\FileHandler' driver.
DEBUG - 2026-08-23 17:15:23 --> Session: Class initialized using 'CodeIgniter\Session\Handlers\FileHandler' driver.
DEBUG - 2026-08-23 17:15:44 --> Session: Class initialized using 'CodeIgniter\Session\Handlers\FileHandler' driver.
DEBUG - 2026-08-23 17:15:52 --> Session: Class initialized using 'CodeIgniter\Session\Handlers\FileHandler' driver.
DEBUG - 2026-08-23 17:16:14 --> Session: Class initialized using 'CodeIgniter\Session\Handlers\FileHandler' driver.
DEBUG - 2026-08-23 17:16:18 --> Session: Class initialized using 'CodeIgniter\Session\Handlers\FileHandler' driver.
DEBUG - 2026-08-23 17:16:44 --> Session: Class initialized using 'CodeIgniter\Session\Handlers\FileHandler' driver.
DEBUG - 2026-08-23 17:16:48 --> Session: Class initialized using 'CodeIgniter\Session\Handlers\FileHandler' driver.
DEBUG - 2026-08-23 17:16:49 --> Session: Class initialized using 'CodeIgniter\Session\Handlers\FileHandler' driver.
DEBUG - 2026-08-23 17:16:53 --> Session: Class initialized using 'CodeIgniter\Session\Handlers\FileHandler' driver.
DEBUG - 2026-08-23 17:17:18 --> Session: Class initialized using 'CodeIgniter\Session\Handlers\FileHandler' driver.
DEBUG - 2026-08-23 17:17:21 --> Session: Class initialized using 'CodeIgniter\Session\Handlers\FileHandler' driver.
DEBUG - 2026-08-23 17:17:50 --> Session: Class initialized using 'CodeIgniter\Session\Handlers\FileHandler' driver.
DEBUG - 2026-08-23 17:17:54 --> Session: Class initialized using 'CodeIgniter\Session\Handlers\FileHandler' driver.
DEBUG - 2026-08-23 17:18:14 --> Session: Class initialized using 'CodeIgniter\Session\Handlers\FileHandler' driver.
DEBUG - 2026-08-23 17:18:15 --> Session: Class initialized using 'CodeIgniter\Session\Handlers\FileHandler' driver.
DEBUG - 2026-08-23 17:18:18 --> Session: Class initialized using 'CodeIgniter\Session\Handlers\FileHandler' driver.
DEBUG - 2026-08-23 17:18:45 --> Session: Class initialized using 'CodeIgniter\Session\Handlers\FileHandler' driver.
DEBUG - 2026-08-23 17:18:55 --> Session: Class initialized using 'CodeIgniter\Session\Handlers\FileHandler' driver.
DEBUG - 2026-08-23 17:19:15 --> Session: Class initialized using 'CodeIgniter\Session\Handlers\FileHandler' driver.
DEBUG - 2026-08-23 17:19:18 --> Session: Class initialized using 'CodeIgniter\Session\Handlers\FileHandler' driver.
DEBUG - 2026-08-23 17:19:25 --> Session: Class initialized using 'CodeIgniter\Session\Handlers\FileHandler' driver.
DEBUG - 2026-08-23 17:19:26 --> Session: Class initialized using 'CodeIgniter\Session\Handlers\FileHandler' driver.
DEBUG - 2026-08-23 17:19:56 --> Session: Class initialized using 'CodeIgniter\Session\Handlers\FileHandler' driver.
DEBUG - 2026-08-23 17:19:59 --> Session: Class initialized using 'CodeIgniter\Session\Handlers\FileHandler' driver.
DEBUG - 2026-08-23 17:20:18 --> Session: Class initialized using 'CodeIgniter\Session\Handlers\FileHandler' driver.
DEBUG - 2026-08-23 17:20:26 --> Session: Class initialized using 'CodeIgniter\Session\Handlers\FileHandler' driver.
DEBUG - 2026-08-23 17:20:56 --> Session: Class initialized using 'CodeIgniter\Session\Handlers\FileHandler' driver.
DEBUG - 2026-08-23 17:20:59 --> Session: Class initialized using 'CodeIgniter\Session\Handlers\FileHandler' driver.
DEBUG - 2026-08-23 17:21:18 --> Session: Class initialized using 'CodeIgniter\Session\Handlers\FileHandler' driver.
DEBUG - 2026-08-23 17:21:26 --> Session: Class initialized using 'CodeIgniter\Session\Handlers\FileHandler' driver.
DEBUG - 2026-08-23 17:21:56 --> Session: Class initialized using 'CodeIgniter\Session\Handlers\FileHandler' driver.
DEBUG - 2026-08-23 17:21:59 --> Session: Class initialized using 'CodeIgniter\Session\Handlers\FileHandler' driver.
DEBUG - 2026-08-23 17:22:18 --> Session: Class initialized using 'CodeIgniter\Session\Handlers\FileHandler' driver.
DEBUG - 2026-08-23 17:22:26 --> Session: Class initialized using 'CodeIgniter\Session\Handlers\FileHandler' driver.
DEBUG - 2026-08-23 17:22:41 --> Session: Class initialized using 'CodeIgniter\Session\Handlers\FileHandler' driver.
DEBUG - 2026-08-23 17:22:42 --> Session: Class initialized using 'CodeIgniter\Session\Handlers\FileHandler' driver.
DEBUG - 2026-08-23 17:22:59 --> Session: Class initialized using 'CodeIgniter\Session\Handlers\FileHandler' driver.
DEBUG - 2026-08-23 17:23:12 --> Session: Class initialized using 'CodeIgniter\Session\Handlers\FileHandler' driver.
DEBUG - 2026-08-23 17:23:18 --> Session: Class initialized using 'CodeIgniter\Session\Handlers\FileHandler' driver.
DEBUG - 2026-08-23 17:23:42 --> Session: Class initialized using 'CodeIgniter\Session\Handlers\FileHandler' driver.
DEBUG - 2026-08-23 17:24:00 --> Session: Class initialized using 'CodeIgniter\Session\Handlers\FileHandler' driver.
DEBUG - 2026-08-23 17:24:12 --> Session: Class initialized using 'CodeIgniter\Session\Handlers\FileHandler' driver.
DEBUG - 2026-08-23 17:24:18 --> Session: Class initialized using 'CodeIgniter\Session\Handlers\FileHandler' driver.
DEBUG - 2026-08-23 17:24:42 --> Session: Class initialized using 'CodeIgniter\Session\Handlers\FileHandler' driver.
DEBUG - 2026-08-23 17:25:01 --> Session: Class initialized using 'CodeIgniter\Session\Handlers\FileHandler' driver.
DEBUG - 2026-08-23 17:25:12 --> Session: Class initialized using 'CodeIgniter\Session\Handlers\FileHandler' driver.
DEBUG - 2026-08-23 17:25:18 --> Session: Class initialized using 'CodeIgniter\Session\Handlers\FileHandler' driver.
DEBUG - 2026-08-23 17:25:22 --> Session: Class initialized using 'CodeIgniter\Session\Handlers\FileHandler' driver.
DEBUG - 2026-08-23 17:25:24 --> Session: Class initialized using 'CodeIgniter\Session\Handlers\FileHandler' driver.
DEBUG - 2026-08-23 17:25:26 --> Session: Class initialized using 'CodeIgniter\Session\Handlers\FileHandler' driver.
DEBUG - 2026-08-23 17:25:42 --> Session: Class initialized using 'CodeIgniter\Session\Handlers\FileHandler' driver.
DEBUG - 2026-08-23 17:25:56 --> Session: Class initialized using 'CodeIgniter\Session\Handlers\FileHandler' driver.
DEBUG - 2026-08-23 17:26:12 --> Session: Class initialized using 'CodeIgniter\Session\Handlers\FileHandler' driver.
DEBUG - 2026-08-23 17:26:18 --> Session: Class initialized using 'CodeIgniter\Session\Handlers\FileHandler' driver.
DEBUG - 2026-08-23 17:26:26 --> Session: Class initialized using 'CodeIgniter\Session\Handlers\FileHandler' driver.
DEBUG - 2026-08-23 17:26:42 --> Session: Class initialized using 'CodeIgniter\Session\Handlers\FileHandler' driver.
DEBUG - 2026-08-23 17:26:56 --> Session: Class initialized using 'CodeIgniter\Session\Handlers\FileHandler' driver.
DEBUG - 2026-08-23 17:27:12 --> Session: Class initialized using 'CodeIgniter\Session\Handlers\FileHandler' driver.
DEBUG - 2026-08-23 17:27:18 --> Session: Class initialized using 'CodeIgniter\Session\Handlers\FileHandler' driver.
DEBUG - 2026-08-23 17:27:26 --> Session: Class initialized using 'CodeIgniter\Session\Handlers\FileHandler' driver.
DEBUG - 2026-08-23 17:27:42 --> Session: Class initialized using 'CodeIgniter\Session\Handlers\FileHandler' driver.
DEBUG - 2026-08-23 17:27:56 --> Session: Class initialized using 'CodeIgniter\Session\Handlers\FileHandler' driver.
DEBUG - 2026-08-23 17:28:12 --> Session: Class initialized using 'CodeIgniter\Session\Handlers\FileHandler' driver.
DEBUG - 2026-08-23 17:28:18 --> Session: Class initialized using 'CodeIgniter\Session\Handlers\FileHandler' driver.
DEBUG - 2026-08-23 17:28:26 --> Session: Class initialized using 'CodeIgniter\Session\Handlers\FileHandler' driver.
DEBUG - 2026-08-23 17:28:42 --> Session: Class initialized using 'CodeIgniter\Session\Handlers\FileHandler' driver.
DEBUG - 2026-08-23 17:28:56 --> Session: Class initialized using 'CodeIgniter\Session\Handlers\FileHandler' driver.
DEBUG - 2026-08-23 17:29:12 --> Session: Class initialized using 'CodeIgniter\Session\Handlers\FileHandler' driver.
DEBUG - 2026-08-23 17:29:18 --> Session: Class initialized using 'CodeIgniter\Session\Handlers\FileHandler' driver.
DEBUG - 2026-08-23 17:29:26 --> Session: Class initialized using 'CodeIgniter\Session\Handlers\FileHandler' driver.
DEBUG - 2026-08-23 17:29:42 --> Session: Class initialized using 'CodeIgniter\Session\Handlers\FileHandler' driver.
DEBUG - 2026-08-23 17:29:56 --> Session: Class initialized using 'CodeIgniter\Session\Handlers\FileHandler' driver.
DEBUG - 2026-08-23 17:30:12 --> Session: Class initialized using 'CodeIgniter\Session\Handlers\FileHandler' driver.
DEBUG - 2026-08-23 17:30:18 --> Session: Class initialized using 'CodeIgniter\Session\Handlers\FileHandler' driver.
DEBUG - 2026-08-23 17:30:26 --> Session: Class initialized using 'CodeIgniter\Session\Handlers\FileHandler' driver.
DEBUG - 2026-08-23 17:30:45 --> Session: Class initialized using 'CodeIgniter\Session\Handlers\FileHandler' driver.
DEBUG - 2026-08-23 17:30:47 --> Session: Class initialized using 'CodeIgniter\Session\Handlers\FileHandler' driver.
DEBUG - 2026-08-23 17:31:13 --> Session: Class initialized using 'CodeIgniter\Session\Handlers\FileHandler' driver.
DEBUG - 2026-08-23 17:31:16 --> Session: Class initialized using 'CodeIgniter\Session\Handlers\FileHandler' driver.
DEBUG - 2026-08-23 17:31:18 --> Session: Class initialized using 'CodeIgniter\Session\Handlers\FileHandler' driver.
DEBUG - 2026-08-23 17:31:46 --> Session: Class initialized using 'CodeIgniter\Session\Handlers\FileHandler' driver.
DEBUG - 2026-08-23 17:32:14 --> Session: Class initialized using 'CodeIgniter\Session\Handlers\FileHandler' driver.
DEBUG - 2026-08-23 17:32:17 --> Session: Class initialized using 'CodeIgniter\Session\Handlers\FileHandler' driver.
DEBUG - 2026-08-23 17:32:19 --> Session: Class initialized using 'CodeIgniter\Session\Handlers\FileHandler' driver.
DEBUG - 2026-08-23 17:32:46 --> Session: Class initialized using 'CodeIgniter\Session\Handlers\FileHandler' driver.
DEBUG - 2026-08-23 17:33:15 --> Session: Class initialized using 'CodeIgniter\Session\Handlers\FileHandler' driver.
DEBUG - 2026-08-23 17:33:18 --> Session: Class initialized using 'CodeIgniter\Session\Handlers\FileHandler' driver.
DEBUG - 2026-08-23 17:33:20 --> Session: Class initialized using 'CodeIgniter\Session\Handlers\FileHandler' driver.
DEBUG - 2026-08-23 17:33:46 --> Session: Class initialized using 'CodeIgniter\Session\Handlers\FileHandler' driver.
DEBUG - 2026-08-23 17:34:16 --> Session: Class initialized using 'CodeIgniter\Session\Handlers\FileHandler' driver.
DEBUG - 2026-08-23 17:34:19 --> Session: Class initialized using 'CodeIgniter\Session\Handlers\FileHandler' driver.
DEBUG - 2026-08-23 17:34:21 --> Session: Class initialized using 'CodeIgniter\Session\Handlers\FileHandler' driver.
DEBUG - 2026-08-23 17:35:13 --> Session: Class initialized using 'CodeIgniter\Session\Handlers\FileHandler' driver.
DEBUG - 2026-08-23 17:35:16 --> Session: Class initialized using 'CodeIgniter\Session\Handlers\FileHandler' driver.
DEBUG - 2026-08-23 17:35:18 --> Session: Class initialized using 'CodeIgniter\Session\Handlers\FileHandler' driver.
DEBUG - 2026-08-23 17:35:19 --> Session: Class initialized using 'CodeIgniter\Session\Handlers\FileHandler' driver.
DEBUG - 2026-08-23 17:35:22 --> Session: Class initialized using 'CodeIgniter\Session\Handlers\FileHandler' driver.
DEBUG - 2026-08-23 17:35:24 --> Session: Class initialized using 'CodeIgniter\Session\Handlers\FileHandler' driver.
DEBUG - 2026-08-23 17:35:54 --> Session: Class initialized using 'CodeIgniter\Session\Handlers\FileHandler' driver.
DEBUG - 2026-08-23 17:35:57 --> Session: Class initialized using 'CodeIgniter\Session\Handlers\FileHandler' driver.
DEBUG - 2026-08-23 17:35:58 --> Session: Class initialized using 'CodeIgniter\Session\Handlers\FileHandler' driver.
DEBUG - 2026-08-23 17:36:18 --> Session: Class initialized using 'CodeIgniter\Session\Handlers\FileHandler' driver.
DEBUG - 2026-08-23 17:36:21 --> Session: Class initialized using 'CodeIgniter\Session\Handlers\FileHandler' driver.
DEBUG - 2026-08-23 17:36:28 --> Session: Class initialized using 'CodeIgniter\Session\Handlers\FileHandler' driver.
DEBUG - 2026-08-23 17:36:57 --> Session: Class initialized using 'CodeIgniter\Session\Handlers\FileHandler' driver.
DEBUG - 2026-08-23 17:36:58 --> Session: Class initialized using 'CodeIgniter\Session\Handlers\FileHandler' driver.
DEBUG - 2026-08-23 17:37:01 --> Session: Class initialized using 'CodeIgniter\Session\Handlers\FileHandler' driver.
DEBUG - 2026-08-23 17:37:04 --> Session: Class initialized using 'CodeIgniter\Session\Handlers\FileHandler' driver.
DEBUG - 2026-08-23 17:37:06 --> Session: Class initialized using 'CodeIgniter\Session\Handlers\FileHandler' driver.
DEBUG - 2026-08-23 17:37:28 --> Session: Class initialized using 'CodeIgniter\Session\Handlers\FileHandler' driver.
DEBUG - 2026-08-23 17:37:31 --> Session: Class initialized using 'CodeIgniter\Session\Handlers\FileHandler' driver.
DEBUG - 2026-08-23 17:37:36 --> Session: Class initialized using 'CodeIgniter\Session\Handlers\FileHandler' driver.
DEBUG - 2026-08-23 17:37:48 --> Session: Class initialized using 'CodeIgniter\Session\Handlers\FileHandler' driver.
DEBUG - 2026-08-23 17:37:49 --> Session: Class initialized using 'CodeIgniter\Session\Handlers\FileHandler' driver.
DEBUG - 2026-08-23 17:37:58 --> Session: Class initialized using 'CodeIgniter\Session\Handlers\FileHandler' driver.
DEBUG - 2026-08-23 17:38:01 --> Session: Class initialized using 'CodeIgniter\Session\Handlers\FileHandler' driver.
DEBUG - 2026-08-23 17:38:20 --> Session: Class initialized using 'CodeIgniter\Session\Handlers\FileHandler' driver.
DEBUG - 2026-08-23 17:38:28 --> Session: Class initialized using 'CodeIgniter\Session\Handlers\FileHandler' driver.
DEBUG - 2026-08-23 17:38:31 --> Session: Class initialized using 'CodeIgniter\Session\Handlers\FileHandler' driver.
DEBUG - 2026-08-23 17:38:32 --> Session: Class initialized using 'CodeIgniter\Session\Handlers\FileHandler' driver.
DEBUG - 2026-08-23 17:38:34 --> Session: Class initialized using 'CodeIgniter\Session\Handlers\FileHandler' driver.
DEBUG - 2026-08-23 17:38:50 --> Session: Class initialized using 'CodeIgniter\Session\Handlers\FileHandler' driver.
DEBUG - 2026-08-23 17:39:01 --> Session: Class initialized using 'CodeIgniter\Session\Handlers\FileHandler' driver.
DEBUG - 2026-08-23 17:39:04 --> Session: Class initialized using 'CodeIgniter\Session\Handlers\FileHandler' driver.
DEBUG - 2026-08-23 17:39:20 --> Session: Class initialized using 'CodeIgniter\Session\Handlers\FileHandler' driver.
DEBUG - 2026-08-23 17:39:31 --> Session: Class initialized using 'CodeIgniter\Session\Handlers\FileHandler' driver.
DEBUG - 2026-08-23 17:39:34 --> Session: Class initialized using 'CodeIgniter\Session\Handlers\FileHandler' driver.
DEBUG - 2026-08-23 17:39:50 --> Session: Class initialized using 'CodeIgniter\Session\Handlers\FileHandler' driver.
DEBUG - 2026-08-23 17:40:01 --> Session: Class initialized using 'CodeIgniter\Session\Handlers\FileHandler' driver.
DEBUG - 2026-08-23 17:40:04 --> Session: Class initialized using 'CodeIgniter\Session\Handlers\FileHandler' driver.
DEBUG - 2026-08-23 17:40:20 --> Session: Class initialized using 'CodeIgniter\Session\Handlers\FileHandler' driver.
DEBUG - 2026-08-23 17:40:31 --> Session: Class initialized using 'CodeIgniter\Session\Handlers\FileHandler' driver.
DEBUG - 2026-08-23 17:40:34 --> Session: Class initialized using 'CodeIgniter\Session\Handlers\FileHandler' driver.
DEBUG - 2026-08-23 17:40:50 --> Session: Class initialized using 'CodeIgniter\Session\Handlers\FileHandler' driver.
DEBUG - 2026-08-23 17:41:04 --> Session: Class initialized using 'CodeIgniter\Session\Handlers\FileHandler' driver.
DEBUG - 2026-08-23 17:41:18 --> Session: Class initialized using 'CodeIgniter\Session\Handlers\FileHandler' driver.
DEBUG - 2026-08-23 17:41:21 --> Session: Class initialized using 'CodeIgniter\Session\Handlers\FileHandler' driver.
DEBUG - 2026-08-23 17:41:29 --> Session: Class initialized using 'CodeIgniter\Session\Handlers\FileHandler' driver.
DEBUG - 2026-08-23 17:41:31 --> Session: Class initialized using 'CodeIgniter\Session\Handlers\FileHandler' driver.
DEBUG - 2026-08-23 17:42:01 --> Session: Class initialized using 'CodeIgniter\Session\Handlers\FileHandler' driver.
DEBUG - 2026-08-23 17:42:18 --> Session: Class initialized using 'CodeIgniter\Session\Handlers\FileHandler' driver.
DEBUG - 2026-08-23 17:42:21 --> Session: Class initialized using 'CodeIgniter\Session\Handlers\FileHandler' driver.
DEBUG - 2026-08-23 17:42:31 --> Session: Class initialized using 'CodeIgniter\Session\Handlers\FileHandler' driver.
DEBUG - 2026-08-23 17:43:01 --> Session: Class initialized using 'CodeIgniter\Session\Handlers\FileHandler' driver.
DEBUG - 2026-08-23 17:43:18 --> Session: Class initialized using 'CodeIgniter\Session\Handlers\FileHandler' driver.
DEBUG - 2026-08-23 17:43:21 --> Session: Class initialized using 'CodeIgniter\Session\Handlers\FileHandler' driver.
DEBUG - 2026-08-23 17:43:31 --> Session: Class initialized using 'CodeIgniter\Session\Handlers\FileHandler' driver.
DEBUG - 2026-08-23 17:44:01 --> Session: Class initialized using 'CodeIgniter\Session\Handlers\FileHandler' driver.
DEBUG - 2026-08-23 17:44:18 --> Session: Class initialized using 'CodeIgniter\Session\Handlers\FileHandler' driver.
DEBUG - 2026-08-23 17:44:21 --> Session: Class initialized using 'CodeIgniter\Session\Handlers\FileHandler' driver.
DEBUG - 2026-08-23 17:44:31 --> Session: Class initialized using 'CodeIgniter\Session\Handlers\FileHandler' driver.
DEBUG - 2026-08-23 17:45:01 --> Session: Class initialized using 'CodeIgniter\Session\Handlers\FileHandler' driver.
DEBUG - 2026-08-23 17:45:10 --> Session: Class initialized using 'CodeIgniter\Session\Handlers\FileHandler' driver.
DEBUG - 2026-08-23 17:45:11 --> Session: Class initialized using 'CodeIgniter\Session\Handlers\FileHandler' driver.
DEBUG - 2026-08-23 17:45:18 --> Session: Class initialized using 'CodeIgniter\Session\Handlers\FileHandler' driver.
DEBUG - 2026-08-23 17:45:21 --> Session: Class initialized using 'CodeIgniter\Session\Handlers\FileHandler' driver.
DEBUG - 2026-08-23 17:45:41 --> Session: Class initialized using 'CodeIgniter\Session\Handlers\FileHandler' driver.
DEBUG - 2026-08-23 17:45:47 --> Session: Class initialized using 'CodeIgniter\Session\Handlers\FileHandler' driver.
DEBUG - 2026-08-23 17:45:48 --> Session: Class initialized using 'CodeIgniter\Session\Handlers\FileHandler' driver.
DEBUG - 2026-08-23 17:46:07 --> Session: Class initialized using 'CodeIgniter\Session\Handlers\FileHandler' driver.
DEBUG - 2026-08-23 17:46:08 --> Session: Class initialized using 'CodeIgniter\Session\Handlers\FileHandler' driver.
DEBUG - 2026-08-23 17:46:18 --> Session: Class initialized using 'CodeIgniter\Session\Handlers\FileHandler' driver.
DEBUG - 2026-08-23 17:46:21 --> Session: Class initialized using 'CodeIgniter\Session\Handlers\FileHandler' driver.
DEBUG - 2026-08-23 17:46:38 --> Session: Class initialized using 'CodeIgniter\Session\Handlers\FileHandler' driver.
DEBUG - 2026-08-23 17:47:08 --> Session: Class initialized using 'CodeIgniter\Session\Handlers\FileHandler' driver.
DEBUG - 2026-08-23 17:47:18 --> Session: Class initialized using 'CodeIgniter\Session\Handlers\FileHandler' driver.
DEBUG - 2026-08-23 17:47:38 --> Session: Class initialized using 'CodeIgniter\Session\Handlers\FileHandler' driver.
DEBUG - 2026-08-23 17:48:08 --> Session: Class initialized using 'CodeIgniter\Session\Handlers\FileHandler' driver.
DEBUG - 2026-08-23 17:48:18 --> Session: Class initialized using 'CodeIgniter\Session\Handlers\FileHandler' driver.
DEBUG - 2026-08-23 17:48:38 --> Session: Class initialized using 'CodeIgniter\Session\Handlers\FileHandler' driver.
DEBUG - 2026-08-23 17:49:08 --> Session: Class initialized using 'CodeIgniter\Session\Handlers\FileHandler' driver.
DEBUG - 2026-08-23 17:49:18 --> Session: Class initialized using 'CodeIgniter\Session\Handlers\FileHandler' driver.
DEBUG - 2026-08-23 17:49:38 --> Session: Class initialized using 'CodeIgniter\Session\Handlers\FileHandler' driver.
DEBUG - 2026-08-23 17:50:18 --> Session: Class initialized using 'CodeIgniter\Session\Handlers\FileHandler' driver.
DEBUG - 2026-08-23 17:50:21 --> Session: Class initialized using 'CodeIgniter\Session\Handlers\FileHandler' driver.
DEBUG - 2026-08-23 17:50:47 --> Session: Class initialized using 'CodeIgniter\Session\Handlers\FileHandler' driver.
DEBUG - 2026-08-23 17:50:50 --> Session: Class initialized using 'CodeIgniter\Session\Handlers\FileHandler' driver.
DEBUG - 2026-08-23 17:50:51 --> Session: Class initialized using 'CodeIgniter\Session\Handlers\FileHandler' driver.
DEBUG - 2026-08-23 17:51:18 --> Session: Class initialized using 'CodeIgniter\Session\Handlers\FileHandler' driver.
DEBUG - 2026-08-23 17:51:21 --> Session: Class initialized using 'CodeIgniter\Session\Handlers\FileHandler' driver.
DEBUG - 2026-08-23 17:51:43 --> Session: Class initialized using 'CodeIgniter\Session\Handlers\FileHandler' driver.
INFO - 2026-08-23 17:51:43 --> CSRF token verified.
ERROR - 2026-08-23 17:51:44 --> Unknown column 'about_cta_btn' in 'field list'
in SYSTEMPATH\Database\MySQLi\Connection.php on line 300.
 1 SYSTEMPATH\Database\MySQLi\Connection.php(300): mysqli->query()
 2 SYSTEMPATH\Database\BaseConnection.php(908): CodeIgniter\Database\MySQLi\Connection->execute()
 3 SYSTEMPATH\Database\BaseConnection.php(825): CodeIgniter\Database\BaseConnection->simpleQuery()
 4 SYSTEMPATH\Database\BaseBuilder.php(2531): CodeIgniter\Database\BaseConnection->query()
 5 SYSTEMPATH\Model.php(408): CodeIgniter\Database\BaseBuilder->update()
 6 SYSTEMPATH\BaseModel.php(1074): CodeIgniter\Model->doUpdate()
 7 SYSTEMPATH\Model.php(711): CodeIgniter\BaseModel->update()
 8 APPPATH\Controllers\Admin\Products.php(231): CodeIgniter\Model->update()
 9 SYSTEMPATH\CodeIgniter.php(974): App\Controllers\Admin\Products->update()
10 SYSTEMPATH\CodeIgniter.php(520): CodeIgniter\CodeIgniter->runController()
11 SYSTEMPATH\CodeIgniter.php(363): CodeIgniter\CodeIgniter->handleRequest()
12 SYSTEMPATH\Boot.php(417): CodeIgniter\CodeIgniter->run()
13 SYSTEMPATH\Boot.php(68): CodeIgniter\Boot::runCodeIgniter()
14 FCPATH\index.php(59): CodeIgniter\Boot::bootWeb()
15 SYSTEMPATH\rewrite.php(44): require_once('C:\\Sistemas\\Dias Imports\\Dias Importes - Marketing v2\\dias_imports_v2\\public\\index.php')
CRITICAL - 2026-08-23 17:51:44 --> CodeIgniter\Database\Exceptions\DatabaseException: Unknown column 'about_cta_btn' in 'field list'
[Method: POST, Route: produtos/1/editar]
in SYSTEMPATH\Database\BaseConnection.php on line 863.
 1 SYSTEMPATH\Database\BaseBuilder.php(2531): CodeIgniter\Database\BaseConnection->query()
 2 SYSTEMPATH\Model.php(408): CodeIgniter\Database\BaseBuilder->update()
 3 SYSTEMPATH\BaseModel.php(1074): CodeIgniter\Model->doUpdate()
 4 SYSTEMPATH\Model.php(711): CodeIgniter\BaseModel->update()
 5 APPPATH\Controllers\Admin\Products.php(231): CodeIgniter\Model->update()
 6 SYSTEMPATH\CodeIgniter.php(974): App\Controllers\Admin\Products->update()
 7 SYSTEMPATH\CodeIgniter.php(520): CodeIgniter\CodeIgniter->runController()
 8 SYSTEMPATH\CodeIgniter.php(363): CodeIgniter\CodeIgniter->handleRequest()
 9 SYSTEMPATH\Boot.php(417): CodeIgniter\CodeIgniter->run()
10 SYSTEMPATH\Boot.php(68): CodeIgniter\Boot::runCodeIgniter()
11 FCPATH\index.php(59): CodeIgniter\Boot::bootWeb()
12 SYSTEMPATH\rewrite.php(44): require_once('C:\\Sistemas\\Dias Imports\\Dias Importes - Marketing v2\\dias_imports_v2\\public\\index.php')
CRITICAL - 2026-08-23 17:51:44 --> [Caused by] CodeIgniter\Database\Exceptions\DatabaseException: Unknown column 'about_cta_btn' in 'field list'
in SYSTEMPATH\Database\MySQLi\Connection.php on line 310.
 1 SYSTEMPATH\Database\BaseConnection.php(908): CodeIgniter\Database\MySQLi\Connection->execute()
 2 SYSTEMPATH\Database\BaseConnection.php(825): CodeIgniter\Database\BaseConnection->simpleQuery()
 3 SYSTEMPATH\Database\BaseBuilder.php(2531): CodeIgniter\Database\BaseConnection->query()
 4 SYSTEMPATH\Model.php(408): CodeIgniter\Database\BaseBuilder->update()
 5 SYSTEMPATH\BaseModel.php(1074): CodeIgniter\Model->doUpdate()
 6 SYSTEMPATH\Model.php(711): CodeIgniter\BaseModel->update()
 7 APPPATH\Controllers\Admin\Products.php(231): CodeIgniter\Model->update()
 8 SYSTEMPATH\CodeIgniter.php(974): App\Controllers\Admin\Products->update()
 9 SYSTEMPATH\CodeIgniter.php(520): CodeIgniter\CodeIgniter->runController()
10 SYSTEMPATH\CodeIgniter.php(363): CodeIgniter\CodeIgniter->handleRequest()
11 SYSTEMPATH\Boot.php(417): CodeIgniter\CodeIgniter->run()
12 SYSTEMPATH\Boot.php(68): CodeIgniter\Boot::runCodeIgniter()
13 FCPATH\index.php(59): CodeIgniter\Boot::bootWeb()
14 SYSTEMPATH\rewrite.php(44): require_once('C:\\Sistemas\\Dias Imports\\Dias Importes - Marketing v2\\dias_imports_v2\\public\\index.php')
CRITICAL - 2026-08-23 17:51:44 --> [Caused by] mysqli_sql_exception: Unknown column 'about_cta_btn' in 'field list'
in SYSTEMPATH\Database\MySQLi\Connection.php on line 300.
 1 SYSTEMPATH\Database\MySQLi\Connection.php(300): mysqli->query()
 2 SYSTEMPATH\Database\BaseConnection.php(908): CodeIgniter\Database\MySQLi\Connection->execute()
 3 SYSTEMPATH\Database\BaseConnection.php(825): CodeIgniter\Database\BaseConnection->simpleQuery()
 4 SYSTEMPATH\Database\BaseBuilder.php(2531): CodeIgniter\Database\BaseConnection->query()
 5 SYSTEMPATH\Model.php(408): CodeIgniter\Database\BaseBuilder->update()
 6 SYSTEMPATH\BaseModel.php(1074): CodeIgniter\Model->doUpdate()
 7 SYSTEMPATH\Model.php(711): CodeIgniter\BaseModel->update()
 8 APPPATH\Controllers\Admin\Products.php(231): CodeIgniter\Model->update()
 9 SYSTEMPATH\CodeIgniter.php(974): App\Controllers\Admin\Products->update()
10 SYSTEMPATH\CodeIgniter.php(520): CodeIgniter\CodeIgniter->runController()
11 SYSTEMPATH\CodeIgniter.php(363): CodeIgniter\CodeIgniter->handleRequest()
12 SYSTEMPATH\Boot.php(417): CodeIgniter\CodeIgniter->run()
13 SYSTEMPATH\Boot.php(68): CodeIgniter\Boot::runCodeIgniter()
14 FCPATH\index.php(59): CodeIgniter\Boot::bootWeb()
15 SYSTEMPATH\rewrite.php(44): require_once('C:\\Sistemas\\Dias Imports\\Dias Importes - Marketing v2\\dias_imports_v2\\public\\index.php')
DEBUG - 2026-08-23 17:51:50 --> Session: Class initialized using 'CodeIgniter\Session\Handlers\FileHandler' driver.
INFO - 2026-08-23 17:51:50 --> CSRF token verified.
ERROR - 2026-08-23 17:51:51 --> Unknown column 'about_cta_btn' in 'field list'
in SYSTEMPATH\Database\MySQLi\Connection.php on line 300.
 1 SYSTEMPATH\Database\MySQLi\Connection.php(300): mysqli->query()
 2 SYSTEMPATH\Database\BaseConnection.php(908): CodeIgniter\Database\MySQLi\Connection->execute()
 3 SYSTEMPATH\Database\BaseConnection.php(825): CodeIgniter\Database\BaseConnection->simpleQuery()
 4 SYSTEMPATH\Database\BaseBuilder.php(2531): CodeIgniter\Database\BaseConnection->query()
 5 SYSTEMPATH\Model.php(408): CodeIgniter\Database\BaseBuilder->update()
 6 SYSTEMPATH\BaseModel.php(1074): CodeIgniter\Model->doUpdate()
 7 SYSTEMPATH\Model.php(711): CodeIgniter\BaseModel->update()
 8 APPPATH\Controllers\Admin\Products.php(231): CodeIgniter\Model->update()
 9 SYSTEMPATH\CodeIgniter.php(974): App\Controllers\Admin\Products->update()
10 SYSTEMPATH\CodeIgniter.php(520): CodeIgniter\CodeIgniter->runController()
11 SYSTEMPATH\CodeIgniter.php(363): CodeIgniter\CodeIgniter->handleRequest()
12 SYSTEMPATH\Boot.php(417): CodeIgniter\CodeIgniter->run()
13 SYSTEMPATH\Boot.php(68): CodeIgniter\Boot::runCodeIgniter()
14 FCPATH\index.php(59): CodeIgniter\Boot::bootWeb()
15 SYSTEMPATH\rewrite.php(44): require_once('C:\\Sistemas\\Dias Imports\\Dias Importes - Marketing v2\\dias_imports_v2\\public\\index.php')
CRITICAL - 2026-08-23 17:51:51 --> CodeIgniter\Database\Exceptions\DatabaseException: Unknown column 'about_cta_btn' in 'field list'
[Method: POST, Route: produtos/1/editar]
in SYSTEMPATH\Database\BaseConnection.php on line 863.
 1 SYSTEMPATH\Database\BaseBuilder.php(2531): CodeIgniter\Database\BaseConnection->query()
 2 SYSTEMPATH\Model.php(408): CodeIgniter\Database\BaseBuilder->update()
 3 SYSTEMPATH\BaseModel.php(1074): CodeIgniter\Model->doUpdate()
 4 SYSTEMPATH\Model.php(711): CodeIgniter\BaseModel->update()
 5 APPPATH\Controllers\Admin\Products.php(231): CodeIgniter\Model->update()
 6 SYSTEMPATH\CodeIgniter.php(974): App\Controllers\Admin\Products->update()
 7 SYSTEMPATH\CodeIgniter.php(520): CodeIgniter\CodeIgniter->runController()
 8 SYSTEMPATH\CodeIgniter.php(363): CodeIgniter\CodeIgniter->handleRequest()
 9 SYSTEMPATH\Boot.php(417): CodeIgniter\CodeIgniter->run()
10 SYSTEMPATH\Boot.php(68): CodeIgniter\Boot::runCodeIgniter()
11 FCPATH\index.php(59): CodeIgniter\Boot::bootWeb()
12 SYSTEMPATH\rewrite.php(44): require_once('C:\\Sistemas\\Dias Imports\\Dias Importes - Marketing v2\\dias_imports_v2\\public\\index.php')
CRITICAL - 2026-08-23 17:51:51 --> [Caused by] CodeIgniter\Database\Exceptions\DatabaseException: Unknown column 'about_cta_btn' in 'field list'
in SYSTEMPATH\Database\MySQLi\Connection.php on line 310.
 1 SYSTEMPATH\Database\BaseConnection.php(908): CodeIgniter\Database\MySQLi\Connection->execute()
 2 SYSTEMPATH\Database\BaseConnection.php(825): CodeIgniter\Database\BaseConnection->simpleQuery()
 3 SYSTEMPATH\Database\BaseBuilder.php(2531): CodeIgniter\Database\BaseConnection->query()
 4 SYSTEMPATH\Model.php(408): CodeIgniter\Database\BaseBuilder->update()
 5 SYSTEMPATH\BaseModel.php(1074): CodeIgniter\Model->doUpdate()
 6 SYSTEMPATH\Model.php(711): CodeIgniter\BaseModel->update()
 7 APPPATH\Controllers\Admin\Products.php(231): CodeIgniter\Model->update()
 8 SYSTEMPATH\CodeIgniter.php(974): App\Controllers\Admin\Products->update()
 9 SYSTEMPATH\CodeIgniter.php(520): CodeIgniter\CodeIgniter->runController()
10 SYSTEMPATH\CodeIgniter.php(363): CodeIgniter\CodeIgniter->handleRequest()
11 SYSTEMPATH\Boot.php(417): CodeIgniter\CodeIgniter->run()
12 SYSTEMPATH\Boot.php(68): CodeIgniter\Boot::runCodeIgniter()
13 FCPATH\index.php(59): CodeIgniter\Boot::bootWeb()
14 SYSTEMPATH\rewrite.php(44): require_once('C:\\Sistemas\\Dias Imports\\Dias Importes - Marketing v2\\dias_imports_v2\\public\\index.php')
CRITICAL - 2026-08-23 17:51:51 --> [Caused by] mysqli_sql_exception: Unknown column 'about_cta_btn' in 'field list'
in SYSTEMPATH\Database\MySQLi\Connection.php on line 300.
 1 SYSTEMPATH\Database\MySQLi\Connection.php(300): mysqli->query()
 2 SYSTEMPATH\Database\BaseConnection.php(908): CodeIgniter\Database\MySQLi\Connection->execute()
 3 SYSTEMPATH\Database\BaseConnection.php(825): CodeIgniter\Database\BaseConnection->simpleQuery()
 4 SYSTEMPATH\Database\BaseBuilder.php(2531): CodeIgniter\Database\BaseConnection->query()
 5 SYSTEMPATH\Model.php(408): CodeIgniter\Database\BaseBuilder->update()
 6 SYSTEMPATH\BaseModel.php(1074): CodeIgniter\Model->doUpdate()
 7 SYSTEMPATH\Model.php(711): CodeIgniter\BaseModel->update()
 8 APPPATH\Controllers\Admin\Products.php(231): CodeIgniter\Model->update()
 9 SYSTEMPATH\CodeIgniter.php(974): App\Controllers\Admin\Products->update()
10 SYSTEMPATH\CodeIgniter.php(520): CodeIgniter\CodeIgniter->runController()
11 SYSTEMPATH\CodeIgniter.php(363): CodeIgniter\CodeIgniter->handleRequest()
12 SYSTEMPATH\Boot.php(417): CodeIgniter\CodeIgniter->run()
13 SYSTEMPATH\Boot.php(68): CodeIgniter\Boot::runCodeIgniter()
14 FCPATH\index.php(59): CodeIgniter\Boot::bootWeb()
15 SYSTEMPATH\rewrite.php(44): require_once('C:\\Sistemas\\Dias Imports\\Dias Importes - Marketing v2\\dias_imports_v2\\public\\index.php')
DEBUG - 2026-08-23 17:51:53 --> Session: Class initialized using 'CodeIgniter\Session\Handlers\FileHandler' driver.
DEBUG - 2026-08-23 17:51:55 --> Session: Class initialized using 'CodeIgniter\Session\Handlers\FileHandler' driver.
DEBUG - 2026-08-23 17:52:04 --> Session: Class initialized using 'CodeIgniter\Session\Handlers\FileHandler' driver.
INFO - 2026-08-23 17:52:04 --> CSRF token verified.
ERROR - 2026-08-23 17:52:04 --> Unknown column 'about_cta_btn' in 'field list'
in SYSTEMPATH\Database\MySQLi\Connection.php on line 300.
 1 SYSTEMPATH\Database\MySQLi\Connection.php(300): mysqli->query()
 2 SYSTEMPATH\Database\BaseConnection.php(908): CodeIgniter\Database\MySQLi\Connection->execute()
 3 SYSTEMPATH\Database\BaseConnection.php(825): CodeIgniter\Database\BaseConnection->simpleQuery()
 4 SYSTEMPATH\Database\BaseBuilder.php(2531): CodeIgniter\Database\BaseConnection->query()
 5 SYSTEMPATH\Model.php(408): CodeIgniter\Database\BaseBuilder->update()
 6 SYSTEMPATH\BaseModel.php(1074): CodeIgniter\Model->doUpdate()
 7 SYSTEMPATH\Model.php(711): CodeIgniter\BaseModel->update()
 8 APPPATH\Controllers\Admin\Products.php(231): CodeIgniter\Model->update()
 9 SYSTEMPATH\CodeIgniter.php(974): App\Controllers\Admin\Products->update()
10 SYSTEMPATH\CodeIgniter.php(520): CodeIgniter\CodeIgniter->runController()
11 SYSTEMPATH\CodeIgniter.php(363): CodeIgniter\CodeIgniter->handleRequest()
12 SYSTEMPATH\Boot.php(417): CodeIgniter\CodeIgniter->run()
13 SYSTEMPATH\Boot.php(68): CodeIgniter\Boot::runCodeIgniter()
14 FCPATH\index.php(59): CodeIgniter\Boot::bootWeb()
15 SYSTEMPATH\rewrite.php(44): require_once('C:\\Sistemas\\Dias Imports\\Dias Importes - Marketing v2\\dias_imports_v2\\public\\index.php')
CRITICAL - 2026-08-23 17:52:04 --> CodeIgniter\Database\Exceptions\DatabaseException: Unknown column 'about_cta_btn' in 'field list'
[Method: POST, Route: produtos/1/editar]
in SYSTEMPATH\Database\BaseConnection.php on line 863.
 1 SYSTEMPATH\Database\BaseBuilder.php(2531): CodeIgniter\Database\BaseConnection->query()
 2 SYSTEMPATH\Model.php(408): CodeIgniter\Database\BaseBuilder->update()
 3 SYSTEMPATH\BaseModel.php(1074): CodeIgniter\Model->doUpdate()
 4 SYSTEMPATH\Model.php(711): CodeIgniter\BaseModel->update()
 5 APPPATH\Controllers\Admin\Products.php(231): CodeIgniter\Model->update()
 6 SYSTEMPATH\CodeIgniter.php(974): App\Controllers\Admin\Products->update()
 7 SYSTEMPATH\CodeIgniter.php(520): CodeIgniter\CodeIgniter->runController()
 8 SYSTEMPATH\CodeIgniter.php(363): CodeIgniter\CodeIgniter->handleRequest()
 9 SYSTEMPATH\Boot.php(417): CodeIgniter\CodeIgniter->run()
10 SYSTEMPATH\Boot.php(68): CodeIgniter\Boot::runCodeIgniter()
11 FCPATH\index.php(59): CodeIgniter\Boot::bootWeb()
12 SYSTEMPATH\rewrite.php(44): require_once('C:\\Sistemas\\Dias Imports\\Dias Importes - Marketing v2\\dias_imports_v2\\public\\index.php')
CRITICAL - 2026-08-23 17:52:04 --> [Caused by] CodeIgniter\Database\Exceptions\DatabaseException: Unknown column 'about_cta_btn' in 'field list'
in SYSTEMPATH\Database\MySQLi\Connection.php on line 310.
 1 SYSTEMPATH\Database\BaseConnection.php(908): CodeIgniter\Database\MySQLi\Connection->execute()
 2 SYSTEMPATH\Database\BaseConnection.php(825): CodeIgniter\Database\BaseConnection->simpleQuery()
 3 SYSTEMPATH\Database\BaseBuilder.php(2531): CodeIgniter\Database\BaseConnection->query()
 4 SYSTEMPATH\Model.php(408): CodeIgniter\Database\BaseBuilder->update()
 5 SYSTEMPATH\BaseModel.php(1074): CodeIgniter\Model->doUpdate()
 6 SYSTEMPATH\Model.php(711): CodeIgniter\BaseModel->update()
 7 APPPATH\Controllers\Admin\Products.php(231): CodeIgniter\Model->update()
 8 SYSTEMPATH\CodeIgniter.php(974): App\Controllers\Admin\Products->update()
 9 SYSTEMPATH\CodeIgniter.php(520): CodeIgniter\CodeIgniter->runController()
10 SYSTEMPATH\CodeIgniter.php(363): CodeIgniter\CodeIgniter->handleRequest()
11 SYSTEMPATH\Boot.php(417): CodeIgniter\CodeIgniter->run()
12 SYSTEMPATH\Boot.php(68): CodeIgniter\Boot::runCodeIgniter()
13 FCPATH\index.php(59): CodeIgniter\Boot::bootWeb()
14 SYSTEMPATH\rewrite.php(44): require_once('C:\\Sistemas\\Dias Imports\\Dias Importes - Marketing v2\\dias_imports_v2\\public\\index.php')
CRITICAL - 2026-08-23 17:52:04 --> [Caused by] mysqli_sql_exception: Unknown column 'about_cta_btn' in 'field list'
in SYSTEMPATH\Database\MySQLi\Connection.php on line 300.
 1 SYSTEMPATH\Database\MySQLi\Connection.php(300): mysqli->query()
 2 SYSTEMPATH\Database\BaseConnection.php(908): CodeIgniter\Database\MySQLi\Connection->execute()
 3 SYSTEMPATH\Database\BaseConnection.php(825): CodeIgniter\Database\BaseConnection->simpleQuery()
 4 SYSTEMPATH\Database\BaseBuilder.php(2531): CodeIgniter\Database\BaseConnection->query()
 5 SYSTEMPATH\Model.php(408): CodeIgniter\Database\BaseBuilder->update()
 6 SYSTEMPATH\BaseModel.php(1074): CodeIgniter\Model->doUpdate()
 7 SYSTEMPATH\Model.php(711): CodeIgniter\BaseModel->update()
 8 APPPATH\Controllers\Admin\Products.php(231): CodeIgniter\Model->update()
 9 SYSTEMPATH\CodeIgniter.php(974): App\Controllers\Admin\Products->update()
10 SYSTEMPATH\CodeIgniter.php(520): CodeIgniter\CodeIgniter->runController()
11 SYSTEMPATH\CodeIgniter.php(363): CodeIgniter\CodeIgniter->handleRequest()
12 SYSTEMPATH\Boot.php(417): CodeIgniter\CodeIgniter->run()
13 SYSTEMPATH\Boot.php(68): CodeIgniter\Boot::runCodeIgniter()
14 FCPATH\index.php(59): CodeIgniter\Boot::bootWeb()
15 SYSTEMPATH\rewrite.php(44): require_once('C:\\Sistemas\\Dias Imports\\Dias Importes - Marketing v2\\dias_imports_v2\\public\\index.php')
DEBUG - 2026-08-23 17:52:14 --> Session: Class initialized using 'CodeIgniter\Session\Handlers\FileHandler' driver.
DEBUG - 2026-08-23 17:52:15 --> Session: Class initialized using 'CodeIgniter\Session\Handlers\FileHandler' driver.
DEBUG - 2026-08-23 17:52:18 --> Session: Class initialized using 'CodeIgniter\Session\Handlers\FileHandler' driver.
DEBUG - 2026-08-23 17:52:19 --> Session: Class initialized using 'CodeIgniter\Session\Handlers\FileHandler' driver.
DEBUG - 2026-08-23 17:52:21 --> Session: Class initialized using 'CodeIgniter\Session\Handlers\FileHandler' driver.
DEBUG - 2026-08-23 17:52:25 --> Session: Class initialized using 'CodeIgniter\Session\Handlers\FileHandler' driver.
DEBUG - 2026-08-23 17:52:51 --> Session: Class initialized using 'CodeIgniter\Session\Handlers\FileHandler' driver.
DEBUG - 2026-08-23 17:52:55 --> Session: Class initialized using 'CodeIgniter\Session\Handlers\FileHandler' driver.
DEBUG - 2026-08-23 17:53:18 --> Session: Class initialized using 'CodeIgniter\Session\Handlers\FileHandler' driver.
DEBUG - 2026-08-23 17:53:21 --> Session: Class initialized using 'CodeIgniter\Session\Handlers\FileHandler' driver.
DEBUG - 2026-08-23 17:53:25 --> Session: Class initialized using 'CodeIgniter\Session\Handlers\FileHandler' driver.
DEBUG - 2026-08-23 17:53:51 --> Session: Class initialized using 'CodeIgniter\Session\Handlers\FileHandler' driver.
DEBUG - 2026-08-23 17:53:55 --> Session: Class initialized using 'CodeIgniter\Session\Handlers\FileHandler' driver.
DEBUG - 2026-08-23 17:54:18 --> Session: Class initialized using 'CodeIgniter\Session\Handlers\FileHandler' driver.
DEBUG - 2026-08-23 17:54:21 --> Session: Class initialized using 'CodeIgniter\Session\Handlers\FileHandler' driver.
DEBUG - 2026-08-23 17:54:25 --> Session: Class initialized using 'CodeIgniter\Session\Handlers\FileHandler' driver.
DEBUG - 2026-08-23 17:54:51 --> Session: Class initialized using 'CodeIgniter\Session\Handlers\FileHandler' driver.
DEBUG - 2026-08-23 17:54:55 --> Session: Class initialized using 'CodeIgniter\Session\Handlers\FileHandler' driver.
DEBUG - 2026-08-23 17:55:03 --> Session: Class initialized using 'CodeIgniter\Session\Handlers\FileHandler' driver.
DEBUG - 2026-08-23 17:55:04 --> Session: Class initialized using 'CodeIgniter\Session\Handlers\FileHandler' driver.
DEBUG - 2026-08-23 17:55:17 --> Session: Class initialized using 'CodeIgniter\Session\Handlers\FileHandler' driver.
DEBUG - 2026-08-23 17:55:18 --> Session: Class initialized using 'CodeIgniter\Session\Handlers\FileHandler' driver.
DEBUG - 2026-08-23 17:55:21 --> Session: Class initialized using 'CodeIgniter\Session\Handlers\FileHandler' driver.
DEBUG - 2026-08-23 17:55:25 --> Session: Class initialized using 'CodeIgniter\Session\Handlers\FileHandler' driver.
DEBUG - 2026-08-23 17:55:28 --> Session: Class initialized using 'CodeIgniter\Session\Handlers\FileHandler' driver.
DEBUG - 2026-08-23 17:55:29 --> Session: Class initialized using 'CodeIgniter\Session\Handlers\FileHandler' driver.
DEBUG - 2026-08-23 17:55:48 --> Session: Class initialized using 'CodeIgniter\Session\Handlers\FileHandler' driver.
DEBUG - 2026-08-23 17:55:49 --> Session: Class initialized using 'CodeIgniter\Session\Handlers\FileHandler' driver.
DEBUG - 2026-08-23 17:55:57 --> Session: Class initialized using 'CodeIgniter\Session\Handlers\FileHandler' driver.
DEBUG - 2026-08-23 17:55:58 --> Session: Class initialized using 'CodeIgniter\Session\Handlers\FileHandler' driver.
DEBUG - 2026-08-23 17:56:00 --> Session: Class initialized using 'CodeIgniter\Session\Handlers\FileHandler' driver.
DEBUG - 2026-08-23 17:56:01 --> Session: Class initialized using 'CodeIgniter\Session\Handlers\FileHandler' driver.
DEBUG - 2026-08-23 17:56:18 --> Session: Class initialized using 'CodeIgniter\Session\Handlers\FileHandler' driver.
DEBUG - 2026-08-23 17:56:21 --> Session: Class initialized using 'CodeIgniter\Session\Handlers\FileHandler' driver.
DEBUG - 2026-08-23 17:56:31 --> Session: Class initialized using 'CodeIgniter\Session\Handlers\FileHandler' driver.
DEBUG - 2026-08-23 17:56:53 --> Session: Class initialized using 'CodeIgniter\Session\Handlers\FileHandler' driver.
DEBUG - 2026-08-23 17:56:54 --> Session: Class initialized using 'CodeIgniter\Session\Handlers\FileHandler' driver.
DEBUG - 2026-08-23 17:57:18 --> Session: Class initialized using 'CodeIgniter\Session\Handlers\FileHandler' driver.
DEBUG - 2026-08-23 17:57:21 --> Session: Class initialized using 'CodeIgniter\Session\Handlers\FileHandler' driver.
DEBUG - 2026-08-23 17:57:24 --> Session: Class initialized using 'CodeIgniter\Session\Handlers\FileHandler' driver.
DEBUG - 2026-08-23 17:57:48 --> Session: Class initialized using 'CodeIgniter\Session\Handlers\FileHandler' driver.
DEBUG - 2026-08-23 17:57:50 --> Session: Class initialized using 'CodeIgniter\Session\Handlers\FileHandler' driver.
DEBUG - 2026-08-23 17:58:18 --> Session: Class initialized using 'CodeIgniter\Session\Handlers\FileHandler' driver.
DEBUG - 2026-08-23 17:58:21 --> Session: Class initialized using 'CodeIgniter\Session\Handlers\FileHandler' driver.
DEBUG - 2026-08-23 17:58:23 --> Session: Class initialized using 'CodeIgniter\Session\Handlers\FileHandler' driver.
DEBUG - 2026-08-23 17:58:33 --> Session: Class initialized using 'CodeIgniter\Session\Handlers\FileHandler' driver.
DEBUG - 2026-08-23 17:58:34 --> Session: Class initialized using 'CodeIgniter\Session\Handlers\FileHandler' driver.
DEBUG - 2026-08-23 17:59:04 --> Session: Class initialized using 'CodeIgniter\Session\Handlers\FileHandler' driver.
DEBUG - 2026-08-23 17:59:18 --> Session: Class initialized using 'CodeIgniter\Session\Handlers\FileHandler' driver.
DEBUG - 2026-08-23 17:59:21 --> Session: Class initialized using 'CodeIgniter\Session\Handlers\FileHandler' driver.
DEBUG - 2026-08-23 17:59:25 --> Session: Class initialized using 'CodeIgniter\Session\Handlers\FileHandler' driver.
DEBUG - 2026-08-23 17:59:26 --> Session: Class initialized using 'CodeIgniter\Session\Handlers\FileHandler' driver.
DEBUG - 2026-08-23 17:59:56 --> Session: Class initialized using 'CodeIgniter\Session\Handlers\FileHandler' driver.
DEBUG - 2026-08-23 18:00:18 --> Session: Class initialized using 'CodeIgniter\Session\Handlers\FileHandler' driver.
DEBUG - 2026-08-23 18:00:21 --> Session: Class initialized using 'CodeIgniter\Session\Handlers\FileHandler' driver.
DEBUG - 2026-08-23 18:00:26 --> Session: Class initialized using 'CodeIgniter\Session\Handlers\FileHandler' driver.
DEBUG - 2026-08-23 18:00:56 --> Session: Class initialized using 'CodeIgniter\Session\Handlers\FileHandler' driver.
DEBUG - 2026-08-23 18:01:18 --> Session: Class initialized using 'CodeIgniter\Session\Handlers\FileHandler' driver.
DEBUG - 2026-08-23 18:01:21 --> Session: Class initialized using 'CodeIgniter\Session\Handlers\FileHandler' driver.
DEBUG - 2026-08-23 18:01:23 --> Session: Class initialized using 'CodeIgniter\Session\Handlers\FileHandler' driver.
DEBUG - 2026-08-23 18:01:25 --> Session: Class initialized using 'CodeIgniter\Session\Handlers\FileHandler' driver.
DEBUG - 2026-08-23 18:01:55 --> Session: Class initialized using 'CodeIgniter\Session\Handlers\FileHandler' driver.
DEBUG - 2026-08-23 18:02:18 --> Session: Class initialized using 'CodeIgniter\Session\Handlers\FileHandler' driver.
DEBUG - 2026-08-23 18:02:21 --> Session: Class initialized using 'CodeIgniter\Session\Handlers\FileHandler' driver.
DEBUG - 2026-08-23 18:02:25 --> Session: Class initialized using 'CodeIgniter\Session\Handlers\FileHandler' driver.
DEBUG - 2026-08-23 18:02:53 --> Session: Class initialized using 'CodeIgniter\Session\Handlers\FileHandler' driver.
DEBUG - 2026-08-23 18:02:54 --> Session: Class initialized using 'CodeIgniter\Session\Handlers\FileHandler' driver.
DEBUG - 2026-08-23 18:03:18 --> Session: Class initialized using 'CodeIgniter\Session\Handlers\FileHandler' driver.
DEBUG - 2026-08-23 18:03:21 --> Session: Class initialized using 'CodeIgniter\Session\Handlers\FileHandler' driver.
DEBUG - 2026-08-23 18:03:24 --> Session: Class initialized using 'CodeIgniter\Session\Handlers\FileHandler' driver.
DEBUG - 2026-08-23 18:03:54 --> Session: Class initialized using 'CodeIgniter\Session\Handlers\FileHandler' driver.
DEBUG - 2026-08-23 18:04:18 --> Session: Class initialized using 'CodeIgniter\Session\Handlers\FileHandler' driver.
DEBUG - 2026-08-23 18:04:21 --> Session: Class initialized using 'CodeIgniter\Session\Handlers\FileHandler' driver.
DEBUG - 2026-08-23 18:04:24 --> Session: Class initialized using 'CodeIgniter\Session\Handlers\FileHandler' driver.
DEBUG - 2026-08-23 18:04:54 --> Session: Class initialized using 'CodeIgniter\Session\Handlers\FileHandler' driver.
DEBUG - 2026-08-23 18:05:11 --> Session: Class initialized using 'CodeIgniter\Session\Handlers\FileHandler' driver.
DEBUG - 2026-08-23 18:05:13 --> Session: Class initialized using 'CodeIgniter\Session\Handlers\FileHandler' driver.
DEBUG - 2026-08-23 18:05:18 --> Session: Class initialized using 'CodeIgniter\Session\Handlers\FileHandler' driver.
DEBUG - 2026-08-23 18:05:21 --> Session: Class initialized using 'CodeIgniter\Session\Handlers\FileHandler' driver.
DEBUG - 2026-08-23 18:05:43 --> Session: Class initialized using 'CodeIgniter\Session\Handlers\FileHandler' driver.
DEBUG - 2026-08-23 18:06:13 --> Session: Class initialized using 'CodeIgniter\Session\Handlers\FileHandler' driver.
DEBUG - 2026-08-23 18:06:18 --> Session: Class initialized using 'CodeIgniter\Session\Handlers\FileHandler' driver.
DEBUG - 2026-08-23 18:06:21 --> Session: Class initialized using 'CodeIgniter\Session\Handlers\FileHandler' driver.
DEBUG - 2026-08-23 18:06:43 --> Session: Class initialized using 'CodeIgniter\Session\Handlers\FileHandler' driver.
DEBUG - 2026-08-23 18:07:13 --> Session: Class initialized using 'CodeIgniter\Session\Handlers\FileHandler' driver.
DEBUG - 2026-08-23 18:07:18 --> Session: Class initialized using 'CodeIgniter\Session\Handlers\FileHandler' driver.
DEBUG - 2026-08-23 18:07:21 --> Session: Class initialized using 'CodeIgniter\Session\Handlers\FileHandler' driver.
DEBUG - 2026-08-23 18:07:43 --> Session: Class initialized using 'CodeIgniter\Session\Handlers\FileHandler' driver.
DEBUG - 2026-08-23 18:08:13 --> Session: Class initialized using 'CodeIgniter\Session\Handlers\FileHandler' driver.
DEBUG - 2026-08-23 18:08:18 --> Session: Class initialized using 'CodeIgniter\Session\Handlers\FileHandler' driver.
DEBUG - 2026-08-23 18:08:21 --> Session: Class initialized using 'CodeIgniter\Session\Handlers\FileHandler' driver.
DEBUG - 2026-08-23 18:08:28 --> Session: Class initialized using 'CodeIgniter\Session\Handlers\FileHandler' driver.
DEBUG - 2026-08-23 18:08:29 --> Session: Class initialized using 'CodeIgniter\Session\Handlers\FileHandler' driver.
DEBUG - 2026-08-23 18:08:59 --> Session: Class initialized using 'CodeIgniter\Session\Handlers\FileHandler' driver.
DEBUG - 2026-08-23 18:09:18 --> Session: Class initialized using 'CodeIgniter\Session\Handlers\FileHandler' driver.
DEBUG - 2026-08-23 18:09:21 --> Session: Class initialized using 'CodeIgniter\Session\Handlers\FileHandler' driver.
DEBUG - 2026-08-23 18:09:29 --> Session: Class initialized using 'CodeIgniter\Session\Handlers\FileHandler' driver.
DEBUG - 2026-08-23 18:09:59 --> Session: Class initialized using 'CodeIgniter\Session\Handlers\FileHandler' driver.
DEBUG - 2026-08-23 18:10:10 --> Session: Class initialized using 'CodeIgniter\Session\Handlers\FileHandler' driver.
DEBUG - 2026-08-23 18:10:11 --> Session: Class initialized using 'CodeIgniter\Session\Handlers\FileHandler' driver.
DEBUG - 2026-08-23 18:10:18 --> Session: Class initialized using 'CodeIgniter\Session\Handlers\FileHandler' driver.
DEBUG - 2026-08-23 18:10:21 --> Session: Class initialized using 'CodeIgniter\Session\Handlers\FileHandler' driver.
DEBUG - 2026-08-23 18:10:41 --> Session: Class initialized using 'CodeIgniter\Session\Handlers\FileHandler' driver.
DEBUG - 2026-08-23 18:11:11 --> Session: Class initialized using 'CodeIgniter\Session\Handlers\FileHandler' driver.
DEBUG - 2026-08-23 18:11:18 --> Session: Class initialized using 'CodeIgniter\Session\Handlers\FileHandler' driver.
DEBUG - 2026-08-23 18:11:21 --> Session: Class initialized using 'CodeIgniter\Session\Handlers\FileHandler' driver.
DEBUG - 2026-08-23 18:11:41 --> Session: Class initialized using 'CodeIgniter\Session\Handlers\FileHandler' driver.
DEBUG - 2026-08-23 18:12:11 --> Session: Class initialized using 'CodeIgniter\Session\Handlers\FileHandler' driver.
DEBUG - 2026-08-23 18:12:18 --> Session: Class initialized using 'CodeIgniter\Session\Handlers\FileHandler' driver.
DEBUG - 2026-08-23 18:12:21 --> Session: Class initialized using 'CodeIgniter\Session\Handlers\FileHandler' driver.
DEBUG - 2026-08-23 18:12:41 --> Session: Class initialized using 'CodeIgniter\Session\Handlers\FileHandler' driver.
DEBUG - 2026-08-23 18:12:44 --> Session: Class initialized using 'CodeIgniter\Session\Handlers\FileHandler' driver.
DEBUG - 2026-08-23 18:12:45 --> Session: Class initialized using 'CodeIgniter\Session\Handlers\FileHandler' driver.
DEBUG - 2026-08-23 18:13:07 --> Session: Class initialized using 'CodeIgniter\Session\Handlers\FileHandler' driver.
DEBUG - 2026-08-23 18:13:09 --> Session: Class initialized using 'CodeIgniter\Session\Handlers\FileHandler' driver.
DEBUG - 2026-08-23 18:13:18 --> Session: Class initialized using 'CodeIgniter\Session\Handlers\FileHandler' driver.
DEBUG - 2026-08-23 18:13:21 --> Session: Class initialized using 'CodeIgniter\Session\Handlers\FileHandler' driver.
DEBUG - 2026-08-23 18:13:39 --> Session: Class initialized using 'CodeIgniter\Session\Handlers\FileHandler' driver.
DEBUG - 2026-08-23 18:14:09 --> Session: Class initialized using 'CodeIgniter\Session\Handlers\FileHandler' driver.
DEBUG - 2026-08-23 18:14:18 --> Session: Class initialized using 'CodeIgniter\Session\Handlers\FileHandler' driver.
DEBUG - 2026-08-23 18:14:21 --> Session: Class initialized using 'CodeIgniter\Session\Handlers\FileHandler' driver.
DEBUG - 2026-08-23 18:14:39 --> Session: Class initialized using 'CodeIgniter\Session\Handlers\FileHandler' driver.
DEBUG - 2026-08-23 18:15:09 --> Session: Class initialized using 'CodeIgniter\Session\Handlers\FileHandler' driver.
DEBUG - 2026-08-23 18:15:18 --> Session: Class initialized using 'CodeIgniter\Session\Handlers\FileHandler' driver.
DEBUG - 2026-08-23 18:15:21 --> Session: Class initialized using 'CodeIgniter\Session\Handlers\FileHandler' driver.
DEBUG - 2026-08-23 18:15:39 --> Session: Class initialized using 'CodeIgniter\Session\Handlers\FileHandler' driver.
DEBUG - 2026-08-23 18:16:00 --> Session: Class initialized using 'CodeIgniter\Session\Handlers\FileHandler' driver.
DEBUG - 2026-08-23 18:16:01 --> Session: Class initialized using 'CodeIgniter\Session\Handlers\FileHandler' driver.
DEBUG - 2026-08-23 18:16:18 --> Session: Class initialized using 'CodeIgniter\Session\Handlers\FileHandler' driver.
DEBUG - 2026-08-23 18:16:21 --> Session: Class initialized using 'CodeIgniter\Session\Handlers\FileHandler' driver.
DEBUG - 2026-08-23 18:16:31 --> Session: Class initialized using 'CodeIgniter\Session\Handlers\FileHandler' driver.
DEBUG - 2026-08-23 18:17:01 --> Session: Class initialized using 'CodeIgniter\Session\Handlers\FileHandler' driver.
DEBUG - 2026-08-23 18:17:18 --> Session: Class initialized using 'CodeIgniter\Session\Handlers\FileHandler' driver.
DEBUG - 2026-08-23 18:17:21 --> Session: Class initialized using 'CodeIgniter\Session\Handlers\FileHandler' driver.
DEBUG - 2026-08-23 18:17:31 --> Session: Class initialized using 'CodeIgniter\Session\Handlers\FileHandler' driver.
DEBUG - 2026-08-23 18:18:01 --> Session: Class initialized using 'CodeIgniter\Session\Handlers\FileHandler' driver.
DEBUG - 2026-08-23 18:18:18 --> Session: Class initialized using 'CodeIgniter\Session\Handlers\FileHandler' driver.
DEBUG - 2026-08-23 18:18:21 --> Session: Class initialized using 'CodeIgniter\Session\Handlers\FileHandler' driver.
DEBUG - 2026-08-23 18:18:31 --> Session: Class initialized using 'CodeIgniter\Session\Handlers\FileHandler' driver.
DEBUG - 2026-08-23 18:19:01 --> Session: Class initialized using 'CodeIgniter\Session\Handlers\FileHandler' driver.
DEBUG - 2026-08-23 18:19:18 --> Session: Class initialized using 'CodeIgniter\Session\Handlers\FileHandler' driver.
DEBUG - 2026-08-23 18:19:21 --> Session: Class initialized using 'CodeIgniter\Session\Handlers\FileHandler' driver.
DEBUG - 2026-08-23 18:19:31 --> Session: Class initialized using 'CodeIgniter\Session\Handlers\FileHandler' driver.
DEBUG - 2026-08-23 18:20:18 --> Session: Class initialized using 'CodeIgniter\Session\Handlers\FileHandler' driver.
DEBUG - 2026-08-23 18:20:21 --> Session: Class initialized using 'CodeIgniter\Session\Handlers\FileHandler' driver.
DEBUG - 2026-08-23 18:20:23 --> Session: Class initialized using 'CodeIgniter\Session\Handlers\FileHandler' driver.
DEBUG - 2026-08-23 18:20:38 --> Session: Class initialized using 'CodeIgniter\Session\Handlers\FileHandler' driver.
DEBUG - 2026-08-23 18:20:41 --> Session: Class initialized using 'CodeIgniter\Session\Handlers\FileHandler' driver.
DEBUG - 2026-08-23 18:20:42 --> Session: Class initialized using 'CodeIgniter\Session\Handlers\FileHandler' driver.
DEBUG - 2026-08-23 18:21:12 --> Session: Class initialized using 'CodeIgniter\Session\Handlers\FileHandler' driver.
DEBUG - 2026-08-23 18:21:18 --> Session: Class initialized using 'CodeIgniter\Session\Handlers\FileHandler' driver.
DEBUG - 2026-08-23 18:21:21 --> Session: Class initialized using 'CodeIgniter\Session\Handlers\FileHandler' driver.
DEBUG - 2026-08-23 18:21:42 --> Session: Class initialized using 'CodeIgniter\Session\Handlers\FileHandler' driver.
DEBUG - 2026-08-23 18:22:12 --> Session: Class initialized using 'CodeIgniter\Session\Handlers\FileHandler' driver.
DEBUG - 2026-08-23 18:22:18 --> Session: Class initialized using 'CodeIgniter\Session\Handlers\FileHandler' driver.
DEBUG - 2026-08-23 18:22:21 --> Session: Class initialized using 'CodeIgniter\Session\Handlers\FileHandler' driver.
DEBUG - 2026-08-23 18:22:42 --> Session: Class initialized using 'CodeIgniter\Session\Handlers\FileHandler' driver.
DEBUG - 2026-08-23 18:23:08 --> Session: Class initialized using 'CodeIgniter\Session\Handlers\FileHandler' driver.
DEBUG - 2026-08-23 18:23:09 --> Session: Class initialized using 'CodeIgniter\Session\Handlers\FileHandler' driver.
DEBUG - 2026-08-23 18:23:12 --> Session: Class initialized using 'CodeIgniter\Session\Handlers\FileHandler' driver.
DEBUG - 2026-08-23 18:23:18 --> Session: Class initialized using 'CodeIgniter\Session\Handlers\FileHandler' driver.
DEBUG - 2026-08-23 18:23:31 --> Session: Class initialized using 'CodeIgniter\Session\Handlers\FileHandler' driver.
DEBUG - 2026-08-23 18:23:31 --> Session: Class initialized using 'CodeIgniter\Session\Handlers\FileHandler' driver.
DEBUG - 2026-08-23 18:23:42 --> Session: Class initialized using 'CodeIgniter\Session\Handlers\FileHandler' driver.
DEBUG - 2026-08-23 18:23:46 --> Session: Class initialized using 'CodeIgniter\Session\Handlers\FileHandler' driver.
DEBUG - 2026-08-23 18:23:47 --> Session: Class initialized using 'CodeIgniter\Session\Handlers\FileHandler' driver.
INFO - 2026-08-23 18:23:58 --> CSRF token verified.
DEBUG - 2026-08-23 18:23:58 --> Session: Class initialized using 'CodeIgniter\Session\Handlers\FileHandler' driver.
DEBUG - 2026-08-23 18:23:59 --> Session: Class initialized using 'CodeIgniter\Session\Handlers\FileHandler' driver.
DEBUG - 2026-08-23 18:24:02 --> Session: Class initialized using 'CodeIgniter\Session\Handlers\FileHandler' driver.
DEBUG - 2026-08-23 18:24:07 --> Session: Class initialized using 'CodeIgniter\Session\Handlers\FileHandler' driver.
DEBUG - 2026-08-23 18:24:08 --> Session: Class initialized using 'CodeIgniter\Session\Handlers\FileHandler' driver.
DEBUG - 2026-08-23 18:24:12 --> Session: Class initialized using 'CodeIgniter\Session\Handlers\FileHandler' driver.
DEBUG - 2026-08-23 18:24:38 --> Session: Class initialized using 'CodeIgniter\Session\Handlers\FileHandler' driver.
DEBUG - 2026-08-23 18:24:40 --> Session: Class initialized using 'CodeIgniter\Session\Handlers\FileHandler' driver.
DEBUG - 2026-08-23 18:24:42 --> Session: Class initialized using 'CodeIgniter\Session\Handlers\FileHandler' driver.
DEBUG - 2026-08-23 18:24:44 --> Session: Class initialized using 'CodeIgniter\Session\Handlers\FileHandler' driver.
DEBUG - 2026-08-23 18:24:53 --> Session: Class initialized using 'CodeIgniter\Session\Handlers\FileHandler' driver.
DEBUG - 2026-08-23 18:24:54 --> Session: Class initialized using 'CodeIgniter\Session\Handlers\FileHandler' driver.
DEBUG - 2026-08-23 18:25:12 --> Session: Class initialized using 'CodeIgniter\Session\Handlers\FileHandler' driver.
DEBUG - 2026-08-23 18:25:14 --> Session: Class initialized using 'CodeIgniter\Session\Handlers\FileHandler' driver.
DEBUG - 2026-08-23 18:25:15 --> Session: Class initialized using 'CodeIgniter\Session\Handlers\FileHandler' driver.
DEBUG - 2026-08-23 18:25:24 --> Session: Class initialized using 'CodeIgniter\Session\Handlers\FileHandler' driver.
DEBUG - 2026-08-23 18:25:45 --> Session: Class initialized using 'CodeIgniter\Session\Handlers\FileHandler' driver.
DEBUG - 2026-08-23 18:25:46 --> Session: Class initialized using 'CodeIgniter\Session\Handlers\FileHandler' driver.
DEBUG - 2026-08-23 18:25:49 --> Session: Class initialized using 'CodeIgniter\Session\Handlers\FileHandler' driver.
DEBUG - 2026-08-23 18:25:54 --> Session: Class initialized using 'CodeIgniter\Session\Handlers\FileHandler' driver.
DEBUG - 2026-08-23 18:26:19 --> Session: Class initialized using 'CodeIgniter\Session\Handlers\FileHandler' driver.
DEBUG - 2026-08-23 18:26:20 --> Session: Class initialized using 'CodeIgniter\Session\Handlers\FileHandler' driver.
DEBUG - 2026-08-23 18:26:22 --> Session: Class initialized using 'CodeIgniter\Session\Handlers\FileHandler' driver.
DEBUG - 2026-08-23 18:26:25 --> Session: Class initialized using 'CodeIgniter\Session\Handlers\FileHandler' driver.
DEBUG - 2026-08-23 18:26:39 --> Session: Class initialized using 'CodeIgniter\Session\Handlers\FileHandler' driver.
DEBUG - 2026-08-23 18:26:41 --> Session: Class initialized using 'CodeIgniter\Session\Handlers\FileHandler' driver.
DEBUG - 2026-08-23 18:26:52 --> Session: Class initialized using 'CodeIgniter\Session\Handlers\FileHandler' driver.
DEBUG - 2026-08-23 18:27:07 --> Session: Class initialized using 'CodeIgniter\Session\Handlers\FileHandler' driver.
DEBUG - 2026-08-23 18:27:08 --> Session: Class initialized using 'CodeIgniter\Session\Handlers\FileHandler' driver.
DEBUG - 2026-08-23 18:27:11 --> Session: Class initialized using 'CodeIgniter\Session\Handlers\FileHandler' driver.
DEBUG - 2026-08-23 18:27:38 --> Session: Class initialized using 'CodeIgniter\Session\Handlers\FileHandler' driver.
DEBUG - 2026-08-23 18:27:41 --> Session: Class initialized using 'CodeIgniter\Session\Handlers\FileHandler' driver.
DEBUG - 2026-08-23 18:28:08 --> Session: Class initialized using 'CodeIgniter\Session\Handlers\FileHandler' driver.
DEBUG - 2026-08-23 18:28:11 --> Session: Class initialized using 'CodeIgniter\Session\Handlers\FileHandler' driver.
DEBUG - 2026-08-23 18:28:38 --> Session: Class initialized using 'CodeIgniter\Session\Handlers\FileHandler' driver.
DEBUG - 2026-08-23 18:28:41 --> Session: Class initialized using 'CodeIgniter\Session\Handlers\FileHandler' driver.
DEBUG - 2026-08-23 18:29:08 --> Session: Class initialized using 'CodeIgniter\Session\Handlers\FileHandler' driver.
DEBUG - 2026-08-23 18:29:11 --> Session: Class initialized using 'CodeIgniter\Session\Handlers\FileHandler' driver.
DEBUG - 2026-08-23 18:29:38 --> Session: Class initialized using 'CodeIgniter\Session\Handlers\FileHandler' driver.
DEBUG - 2026-08-23 18:29:41 --> Session: Class initialized using 'CodeIgniter\Session\Handlers\FileHandler' driver.
DEBUG - 2026-08-23 18:30:08 --> Session: Class initialized using 'CodeIgniter\Session\Handlers\FileHandler' driver.
DEBUG - 2026-08-23 18:30:11 --> Session: Class initialized using 'CodeIgniter\Session\Handlers\FileHandler' driver.
DEBUG - 2026-08-23 18:30:38 --> Session: Class initialized using 'CodeIgniter\Session\Handlers\FileHandler' driver.
DEBUG - 2026-08-23 18:30:41 --> Session: Class initialized using 'CodeIgniter\Session\Handlers\FileHandler' driver.
DEBUG - 2026-08-23 18:31:08 --> Session: Class initialized using 'CodeIgniter\Session\Handlers\FileHandler' driver.
DEBUG - 2026-08-23 18:31:11 --> Session: Class initialized using 'CodeIgniter\Session\Handlers\FileHandler' driver.
DEBUG - 2026-08-23 18:31:38 --> Session: Class initialized using 'CodeIgniter\Session\Handlers\FileHandler' driver.
DEBUG - 2026-08-23 18:31:41 --> Session: Class initialized using 'CodeIgniter\Session\Handlers\FileHandler' driver.
DEBUG - 2026-08-23 18:32:08 --> Session: Class initialized using 'CodeIgniter\Session\Handlers\FileHandler' driver.
DEBUG - 2026-08-23 18:32:11 --> Session: Class initialized using 'CodeIgniter\Session\Handlers\FileHandler' driver.
DEBUG - 2026-08-23 18:32:38 --> Session: Class initialized using 'CodeIgniter\Session\Handlers\FileHandler' driver.
DEBUG - 2026-08-23 18:32:41 --> Session: Class initialized using 'CodeIgniter\Session\Handlers\FileHandler' driver.
DEBUG - 2026-08-23 18:33:08 --> Session: Class initialized using 'CodeIgniter\Session\Handlers\FileHandler' driver.
DEBUG - 2026-08-23 18:33:11 --> Session: Class initialized using 'CodeIgniter\Session\Handlers\FileHandler' driver.
DEBUG - 2026-08-23 18:33:38 --> Session: Class initialized using 'CodeIgniter\Session\Handlers\FileHandler' driver.
DEBUG - 2026-08-23 18:33:41 --> Session: Class initialized using 'CodeIgniter\Session\Handlers\FileHandler' driver.
DEBUG - 2026-08-23 18:34:08 --> Session: Class initialized using 'CodeIgniter\Session\Handlers\FileHandler' driver.
DEBUG - 2026-08-23 18:34:11 --> Session: Class initialized using 'CodeIgniter\Session\Handlers\FileHandler' driver.
DEBUG - 2026-08-23 18:34:38 --> Session: Class initialized using 'CodeIgniter\Session\Handlers\FileHandler' driver.
DEBUG - 2026-08-23 18:34:41 --> Session: Class initialized using 'CodeIgniter\Session\Handlers\FileHandler' driver.
DEBUG - 2026-08-23 18:35:08 --> Session: Class initialized using 'CodeIgniter\Session\Handlers\FileHandler' driver.
DEBUG - 2026-08-23 18:35:11 --> Session: Class initialized using 'CodeIgniter\Session\Handlers\FileHandler' driver.
DEBUG - 2026-08-23 18:35:38 --> Session: Class initialized using 'CodeIgniter\Session\Handlers\FileHandler' driver.
DEBUG - 2026-08-23 18:35:41 --> Session: Class initialized using 'CodeIgniter\Session\Handlers\FileHandler' driver.
DEBUG - 2026-08-23 18:36:08 --> Session: Class initialized using 'CodeIgniter\Session\Handlers\FileHandler' driver.
DEBUG - 2026-08-23 18:36:11 --> Session: Class initialized using 'CodeIgniter\Session\Handlers\FileHandler' driver.
DEBUG - 2026-08-23 18:36:38 --> Session: Class initialized using 'CodeIgniter\Session\Handlers\FileHandler' driver.
DEBUG - 2026-08-23 18:36:41 --> Session: Class initialized using 'CodeIgniter\Session\Handlers\FileHandler' driver.
DEBUG - 2026-08-23 18:37:08 --> Session: Class initialized using 'CodeIgniter\Session\Handlers\FileHandler' driver.
DEBUG - 2026-08-23 18:37:11 --> Session: Class initialized using 'CodeIgniter\Session\Handlers\FileHandler' driver.
DEBUG - 2026-08-23 18:37:38 --> Session: Class initialized using 'CodeIgniter\Session\Handlers\FileHandler' driver.
DEBUG - 2026-08-23 18:37:41 --> Session: Class initialized using 'CodeIgniter\Session\Handlers\FileHandler' driver.
DEBUG - 2026-08-23 18:38:08 --> Session: Class initialized using 'CodeIgniter\Session\Handlers\FileHandler' driver.
DEBUG - 2026-08-23 18:38:11 --> Session: Class initialized using 'CodeIgniter\Session\Handlers\FileHandler' driver.
DEBUG - 2026-08-23 18:38:38 --> Session: Class initialized using 'CodeIgniter\Session\Handlers\FileHandler' driver.
DEBUG - 2026-08-23 18:38:41 --> Session: Class initialized using 'CodeIgniter\Session\Handlers\FileHandler' driver.
DEBUG - 2026-08-23 18:39:08 --> Session: Class initialized using 'CodeIgniter\Session\Handlers\FileHandler' driver.
DEBUG - 2026-08-23 18:39:11 --> Session: Class initialized using 'CodeIgniter\Session\Handlers\FileHandler' driver.
DEBUG - 2026-08-23 18:39:38 --> Session: Class initialized using 'CodeIgniter\Session\Handlers\FileHandler' driver.
DEBUG - 2026-08-23 18:39:41 --> Session: Class initialized using 'CodeIgniter\Session\Handlers\FileHandler' driver.
DEBUG - 2026-08-23 18:40:08 --> Session: Class initialized using 'CodeIgniter\Session\Handlers\FileHandler' driver.
DEBUG - 2026-08-23 18:40:11 --> Session: Class initialized using 'CodeIgniter\Session\Handlers\FileHandler' driver.
DEBUG - 2026-08-23 18:40:38 --> Session: Class initialized using 'CodeIgniter\Session\Handlers\FileHandler' driver.
DEBUG - 2026-08-23 18:40:41 --> Session: Class initialized using 'CodeIgniter\Session\Handlers\FileHandler' driver.
DEBUG - 2026-08-23 18:41:08 --> Session: Class initialized using 'CodeIgniter\Session\Handlers\FileHandler' driver.
DEBUG - 2026-08-23 18:41:11 --> Session: Class initialized using 'CodeIgniter\Session\Handlers\FileHandler' driver.
DEBUG - 2026-08-23 18:41:38 --> Session: Class initialized using 'CodeIgniter\Session\Handlers\FileHandler' driver.
DEBUG - 2026-08-23 18:41:41 --> Session: Class initialized using 'CodeIgniter\Session\Handlers\FileHandler' driver.
DEBUG - 2026-08-23 18:42:08 --> Session: Class initialized using 'CodeIgniter\Session\Handlers\FileHandler' driver.
DEBUG - 2026-08-23 18:42:11 --> Session: Class initialized using 'CodeIgniter\Session\Handlers\FileHandler' driver.
DEBUG - 2026-08-23 18:42:38 --> Session: Class initialized using 'CodeIgniter\Session\Handlers\FileHandler' driver.
DEBUG - 2026-08-23 18:42:41 --> Session: Class initialized using 'CodeIgniter\Session\Handlers\FileHandler' driver.
DEBUG - 2026-08-23 18:43:08 --> Session: Class initialized using 'CodeIgniter\Session\Handlers\FileHandler' driver.
DEBUG - 2026-08-23 18:43:11 --> Session: Class initialized using 'CodeIgniter\Session\Handlers\FileHandler' driver.
DEBUG - 2026-08-23 18:43:38 --> Session: Class initialized using 'CodeIgniter\Session\Handlers\FileHandler' driver.
DEBUG - 2026-08-23 18:43:41 --> Session: Class initialized using 'CodeIgniter\Session\Handlers\FileHandler' driver.
DEBUG - 2026-08-23 18:44:08 --> Session: Class initialized using 'CodeIgniter\Session\Handlers\FileHandler' driver.
DEBUG - 2026-08-23 18:44:11 --> Session: Class initialized using 'CodeIgniter\Session\Handlers\FileHandler' driver.
DEBUG - 2026-08-23 18:44:38 --> Session: Class initialized using 'CodeIgniter\Session\Handlers\FileHandler' driver.
DEBUG - 2026-08-23 18:44:41 --> Session: Class initialized using 'CodeIgniter\Session\Handlers\FileHandler' driver.
DEBUG - 2026-08-23 18:45:08 --> Session: Class initialized using 'CodeIgniter\Session\Handlers\FileHandler' driver.
DEBUG - 2026-08-23 18:45:11 --> Session: Class initialized using 'CodeIgniter\Session\Handlers\FileHandler' driver.
DEBUG - 2026-08-23 18:45:38 --> Session: Class initialized using 'CodeIgniter\Session\Handlers\FileHandler' driver.
DEBUG - 2026-08-23 18:45:41 --> Session: Class initialized using 'CodeIgniter\Session\Handlers\FileHandler' driver.
DEBUG - 2026-08-23 18:46:08 --> Session: Class initialized using 'CodeIgniter\Session\Handlers\FileHandler' driver.
DEBUG - 2026-08-23 18:46:11 --> Session: Class initialized using 'CodeIgniter\Session\Handlers\FileHandler' driver.
DEBUG - 2026-08-23 18:46:38 --> Session: Class initialized using 'CodeIgniter\Session\Handlers\FileHandler' driver.
DEBUG - 2026-08-23 18:46:41 --> Session: Class initialized using 'CodeIgniter\Session\Handlers\FileHandler' driver.
DEBUG - 2026-08-23 18:47:08 --> Session: Class initialized using 'CodeIgniter\Session\Handlers\FileHandler' driver.
DEBUG - 2026-08-23 18:47:11 --> Session: Class initialized using 'CodeIgniter\Session\Handlers\FileHandler' driver.
DEBUG - 2026-08-23 18:47:38 --> Session: Class initialized using 'CodeIgniter\Session\Handlers\FileHandler' driver.
DEBUG - 2026-08-23 18:47:41 --> Session: Class initialized using 'CodeIgniter\Session\Handlers\FileHandler' driver.
DEBUG - 2026-08-23 18:48:08 --> Session: Class initialized using 'CodeIgniter\Session\Handlers\FileHandler' driver.
DEBUG - 2026-08-23 18:48:11 --> Session: Class initialized using 'CodeIgniter\Session\Handlers\FileHandler' driver.
DEBUG - 2026-08-23 18:48:38 --> Session: Class initialized using 'CodeIgniter\Session\Handlers\FileHandler' driver.
DEBUG - 2026-08-23 18:48:41 --> Session: Class initialized using 'CodeIgniter\Session\Handlers\FileHandler' driver.
DEBUG - 2026-08-23 18:49:08 --> Session: Class initialized using 'CodeIgniter\Session\Handlers\FileHandler' driver.
DEBUG - 2026-08-23 18:49:11 --> Session: Class initialized using 'CodeIgniter\Session\Handlers\FileHandler' driver.
DEBUG - 2026-08-23 18:49:38 --> Session: Class initialized using 'CodeIgniter\Session\Handlers\FileHandler' driver.
DEBUG - 2026-08-23 18:49:41 --> Session: Class initialized using 'CodeIgniter\Session\Handlers\FileHandler' driver.
DEBUG - 2026-08-23 18:50:08 --> Session: Class initialized using 'CodeIgniter\Session\Handlers\FileHandler' driver.
DEBUG - 2026-08-23 18:50:11 --> Session: Class initialized using 'CodeIgniter\Session\Handlers\FileHandler' driver.
DEBUG - 2026-08-23 18:50:38 --> Session: Class initialized using 'CodeIgniter\Session\Handlers\FileHandler' driver.
DEBUG - 2026-08-23 18:50:41 --> Session: Class initialized using 'CodeIgniter\Session\Handlers\FileHandler' driver.
DEBUG - 2026-08-23 18:51:08 --> Session: Class initialized using 'CodeIgniter\Session\Handlers\FileHandler' driver.
DEBUG - 2026-08-23 18:51:11 --> Session: Class initialized using 'CodeIgniter\Session\Handlers\FileHandler' driver.
DEBUG - 2026-08-23 18:51:38 --> Session: Class initialized using 'CodeIgniter\Session\Handlers\FileHandler' driver.
DEBUG - 2026-08-23 18:51:41 --> Session: Class initialized using 'CodeIgniter\Session\Handlers\FileHandler' driver.
DEBUG - 2026-08-23 18:52:08 --> Session: Class initialized using 'CodeIgniter\Session\Handlers\FileHandler' driver.
DEBUG - 2026-08-23 18:52:11 --> Session: Class initialized using 'CodeIgniter\Session\Handlers\FileHandler' driver.
DEBUG - 2026-08-23 18:52:38 --> Session: Class initialized using 'CodeIgniter\Session\Handlers\FileHandler' driver.
DEBUG - 2026-08-23 18:52:41 --> Session: Class initialized using 'CodeIgniter\Session\Handlers\FileHandler' driver.
DEBUG - 2026-08-23 18:53:08 --> Session: Class initialized using 'CodeIgniter\Session\Handlers\FileHandler' driver.
DEBUG - 2026-08-23 18:53:11 --> Session: Class initialized using 'CodeIgniter\Session\Handlers\FileHandler' driver.
DEBUG - 2026-08-23 18:53:38 --> Session: Class initialized using 'CodeIgniter\Session\Handlers\FileHandler' driver.
DEBUG - 2026-08-23 18:53:41 --> Session: Class initialized using 'CodeIgniter\Session\Handlers\FileHandler' driver.
DEBUG - 2026-08-23 18:54:08 --> Session: Class initialized using 'CodeIgniter\Session\Handlers\FileHandler' driver.
DEBUG - 2026-08-23 18:54:11 --> Session: Class initialized using 'CodeIgniter\Session\Handlers\FileHandler' driver.
DEBUG - 2026-08-23 18:54:38 --> Session: Class initialized using 'CodeIgniter\Session\Handlers\FileHandler' driver.
DEBUG - 2026-08-23 18:54:41 --> Session: Class initialized using 'CodeIgniter\Session\Handlers\FileHandler' driver.
DEBUG - 2026-08-23 18:55:08 --> Session: Class initialized using 'CodeIgniter\Session\Handlers\FileHandler' driver.
DEBUG - 2026-08-23 18:55:11 --> Session: Class initialized using 'CodeIgniter\Session\Handlers\FileHandler' driver.
DEBUG - 2026-08-23 18:55:38 --> Session: Class initialized using 'CodeIgniter\Session\Handlers\FileHandler' driver.
DEBUG - 2026-08-23 18:55:41 --> Session: Class initialized using 'CodeIgniter\Session\Handlers\FileHandler' driver.
DEBUG - 2026-08-23 18:56:08 --> Session: Class initialized using 'CodeIgniter\Session\Handlers\FileHandler' driver.
DEBUG - 2026-08-23 18:56:11 --> Session: Class initialized using 'CodeIgniter\Session\Handlers\FileHandler' driver.
DEBUG - 2026-08-23 18:56:38 --> Session: Class initialized using 'CodeIgniter\Session\Handlers\FileHandler' driver.
DEBUG - 2026-08-23 18:56:41 --> Session: Class initialized using 'CodeIgniter\Session\Handlers\FileHandler' driver.
DEBUG - 2026-08-23 18:57:08 --> Session: Class initialized using 'CodeIgniter\Session\Handlers\FileHandler' driver.
DEBUG - 2026-08-23 18:57:11 --> Session: Class initialized using 'CodeIgniter\Session\Handlers\FileHandler' driver.
DEBUG - 2026-08-23 18:57:38 --> Session: Class initialized using 'CodeIgniter\Session\Handlers\FileHandler' driver.
DEBUG - 2026-08-23 18:57:41 --> Session: Class initialized using 'CodeIgniter\Session\Handlers\FileHandler' driver.
DEBUG - 2026-08-23 18:58:08 --> Session: Class initialized using 'CodeIgniter\Session\Handlers\FileHandler' driver.
DEBUG - 2026-08-23 18:58:11 --> Session: Class initialized using 'CodeIgniter\Session\Handlers\FileHandler' driver.
DEBUG - 2026-08-23 18:58:38 --> Session: Class initialized using 'CodeIgniter\Session\Handlers\FileHandler' driver.
DEBUG - 2026-08-23 18:58:41 --> Session: Class initialized using 'CodeIgniter\Session\Handlers\FileHandler' driver.
DEBUG - 2026-08-23 18:59:08 --> Session: Class initialized using 'CodeIgniter\Session\Handlers\FileHandler' driver.
DEBUG - 2026-08-23 18:59:11 --> Session: Class initialized using 'CodeIgniter\Session\Handlers\FileHandler' driver.
DEBUG - 2026-08-23 18:59:38 --> Session: Class initialized using 'CodeIgniter\Session\Handlers\FileHandler' driver.
DEBUG - 2026-08-23 18:59:41 --> Session: Class initialized using 'CodeIgniter\Session\Handlers\FileHandler' driver.
DEBUG - 2026-08-23 19:00:08 --> Session: Class initialized using 'CodeIgniter\Session\Handlers\FileHandler' driver.
DEBUG - 2026-08-23 19:00:11 --> Session: Class initialized using 'CodeIgniter\Session\Handlers\FileHandler' driver.
DEBUG - 2026-08-23 19:00:38 --> Session: Class initialized using 'CodeIgniter\Session\Handlers\FileHandler' driver.
DEBUG - 2026-08-23 19:00:41 --> Session: Class initialized using 'CodeIgniter\Session\Handlers\FileHandler' driver.
DEBUG - 2026-08-23 19:01:08 --> Session: Class initialized using 'CodeIgniter\Session\Handlers\FileHandler' driver.
DEBUG - 2026-08-23 19:01:11 --> Session: Class initialized using 'CodeIgniter\Session\Handlers\FileHandler' driver.
DEBUG - 2026-08-23 19:01:38 --> Session: Class initialized using 'CodeIgniter\Session\Handlers\FileHandler' driver.
DEBUG - 2026-08-23 19:01:41 --> Session: Class initialized using 'CodeIgniter\Session\Handlers\FileHandler' driver.
DEBUG - 2026-08-23 19:02:08 --> Session: Class initialized using 'CodeIgniter\Session\Handlers\FileHandler' driver.
DEBUG - 2026-08-23 19:02:11 --> Session: Class initialized using 'CodeIgniter\Session\Handlers\FileHandler' driver.
DEBUG - 2026-08-23 19:02:38 --> Session: Class initialized using 'CodeIgniter\Session\Handlers\FileHandler' driver.
DEBUG - 2026-08-23 19:02:41 --> Session: Class initialized using 'CodeIgniter\Session\Handlers\FileHandler' driver.
DEBUG - 2026-08-23 19:03:08 --> Session: Class initialized using 'CodeIgniter\Session\Handlers\FileHandler' driver.
DEBUG - 2026-08-23 19:03:11 --> Session: Class initialized using 'CodeIgniter\Session\Handlers\FileHandler' driver.
DEBUG - 2026-08-23 19:03:38 --> Session: Class initialized using 'CodeIgniter\Session\Handlers\FileHandler' driver.
DEBUG - 2026-08-23 19:03:41 --> Session: Class initialized using 'CodeIgniter\Session\Handlers\FileHandler' driver.
DEBUG - 2026-08-23 19:04:08 --> Session: Class initialized using 'CodeIgniter\Session\Handlers\FileHandler' driver.
DEBUG - 2026-08-23 19:04:11 --> Session: Class initialized using 'CodeIgniter\Session\Handlers\FileHandler' driver.
DEBUG - 2026-08-23 19:04:38 --> Session: Class initialized using 'CodeIgniter\Session\Handlers\FileHandler' driver.
DEBUG - 2026-08-23 19:04:41 --> Session: Class initialized using 'CodeIgniter\Session\Handlers\FileHandler' driver.
DEBUG - 2026-08-23 19:05:08 --> Session: Class initialized using 'CodeIgniter\Session\Handlers\FileHandler' driver.
DEBUG - 2026-08-23 19:05:11 --> Session: Class initialized using 'CodeIgniter\Session\Handlers\FileHandler' driver.
DEBUG - 2026-08-23 19:05:38 --> Session: Class initialized using 'CodeIgniter\Session\Handlers\FileHandler' driver.
DEBUG - 2026-08-23 19:05:41 --> Session: Class initialized using 'CodeIgniter\Session\Handlers\FileHandler' driver.
DEBUG - 2026-08-23 19:06:08 --> Session: Class initialized using 'CodeIgniter\Session\Handlers\FileHandler' driver.
DEBUG - 2026-08-23 19:06:11 --> Session: Class initialized using 'CodeIgniter\Session\Handlers\FileHandler' driver.
DEBUG - 2026-08-23 19:06:38 --> Session: Class initialized using 'CodeIgniter\Session\Handlers\FileHandler' driver.
DEBUG - 2026-08-23 19:06:41 --> Session: Class initialized using 'CodeIgniter\Session\Handlers\FileHandler' driver.
DEBUG - 2026-08-23 19:07:08 --> Session: Class initialized using 'CodeIgniter\Session\Handlers\FileHandler' driver.
DEBUG - 2026-08-23 19:07:11 --> Session: Class initialized using 'CodeIgniter\Session\Handlers\FileHandler' driver.
DEBUG - 2026-08-23 19:07:38 --> Session: Class initialized using 'CodeIgniter\Session\Handlers\FileHandler' driver.
DEBUG - 2026-08-23 19:07:41 --> Session: Class initialized using 'CodeIgniter\Session\Handlers\FileHandler' driver.
DEBUG - 2026-08-23 19:08:08 --> Session: Class initialized using 'CodeIgniter\Session\Handlers\FileHandler' driver.
DEBUG - 2026-08-23 19:08:11 --> Session: Class initialized using 'CodeIgniter\Session\Handlers\FileHandler' driver.
DEBUG - 2026-08-23 19:08:38 --> Session: Class initialized using 'CodeIgniter\Session\Handlers\FileHandler' driver.
DEBUG - 2026-08-23 19:08:41 --> Session: Class initialized using 'CodeIgniter\Session\Handlers\FileHandler' driver.
DEBUG - 2026-08-23 19:09:08 --> Session: Class initialized using 'CodeIgniter\Session\Handlers\FileHandler' driver.
DEBUG - 2026-08-23 19:09:11 --> Session: Class initialized using 'CodeIgniter\Session\Handlers\FileHandler' driver.
DEBUG - 2026-08-23 19:09:38 --> Session: Class initialized using 'CodeIgniter\Session\Handlers\FileHandler' driver.
DEBUG - 2026-08-23 19:09:41 --> Session: Class initialized using 'CodeIgniter\Session\Handlers\FileHandler' driver.
DEBUG - 2026-08-23 19:10:08 --> Session: Class initialized using 'CodeIgniter\Session\Handlers\FileHandler' driver.
DEBUG - 2026-08-23 19:10:11 --> Session: Class initialized using 'CodeIgniter\Session\Handlers\FileHandler' driver.
DEBUG - 2026-08-23 19:10:38 --> Session: Class initialized using 'CodeIgniter\Session\Handlers\FileHandler' driver.
DEBUG - 2026-08-23 19:10:41 --> Session: Class initialized using 'CodeIgniter\Session\Handlers\FileHandler' driver.
DEBUG - 2026-08-23 19:11:08 --> Session: Class initialized using 'CodeIgniter\Session\Handlers\FileHandler' driver.
DEBUG - 2026-08-23 19:11:11 --> Session: Class initialized using 'CodeIgniter\Session\Handlers\FileHandler' driver.
DEBUG - 2026-08-23 19:11:38 --> Session: Class initialized using 'CodeIgniter\Session\Handlers\FileHandler' driver.
DEBUG - 2026-08-23 19:11:41 --> Session: Class initialized using 'CodeIgniter\Session\Handlers\FileHandler' driver.
DEBUG - 2026-08-23 19:12:08 --> Session: Class initialized using 'CodeIgniter\Session\Handlers\FileHandler' driver.
DEBUG - 2026-08-23 19:12:11 --> Session: Class initialized using 'CodeIgniter\Session\Handlers\FileHandler' driver.
DEBUG - 2026-08-23 19:12:38 --> Session: Class initialized using 'CodeIgniter\Session\Handlers\FileHandler' driver.
DEBUG - 2026-08-23 19:12:41 --> Session: Class initialized using 'CodeIgniter\Session\Handlers\FileHandler' driver.
DEBUG - 2026-08-23 19:13:08 --> Session: Class initialized using 'CodeIgniter\Session\Handlers\FileHandler' driver.
DEBUG - 2026-08-23 19:13:11 --> Session: Class initialized using 'CodeIgniter\Session\Handlers\FileHandler' driver.
DEBUG - 2026-08-23 19:13:38 --> Session: Class initialized using 'CodeIgniter\Session\Handlers\FileHandler' driver.
DEBUG - 2026-08-23 19:13:41 --> Session: Class initialized using 'CodeIgniter\Session\Handlers\FileHandler' driver.
DEBUG - 2026-08-23 19:14:08 --> Session: Class initialized using 'CodeIgniter\Session\Handlers\FileHandler' driver.
DEBUG - 2026-08-23 19:14:11 --> Session: Class initialized using 'CodeIgniter\Session\Handlers\FileHandler' driver.
DEBUG - 2026-08-23 19:14:38 --> Session: Class initialized using 'CodeIgniter\Session\Handlers\FileHandler' driver.
DEBUG - 2026-08-23 19:14:41 --> Session: Class initialized using 'CodeIgniter\Session\Handlers\FileHandler' driver.
DEBUG - 2026-08-23 19:15:08 --> Session: Class initialized using 'CodeIgniter\Session\Handlers\FileHandler' driver.
DEBUG - 2026-08-23 19:15:11 --> Session: Class initialized using 'CodeIgniter\Session\Handlers\FileHandler' driver.
DEBUG - 2026-08-23 19:15:38 --> Session: Class initialized using 'CodeIgniter\Session\Handlers\FileHandler' driver.
DEBUG - 2026-08-23 19:15:41 --> Session: Class initialized using 'CodeIgniter\Session\Handlers\FileHandler' driver.
DEBUG - 2026-08-23 19:16:08 --> Session: Class initialized using 'CodeIgniter\Session\Handlers\FileHandler' driver.
DEBUG - 2026-08-23 19:16:11 --> Session: Class initialized using 'CodeIgniter\Session\Handlers\FileHandler' driver.
DEBUG - 2026-08-23 19:16:38 --> Session: Class initialized using 'CodeIgniter\Session\Handlers\FileHandler' driver.
DEBUG - 2026-08-23 19:16:41 --> Session: Class initialized using 'CodeIgniter\Session\Handlers\FileHandler' driver.
DEBUG - 2026-08-23 19:17:08 --> Session: Class initialized using 'CodeIgniter\Session\Handlers\FileHandler' driver.
DEBUG - 2026-08-23 19:17:11 --> Session: Class initialized using 'CodeIgniter\Session\Handlers\FileHandler' driver.
DEBUG - 2026-08-23 19:17:38 --> Session: Class initialized using 'CodeIgniter\Session\Handlers\FileHandler' driver.
DEBUG - 2026-08-23 19:17:41 --> Session: Class initialized using 'CodeIgniter\Session\Handlers\FileHandler' driver.
DEBUG - 2026-08-23 19:18:08 --> Session: Class initialized using 'CodeIgniter\Session\Handlers\FileHandler' driver.
DEBUG - 2026-08-23 19:18:11 --> Session: Class initialized using 'CodeIgniter\Session\Handlers\FileHandler' driver.
DEBUG - 2026-08-23 19:18:38 --> Session: Class initialized using 'CodeIgniter\Session\Handlers\FileHandler' driver.
DEBUG - 2026-08-23 19:18:41 --> Session: Class initialized using 'CodeIgniter\Session\Handlers\FileHandler' driver.
DEBUG - 2026-08-23 19:19:08 --> Session: Class initialized using 'CodeIgniter\Session\Handlers\FileHandler' driver.
DEBUG - 2026-08-23 19:19:11 --> Session: Class initialized using 'CodeIgniter\Session\Handlers\FileHandler' driver.
DEBUG - 2026-08-23 19:19:38 --> Session: Class initialized using 'CodeIgniter\Session\Handlers\FileHandler' driver.
DEBUG - 2026-08-23 19:19:41 --> Session: Class initialized using 'CodeIgniter\Session\Handlers\FileHandler' driver.
DEBUG - 2026-08-23 19:20:08 --> Session: Class initialized using 'CodeIgniter\Session\Handlers\FileHandler' driver.
DEBUG - 2026-08-23 19:20:11 --> Session: Class initialized using 'CodeIgniter\Session\Handlers\FileHandler' driver.
DEBUG - 2026-08-23 19:20:38 --> Session: Class initialized using 'CodeIgniter\Session\Handlers\FileHandler' driver.
DEBUG - 2026-08-23 19:20:41 --> Session: Class initialized using 'CodeIgniter\Session\Handlers\FileHandler' driver.
DEBUG - 2026-08-23 19:21:08 --> Session: Class initialized using 'CodeIgniter\Session\Handlers\FileHandler' driver.
DEBUG - 2026-08-23 19:21:11 --> Session: Class initialized using 'CodeIgniter\Session\Handlers\FileHandler' driver.
DEBUG - 2026-08-23 19:21:38 --> Session: Class initialized using 'CodeIgniter\Session\Handlers\FileHandler' driver.
DEBUG - 2026-08-23 19:21:41 --> Session: Class initialized using 'CodeIgniter\Session\Handlers\FileHandler' driver.
DEBUG - 2026-08-23 19:22:08 --> Session: Class initialized using 'CodeIgniter\Session\Handlers\FileHandler' driver.
DEBUG - 2026-08-23 19:22:11 --> Session: Class initialized using 'CodeIgniter\Session\Handlers\FileHandler' driver.
DEBUG - 2026-08-23 19:22:38 --> Session: Class initialized using 'CodeIgniter\Session\Handlers\FileHandler' driver.
DEBUG - 2026-08-23 19:22:41 --> Session: Class initialized using 'CodeIgniter\Session\Handlers\FileHandler' driver.
DEBUG - 2026-08-23 19:23:08 --> Session: Class initialized using 'CodeIgniter\Session\Handlers\FileHandler' driver.
DEBUG - 2026-08-23 19:23:11 --> Session: Class initialized using 'CodeIgniter\Session\Handlers\FileHandler' driver.
DEBUG - 2026-08-23 19:23:38 --> Session: Class initialized using 'CodeIgniter\Session\Handlers\FileHandler' driver.
DEBUG - 2026-08-23 19:23:41 --> Session: Class initialized using 'CodeIgniter\Session\Handlers\FileHandler' driver.
DEBUG - 2026-08-23 19:24:08 --> Session: Class initialized using 'CodeIgniter\Session\Handlers\FileHandler' driver.
DEBUG - 2026-08-23 19:24:11 --> Session: Class initialized using 'CodeIgniter\Session\Handlers\FileHandler' driver.
DEBUG - 2026-08-23 19:24:38 --> Session: Class initialized using 'CodeIgniter\Session\Handlers\FileHandler' driver.
DEBUG - 2026-08-23 19:24:41 --> Session: Class initialized using 'CodeIgniter\Session\Handlers\FileHandler' driver.
DEBUG - 2026-08-23 19:25:08 --> Session: Class initialized using 'CodeIgniter\Session\Handlers\FileHandler' driver.
DEBUG - 2026-08-23 19:25:11 --> Session: Class initialized using 'CodeIgniter\Session\Handlers\FileHandler' driver.
DEBUG - 2026-08-23 19:25:38 --> Session: Class initialized using 'CodeIgniter\Session\Handlers\FileHandler' driver.
DEBUG - 2026-08-23 19:25:41 --> Session: Class initialized using 'CodeIgniter\Session\Handlers\FileHandler' driver.
DEBUG - 2026-08-23 19:26:08 --> Session: Class initialized using 'CodeIgniter\Session\Handlers\FileHandler' driver.
DEBUG - 2026-08-23 19:26:11 --> Session: Class initialized using 'CodeIgniter\Session\Handlers\FileHandler' driver.
DEBUG - 2026-08-23 19:26:38 --> Session: Class initialized using 'CodeIgniter\Session\Handlers\FileHandler' driver.
DEBUG - 2026-08-23 19:26:41 --> Session: Class initialized using 'CodeIgniter\Session\Handlers\FileHandler' driver.
DEBUG - 2026-08-23 19:27:08 --> Session: Class initialized using 'CodeIgniter\Session\Handlers\FileHandler' driver.
DEBUG - 2026-08-23 19:27:11 --> Session: Class initialized using 'CodeIgniter\Session\Handlers\FileHandler' driver.
DEBUG - 2026-08-23 19:27:38 --> Session: Class initialized using 'CodeIgniter\Session\Handlers\FileHandler' driver.
DEBUG - 2026-08-23 19:27:41 --> Session: Class initialized using 'CodeIgniter\Session\Handlers\FileHandler' driver.
DEBUG - 2026-08-23 19:28:08 --> Session: Class initialized using 'CodeIgniter\Session\Handlers\FileHandler' driver.
DEBUG - 2026-08-23 19:28:11 --> Session: Class initialized using 'CodeIgniter\Session\Handlers\FileHandler' driver.
DEBUG - 2026-08-23 19:28:38 --> Session: Class initialized using 'CodeIgniter\Session\Handlers\FileHandler' driver.
DEBUG - 2026-08-23 19:28:41 --> Session: Class initialized using 'CodeIgniter\Session\Handlers\FileHandler' driver.
DEBUG - 2026-08-23 19:29:08 --> Session: Class initialized using 'CodeIgniter\Session\Handlers\FileHandler' driver.
DEBUG - 2026-08-23 19:29:11 --> Session: Class initialized using 'CodeIgniter\Session\Handlers\FileHandler' driver.
DEBUG - 2026-08-23 19:29:38 --> Session: Class initialized using 'CodeIgniter\Session\Handlers\FileHandler' driver.
DEBUG - 2026-08-23 19:29:41 --> Session: Class initialized using 'CodeIgniter\Session\Handlers\FileHandler' driver.
DEBUG - 2026-08-23 19:30:08 --> Session: Class initialized using 'CodeIgniter\Session\Handlers\FileHandler' driver.
DEBUG - 2026-08-23 19:30:11 --> Session: Class initialized using 'CodeIgniter\Session\Handlers\FileHandler' driver.
DEBUG - 2026-08-23 19:30:38 --> Session: Class initialized using 'CodeIgniter\Session\Handlers\FileHandler' driver.
DEBUG - 2026-08-23 19:30:41 --> Session: Class initialized using 'CodeIgniter\Session\Handlers\FileHandler' driver.
DEBUG - 2026-08-23 19:31:08 --> Session: Class initialized using 'CodeIgniter\Session\Handlers\FileHandler' driver.
DEBUG - 2026-08-23 19:31:11 --> Session: Class initialized using 'CodeIgniter\Session\Handlers\FileHandler' driver.
DEBUG - 2026-08-23 19:31:38 --> Session: Class initialized using 'CodeIgniter\Session\Handlers\FileHandler' driver.
DEBUG - 2026-08-23 19:31:41 --> Session: Class initialized using 'CodeIgniter\Session\Handlers\FileHandler' driver.
DEBUG - 2026-08-23 19:32:08 --> Session: Class initialized using 'CodeIgniter\Session\Handlers\FileHandler' driver.
DEBUG - 2026-08-23 19:32:11 --> Session: Class initialized using 'CodeIgniter\Session\Handlers\FileHandler' driver.
DEBUG - 2026-08-23 19:32:38 --> Session: Class initialized using 'CodeIgniter\Session\Handlers\FileHandler' driver.
DEBUG - 2026-08-23 19:32:41 --> Session: Class initialized using 'CodeIgniter\Session\Handlers\FileHandler' driver.
DEBUG - 2026-08-23 19:33:08 --> Session: Class initialized using 'CodeIgniter\Session\Handlers\FileHandler' driver.
DEBUG - 2026-08-23 19:33:11 --> Session: Class initialized using 'CodeIgniter\Session\Handlers\FileHandler' driver.
DEBUG - 2026-08-23 19:33:38 --> Session: Class initialized using 'CodeIgniter\Session\Handlers\FileHandler' driver.
DEBUG - 2026-08-23 19:33:41 --> Session: Class initialized using 'CodeIgniter\Session\Handlers\FileHandler' driver.
DEBUG - 2026-08-23 19:33:58 --> Session: Class initialized using 'CodeIgniter\Session\Handlers\FileHandler' driver.
DEBUG - 2026-08-23 19:33:59 --> Session: Class initialized using 'CodeIgniter\Session\Handlers\FileHandler' driver.
DEBUG - 2026-08-23 19:34:08 --> Session: Class initialized using 'CodeIgniter\Session\Handlers\FileHandler' driver.
DEBUG - 2026-08-23 19:34:29 --> Session: Class initialized using 'CodeIgniter\Session\Handlers\FileHandler' driver.
DEBUG - 2026-08-23 19:34:38 --> Session: Class initialized using 'CodeIgniter\Session\Handlers\FileHandler' driver.
DEBUG - 2026-08-23 19:34:59 --> Session: Class initialized using 'CodeIgniter\Session\Handlers\FileHandler' driver.
DEBUG - 2026-08-23 19:35:08 --> Session: Class initialized using 'CodeIgniter\Session\Handlers\FileHandler' driver.
DEBUG - 2026-08-23 19:35:29 --> Session: Class initialized using 'CodeIgniter\Session\Handlers\FileHandler' driver.
DEBUG - 2026-08-23 19:35:38 --> Session: Class initialized using 'CodeIgniter\Session\Handlers\FileHandler' driver.
DEBUG - 2026-08-23 19:35:59 --> Session: Class initialized using 'CodeIgniter\Session\Handlers\FileHandler' driver.
DEBUG - 2026-08-23 19:36:08 --> Session: Class initialized using 'CodeIgniter\Session\Handlers\FileHandler' driver.
DEBUG - 2026-08-23 19:36:29 --> Session: Class initialized using 'CodeIgniter\Session\Handlers\FileHandler' driver.
DEBUG - 2026-08-23 19:36:38 --> Session: Class initialized using 'CodeIgniter\Session\Handlers\FileHandler' driver.
DEBUG - 2026-08-23 19:36:59 --> Session: Class initialized using 'CodeIgniter\Session\Handlers\FileHandler' driver.
DEBUG - 2026-08-23 19:37:08 --> Session: Class initialized using 'CodeIgniter\Session\Handlers\FileHandler' driver.
DEBUG - 2026-08-23 19:37:29 --> Session: Class initialized using 'CodeIgniter\Session\Handlers\FileHandler' driver.
DEBUG - 2026-08-23 19:37:38 --> Session: Class initialized using 'CodeIgniter\Session\Handlers\FileHandler' driver.
DEBUG - 2026-08-23 19:38:08 --> Session: Class initialized using 'CodeIgniter\Session\Handlers\FileHandler' driver.
DEBUG - 2026-08-23 19:38:18 --> Session: Class initialized using 'CodeIgniter\Session\Handlers\FileHandler' driver.
DEBUG - 2026-08-23 19:38:38 --> Session: Class initialized using 'CodeIgniter\Session\Handlers\FileHandler' driver.
DEBUG - 2026-08-23 19:39:08 --> Session: Class initialized using 'CodeIgniter\Session\Handlers\FileHandler' driver.
DEBUG - 2026-08-23 19:39:18 --> Session: Class initialized using 'CodeIgniter\Session\Handlers\FileHandler' driver.
DEBUG - 2026-08-23 19:39:38 --> Session: Class initialized using 'CodeIgniter\Session\Handlers\FileHandler' driver.
DEBUG - 2026-08-23 19:40:08 --> Session: Class initialized using 'CodeIgniter\Session\Handlers\FileHandler' driver.
DEBUG - 2026-08-23 19:40:18 --> Session: Class initialized using 'CodeIgniter\Session\Handlers\FileHandler' driver.
DEBUG - 2026-08-23 19:40:38 --> Session: Class initialized using 'CodeIgniter\Session\Handlers\FileHandler' driver.
DEBUG - 2026-08-23 19:41:08 --> Session: Class initialized using 'CodeIgniter\Session\Handlers\FileHandler' driver.
DEBUG - 2026-08-23 19:41:18 --> Session: Class initialized using 'CodeIgniter\Session\Handlers\FileHandler' driver.
DEBUG - 2026-08-23 19:41:38 --> Session: Class initialized using 'CodeIgniter\Session\Handlers\FileHandler' driver.
DEBUG - 2026-08-23 19:42:08 --> Session: Class initialized using 'CodeIgniter\Session\Handlers\FileHandler' driver.
DEBUG - 2026-08-23 19:42:18 --> Session: Class initialized using 'CodeIgniter\Session\Handlers\FileHandler' driver.
DEBUG - 2026-08-23 19:42:38 --> Session: Class initialized using 'CodeIgniter\Session\Handlers\FileHandler' driver.
DEBUG - 2026-08-23 19:43:08 --> Session: Class initialized using 'CodeIgniter\Session\Handlers\FileHandler' driver.
DEBUG - 2026-08-23 19:43:18 --> Session: Class initialized using 'CodeIgniter\Session\Handlers\FileHandler' driver.
DEBUG - 2026-08-23 19:43:38 --> Session: Class initialized using 'CodeIgniter\Session\Handlers\FileHandler' driver.
DEBUG - 2026-08-23 19:44:08 --> Session: Class initialized using 'CodeIgniter\Session\Handlers\FileHandler' driver.
DEBUG - 2026-08-23 19:44:18 --> Session: Class initialized using 'CodeIgniter\Session\Handlers\FileHandler' driver.
DEBUG - 2026-08-23 19:44:38 --> Session: Class initialized using 'CodeIgniter\Session\Handlers\FileHandler' driver.
DEBUG - 2026-08-23 19:45:08 --> Session: Class initialized using 'CodeIgniter\Session\Handlers\FileHandler' driver.
DEBUG - 2026-08-23 19:45:18 --> Session: Class initialized using 'CodeIgniter\Session\Handlers\FileHandler' driver.
DEBUG - 2026-08-23 19:45:38 --> Session: Class initialized using 'CodeIgniter\Session\Handlers\FileHandler' driver.
DEBUG - 2026-08-23 19:46:08 --> Session: Class initialized using 'CodeIgniter\Session\Handlers\FileHandler' driver.
DEBUG - 2026-08-23 19:46:18 --> Session: Class initialized using 'CodeIgniter\Session\Handlers\FileHandler' driver.
DEBUG - 2026-08-23 19:46:38 --> Session: Class initialized using 'CodeIgniter\Session\Handlers\FileHandler' driver.
DEBUG - 2026-08-23 19:47:08 --> Session: Class initialized using 'CodeIgniter\Session\Handlers\FileHandler' driver.
DEBUG - 2026-08-23 19:47:18 --> Session: Class initialized using 'CodeIgniter\Session\Handlers\FileHandler' driver.
DEBUG - 2026-08-23 19:47:38 --> Session: Class initialized using 'CodeIgniter\Session\Handlers\FileHandler' driver.
DEBUG - 2026-08-23 19:48:08 --> Session: Class initialized using 'CodeIgniter\Session\Handlers\FileHandler' driver.
DEBUG - 2026-08-23 19:48:18 --> Session: Class initialized using 'CodeIgniter\Session\Handlers\FileHandler' driver.
DEBUG - 2026-08-23 19:48:38 --> Session: Class initialized using 'CodeIgniter\Session\Handlers\FileHandler' driver.
DEBUG - 2026-08-23 19:49:08 --> Session: Class initialized using 'CodeIgniter\Session\Handlers\FileHandler' driver.
DEBUG - 2026-08-23 19:49:18 --> Session: Class initialized using 'CodeIgniter\Session\Handlers\FileHandler' driver.
DEBUG - 2026-08-23 19:49:38 --> Session: Class initialized using 'CodeIgniter\Session\Handlers\FileHandler' driver.
DEBUG - 2026-08-23 19:50:08 --> Session: Class initialized using 'CodeIgniter\Session\Handlers\FileHandler' driver.
DEBUG - 2026-08-23 19:50:18 --> Session: Class initialized using 'CodeIgniter\Session\Handlers\FileHandler' driver.
DEBUG - 2026-08-23 19:50:29 --> Session: Class initialized using 'CodeIgniter\Session\Handlers\FileHandler' driver.
DEBUG - 2026-08-23 19:50:31 --> Session: Class initialized using 'CodeIgniter\Session\Handlers\FileHandler' driver.
DEBUG - 2026-08-23 19:50:33 --> Session: Class initialized using 'CodeIgniter\Session\Handlers\FileHandler' driver.
DEBUG - 2026-08-23 19:50:38 --> Session: Class initialized using 'CodeIgniter\Session\Handlers\FileHandler' driver.
DEBUG - 2026-08-23 19:51:03 --> Session: Class initialized using 'CodeIgniter\Session\Handlers\FileHandler' driver.
DEBUG - 2026-08-23 19:51:08 --> Session: Class initialized using 'CodeIgniter\Session\Handlers\FileHandler' driver.
DEBUG - 2026-08-23 19:51:33 --> Session: Class initialized using 'CodeIgniter\Session\Handlers\FileHandler' driver.
DEBUG - 2026-08-23 19:51:38 --> Session: Class initialized using 'CodeIgniter\Session\Handlers\FileHandler' driver.
DEBUG - 2026-08-23 19:52:03 --> Session: Class initialized using 'CodeIgniter\Session\Handlers\FileHandler' driver.
DEBUG - 2026-08-23 19:52:08 --> Session: Class initialized using 'CodeIgniter\Session\Handlers\FileHandler' driver.
DEBUG - 2026-08-23 19:52:33 --> Session: Class initialized using 'CodeIgniter\Session\Handlers\FileHandler' driver.
DEBUG - 2026-08-23 19:52:38 --> Session: Class initialized using 'CodeIgniter\Session\Handlers\FileHandler' driver.
DEBUG - 2026-08-23 19:53:03 --> Session: Class initialized using 'CodeIgniter\Session\Handlers\FileHandler' driver.
DEBUG - 2026-08-23 19:53:08 --> Session: Class initialized using 'CodeIgniter\Session\Handlers\FileHandler' driver.
DEBUG - 2026-08-23 19:53:33 --> Session: Class initialized using 'CodeIgniter\Session\Handlers\FileHandler' driver.
DEBUG - 2026-08-23 19:53:38 --> Session: Class initialized using 'CodeIgniter\Session\Handlers\FileHandler' driver.
DEBUG - 2026-08-23 19:54:03 --> Session: Class initialized using 'CodeIgniter\Session\Handlers\FileHandler' driver.
DEBUG - 2026-08-23 19:54:08 --> Session: Class initialized using 'CodeIgniter\Session\Handlers\FileHandler' driver.
DEBUG - 2026-08-23 19:54:33 --> Session: Class initialized using 'CodeIgniter\Session\Handlers\FileHandler' driver.
DEBUG - 2026-08-23 19:54:38 --> Session: Class initialized using 'CodeIgniter\Session\Handlers\FileHandler' driver.
DEBUG - 2026-08-23 19:55:03 --> Session: Class initialized using 'CodeIgniter\Session\Handlers\FileHandler' driver.
DEBUG - 2026-08-23 19:55:08 --> Session: Class initialized using 'CodeIgniter\Session\Handlers\FileHandler' driver.
DEBUG - 2026-08-23 19:55:33 --> Session: Class initialized using 'CodeIgniter\Session\Handlers\FileHandler' driver.
DEBUG - 2026-08-23 19:55:38 --> Session: Class initialized using 'CodeIgniter\Session\Handlers\FileHandler' driver.
DEBUG - 2026-08-23 19:56:03 --> Session: Class initialized using 'CodeIgniter\Session\Handlers\FileHandler' driver.
DEBUG - 2026-08-23 19:56:08 --> Session: Class initialized using 'CodeIgniter\Session\Handlers\FileHandler' driver.
DEBUG - 2026-08-23 19:56:33 --> Session: Class initialized using 'CodeIgniter\Session\Handlers\FileHandler' driver.
DEBUG - 2026-08-23 19:56:38 --> Session: Class initialized using 'CodeIgniter\Session\Handlers\FileHandler' driver.
DEBUG - 2026-08-23 19:57:03 --> Session: Class initialized using 'CodeIgniter\Session\Handlers\FileHandler' driver.
DEBUG - 2026-08-23 19:57:08 --> Session: Class initialized using 'CodeIgniter\Session\Handlers\FileHandler' driver.
DEBUG - 2026-08-23 19:57:33 --> Session: Class initialized using 'CodeIgniter\Session\Handlers\FileHandler' driver.
DEBUG - 2026-08-23 19:57:38 --> Session: Class initialized using 'CodeIgniter\Session\Handlers\FileHandler' driver.
DEBUG - 2026-08-23 19:58:03 --> Session: Class initialized using 'CodeIgniter\Session\Handlers\FileHandler' driver.
DEBUG - 2026-08-23 19:58:08 --> Session: Class initialized using 'CodeIgniter\Session\Handlers\FileHandler' driver.
DEBUG - 2026-08-23 19:58:33 --> Session: Class initialized using 'CodeIgniter\Session\Handlers\FileHandler' driver.
DEBUG - 2026-08-23 19:58:38 --> Session: Class initialized using 'CodeIgniter\Session\Handlers\FileHandler' driver.
DEBUG - 2026-08-23 19:59:03 --> Session: Class initialized using 'CodeIgniter\Session\Handlers\FileHandler' driver.
DEBUG - 2026-08-23 19:59:08 --> Session: Class initialized using 'CodeIgniter\Session\Handlers\FileHandler' driver.
DEBUG - 2026-08-23 19:59:10 --> Session: Class initialized using 'CodeIgniter\Session\Handlers\FileHandler' driver.
DEBUG - 2026-08-23 19:59:11 --> Session: Class initialized using 'CodeIgniter\Session\Handlers\FileHandler' driver.
DEBUG - 2026-08-23 19:59:26 --> Session: Class initialized using 'CodeIgniter\Session\Handlers\FileHandler' driver.
DEBUG - 2026-08-23 19:59:27 --> Session: Class initialized using 'CodeIgniter\Session\Handlers\FileHandler' driver.
DEBUG - 2026-08-23 19:59:41 --> Session: Class initialized using 'CodeIgniter\Session\Handlers\FileHandler' driver.
DEBUG - 2026-08-23 19:59:44 --> Session: Class initialized using 'CodeIgniter\Session\Handlers\FileHandler' driver.
DEBUG - 2026-08-23 19:59:45 --> Session: Class initialized using 'CodeIgniter\Session\Handlers\FileHandler' driver.
DEBUG - 2026-08-23 19:59:53 --> Session: Class initialized using 'CodeIgniter\Session\Handlers\FileHandler' driver.
DEBUG - 2026-08-23 19:59:54 --> Session: Class initialized using 'CodeIgniter\Session\Handlers\FileHandler' driver.
DEBUG - 2026-08-23 19:59:57 --> Session: Class initialized using 'CodeIgniter\Session\Handlers\FileHandler' driver.
DEBUG - 2026-08-23 20:00:18 --> Session: Class initialized using 'CodeIgniter\Session\Handlers\FileHandler' driver.
DEBUG - 2026-08-23 20:00:19 --> Session: Class initialized using 'CodeIgniter\Session\Handlers\FileHandler' driver.
DEBUG - 2026-08-23 20:00:22 --> Session: Class initialized using 'CodeIgniter\Session\Handlers\FileHandler' driver.
DEBUG - 2026-08-23 20:00:23 --> Session: Class initialized using 'CodeIgniter\Session\Handlers\FileHandler' driver.
DEBUG - 2026-08-23 20:00:27 --> Session: Class initialized using 'CodeIgniter\Session\Handlers\FileHandler' driver.
DEBUG - 2026-08-23 20:00:53 --> Session: Class initialized using 'CodeIgniter\Session\Handlers\FileHandler' driver.
DEBUG - 2026-08-23 20:00:57 --> Session: Class initialized using 'CodeIgniter\Session\Handlers\FileHandler' driver.
DEBUG - 2026-08-23 20:01:23 --> Session: Class initialized using 'CodeIgniter\Session\Handlers\FileHandler' driver.
DEBUG - 2026-08-23 20:01:27 --> Session: Class initialized using 'CodeIgniter\Session\Handlers\FileHandler' driver.
DEBUG - 2026-08-23 20:01:53 --> Session: Class initialized using 'CodeIgniter\Session\Handlers\FileHandler' driver.
DEBUG - 2026-08-23 20:01:57 --> Session: Class initialized using 'CodeIgniter\Session\Handlers\FileHandler' driver.
DEBUG - 2026-08-23 20:02:23 --> Session: Class initialized using 'CodeIgniter\Session\Handlers\FileHandler' driver.
DEBUG - 2026-08-23 20:02:27 --> Session: Class initialized using 'CodeIgniter\Session\Handlers\FileHandler' driver.
DEBUG - 2026-08-23 20:02:53 --> Session: Class initialized using 'CodeIgniter\Session\Handlers\FileHandler' driver.
DEBUG - 2026-08-23 20:02:57 --> Session: Class initialized using 'CodeIgniter\Session\Handlers\FileHandler' driver.
DEBUG - 2026-08-23 20:03:23 --> Session: Class initialized using 'CodeIgniter\Session\Handlers\FileHandler' driver.
DEBUG - 2026-08-23 20:03:27 --> Session: Class initialized using 'CodeIgniter\Session\Handlers\FileHandler' driver.
DEBUG - 2026-08-23 20:03:53 --> Session: Class initialized using 'CodeIgniter\Session\Handlers\FileHandler' driver.
DEBUG - 2026-08-23 20:03:57 --> Session: Class initialized using 'CodeIgniter\Session\Handlers\FileHandler' driver.
DEBUG - 2026-08-23 20:04:23 --> Session: Class initialized using 'CodeIgniter\Session\Handlers\FileHandler' driver.
DEBUG - 2026-08-23 20:04:27 --> Session: Class initialized using 'CodeIgniter\Session\Handlers\FileHandler' driver.
DEBUG - 2026-08-23 20:04:53 --> Session: Class initialized using 'CodeIgniter\Session\Handlers\FileHandler' driver.
DEBUG - 2026-08-23 20:04:57 --> Session: Class initialized using 'CodeIgniter\Session\Handlers\FileHandler' driver.
DEBUG - 2026-08-23 20:05:20 --> Session: Class initialized using 'CodeIgniter\Session\Handlers\FileHandler' driver.
DEBUG - 2026-08-23 20:05:21 --> Session: Class initialized using 'CodeIgniter\Session\Handlers\FileHandler' driver.
DEBUG - 2026-08-23 20:05:24 --> Session: Class initialized using 'CodeIgniter\Session\Handlers\FileHandler' driver.
DEBUG - 2026-08-23 20:05:51 --> Session: Class initialized using 'CodeIgniter\Session\Handlers\FileHandler' driver.
DEBUG - 2026-08-23 20:05:54 --> Session: Class initialized using 'CodeIgniter\Session\Handlers\FileHandler' driver.
DEBUG - 2026-08-23 20:06:12 --> Session: Class initialized using 'CodeIgniter\Session\Handlers\FileHandler' driver.
DEBUG - 2026-08-23 20:06:13 --> Session: Class initialized using 'CodeIgniter\Session\Handlers\FileHandler' driver.
DEBUG - 2026-08-23 20:06:23 --> Session: Class initialized using 'CodeIgniter\Session\Handlers\FileHandler' driver.
DEBUG - 2026-08-23 20:06:43 --> Session: Class initialized using 'CodeIgniter\Session\Handlers\FileHandler' driver.
DEBUG - 2026-08-23 20:06:53 --> Session: Class initialized using 'CodeIgniter\Session\Handlers\FileHandler' driver.
DEBUG - 2026-08-23 20:07:13 --> Session: Class initialized using 'CodeIgniter\Session\Handlers\FileHandler' driver.
DEBUG - 2026-08-23 20:07:23 --> Session: Class initialized using 'CodeIgniter\Session\Handlers\FileHandler' driver.
DEBUG - 2026-08-23 20:07:43 --> Session: Class initialized using 'CodeIgniter\Session\Handlers\FileHandler' driver.
DEBUG - 2026-08-23 20:07:53 --> Session: Class initialized using 'CodeIgniter\Session\Handlers\FileHandler' driver.
DEBUG - 2026-08-23 20:08:13 --> Session: Class initialized using 'CodeIgniter\Session\Handlers\FileHandler' driver.
DEBUG - 2026-08-23 20:08:23 --> Session: Class initialized using 'CodeIgniter\Session\Handlers\FileHandler' driver.
DEBUG - 2026-08-23 20:08:43 --> Session: Class initialized using 'CodeIgniter\Session\Handlers\FileHandler' driver.
DEBUG - 2026-08-23 20:08:53 --> Session: Class initialized using 'CodeIgniter\Session\Handlers\FileHandler' driver.
DEBUG - 2026-08-23 20:09:13 --> Session: Class initialized using 'CodeIgniter\Session\Handlers\FileHandler' driver.
DEBUG - 2026-08-23 20:09:23 --> Session: Class initialized using 'CodeIgniter\Session\Handlers\FileHandler' driver.
DEBUG - 2026-08-23 20:09:43 --> Session: Class initialized using 'CodeIgniter\Session\Handlers\FileHandler' driver.
DEBUG - 2026-08-23 20:09:53 --> Session: Class initialized using 'CodeIgniter\Session\Handlers\FileHandler' driver.
DEBUG - 2026-08-23 20:10:13 --> Session: Class initialized using 'CodeIgniter\Session\Handlers\FileHandler' driver.
DEBUG - 2026-08-23 20:10:23 --> Session: Class initialized using 'CodeIgniter\Session\Handlers\FileHandler' driver.
DEBUG - 2026-08-23 20:10:43 --> Session: Class initialized using 'CodeIgniter\Session\Handlers\FileHandler' driver.
DEBUG - 2026-08-23 20:10:53 --> Session: Class initialized using 'CodeIgniter\Session\Handlers\FileHandler' driver.
DEBUG - 2026-08-23 20:11:13 --> Session: Class initialized using 'CodeIgniter\Session\Handlers\FileHandler' driver.
DEBUG - 2026-08-23 20:11:23 --> Session: Class initialized using 'CodeIgniter\Session\Handlers\FileHandler' driver.
DEBUG - 2026-08-23 20:11:43 --> Session: Class initialized using 'CodeIgniter\Session\Handlers\FileHandler' driver.
DEBUG - 2026-08-23 20:11:53 --> Session: Class initialized using 'CodeIgniter\Session\Handlers\FileHandler' driver.
DEBUG - 2026-08-23 20:12:13 --> Session: Class initialized using 'CodeIgniter\Session\Handlers\FileHandler' driver.
DEBUG - 2026-08-23 20:12:23 --> Session: Class initialized using 'CodeIgniter\Session\Handlers\FileHandler' driver.
DEBUG - 2026-08-23 20:12:43 --> Session: Class initialized using 'CodeIgniter\Session\Handlers\FileHandler' driver.
DEBUG - 2026-08-23 20:12:53 --> Session: Class initialized using 'CodeIgniter\Session\Handlers\FileHandler' driver.
DEBUG - 2026-08-23 20:13:13 --> Session: Class initialized using 'CodeIgniter\Session\Handlers\FileHandler' driver.
DEBUG - 2026-08-23 20:13:23 --> Session: Class initialized using 'CodeIgniter\Session\Handlers\FileHandler' driver.
DEBUG - 2026-08-23 20:13:43 --> Session: Class initialized using 'CodeIgniter\Session\Handlers\FileHandler' driver.
DEBUG - 2026-08-23 20:13:53 --> Session: Class initialized using 'CodeIgniter\Session\Handlers\FileHandler' driver.
DEBUG - 2026-08-23 20:14:13 --> Session: Class initialized using 'CodeIgniter\Session\Handlers\FileHandler' driver.
DEBUG - 2026-08-23 20:14:23 --> Session: Class initialized using 'CodeIgniter\Session\Handlers\FileHandler' driver.
DEBUG - 2026-08-23 20:14:43 --> Session: Class initialized using 'CodeIgniter\Session\Handlers\FileHandler' driver.
DEBUG - 2026-08-23 20:14:53 --> Session: Class initialized using 'CodeIgniter\Session\Handlers\FileHandler' driver.
DEBUG - 2026-08-23 20:15:13 --> Session: Class initialized using 'CodeIgniter\Session\Handlers\FileHandler' driver.
DEBUG - 2026-08-23 20:15:23 --> Session: Class initialized using 'CodeIgniter\Session\Handlers\FileHandler' driver.
DEBUG - 2026-08-23 20:15:43 --> Session: Class initialized using 'CodeIgniter\Session\Handlers\FileHandler' driver.
DEBUG - 2026-08-23 20:15:53 --> Session: Class initialized using 'CodeIgniter\Session\Handlers\FileHandler' driver.
DEBUG - 2026-08-23 20:16:01 --> Session: Class initialized using 'CodeIgniter\Session\Handlers\FileHandler' driver.
DEBUG - 2026-08-23 20:16:02 --> Session: Class initialized using 'CodeIgniter\Session\Handlers\FileHandler' driver.
DEBUG - 2026-08-23 20:16:13 --> Session: Class initialized using 'CodeIgniter\Session\Handlers\FileHandler' driver.
DEBUG - 2026-08-23 20:16:32 --> Session: Class initialized using 'CodeIgniter\Session\Handlers\FileHandler' driver.
DEBUG - 2026-08-23 20:16:43 --> Session: Class initialized using 'CodeIgniter\Session\Handlers\FileHandler' driver.
DEBUG - 2026-08-23 20:17:02 --> Session: Class initialized using 'CodeIgniter\Session\Handlers\FileHandler' driver.
DEBUG - 2026-08-23 20:17:13 --> Session: Class initialized using 'CodeIgniter\Session\Handlers\FileHandler' driver.
DEBUG - 2026-08-23 20:17:32 --> Session: Class initialized using 'CodeIgniter\Session\Handlers\FileHandler' driver.
DEBUG - 2026-08-23 20:17:43 --> Session: Class initialized using 'CodeIgniter\Session\Handlers\FileHandler' driver.
DEBUG - 2026-08-23 20:18:02 --> Session: Class initialized using 'CodeIgniter\Session\Handlers\FileHandler' driver.
DEBUG - 2026-08-23 20:18:13 --> Session: Class initialized using 'CodeIgniter\Session\Handlers\FileHandler' driver.
DEBUG - 2026-08-23 20:18:32 --> Session: Class initialized using 'CodeIgniter\Session\Handlers\FileHandler' driver.
DEBUG - 2026-08-23 20:18:43 --> Session: Class initialized using 'CodeIgniter\Session\Handlers\FileHandler' driver.
DEBUG - 2026-08-23 20:19:02 --> Session: Class initialized using 'CodeIgniter\Session\Handlers\FileHandler' driver.
DEBUG - 2026-08-23 20:19:13 --> Session: Class initialized using 'CodeIgniter\Session\Handlers\FileHandler' driver.
DEBUG - 2026-08-23 20:19:32 --> Session: Class initialized using 'CodeIgniter\Session\Handlers\FileHandler' driver.
DEBUG - 2026-08-23 20:19:43 --> Session: Class initialized using 'CodeIgniter\Session\Handlers\FileHandler' driver.
DEBUG - 2026-08-23 20:20:13 --> Session: Class initialized using 'CodeIgniter\Session\Handlers\FileHandler' driver.
DEBUG - 2026-08-23 20:20:18 --> Session: Class initialized using 'CodeIgniter\Session\Handlers\FileHandler' driver.
DEBUG - 2026-08-23 20:20:32 --> Session: Class initialized using 'CodeIgniter\Session\Handlers\FileHandler' driver.
DEBUG - 2026-08-23 20:20:43 --> Session: Class initialized using 'CodeIgniter\Session\Handlers\FileHandler' driver.
DEBUG - 2026-08-23 20:21:02 --> Session: Class initialized using 'CodeIgniter\Session\Handlers\FileHandler' driver.
DEBUG - 2026-08-23 20:21:13 --> Session: Class initialized using 'CodeIgniter\Session\Handlers\FileHandler' driver.
DEBUG - 2026-08-23 20:21:32 --> Session: Class initialized using 'CodeIgniter\Session\Handlers\FileHandler' driver.
DEBUG - 2026-08-23 20:21:43 --> Session: Class initialized using 'CodeIgniter\Session\Handlers\FileHandler' driver.
DEBUG - 2026-08-23 20:21:54 --> Session: Class initialized using 'CodeIgniter\Session\Handlers\FileHandler' driver.
DEBUG - 2026-08-23 20:21:55 --> Session: Class initialized using 'CodeIgniter\Session\Handlers\FileHandler' driver.
DEBUG - 2026-08-23 20:22:02 --> Session: Class initialized using 'CodeIgniter\Session\Handlers\FileHandler' driver.
DEBUG - 2026-08-23 20:22:25 --> Session: Class initialized using 'CodeIgniter\Session\Handlers\FileHandler' driver.
DEBUG - 2026-08-23 20:22:31 --> Session: Class initialized using 'CodeIgniter\Session\Handlers\FileHandler' driver.
DEBUG - 2026-08-23 20:22:32 --> Session: Class initialized using 'CodeIgniter\Session\Handlers\FileHandler' driver.
DEBUG - 2026-08-23 20:22:35 --> Session: Class initialized using 'CodeIgniter\Session\Handlers\FileHandler' driver.
DEBUG - 2026-08-23 20:23:02 --> Session: Class initialized using 'CodeIgniter\Session\Handlers\FileHandler' driver.
DEBUG - 2026-08-23 20:23:04 --> Session: Class initialized using 'CodeIgniter\Session\Handlers\FileHandler' driver.
DEBUG - 2026-08-23 20:23:32 --> Session: Class initialized using 'CodeIgniter\Session\Handlers\FileHandler' driver.
DEBUG - 2026-08-23 20:23:34 --> Session: Class initialized using 'CodeIgniter\Session\Handlers\FileHandler' driver.
DEBUG - 2026-08-23 20:24:02 --> Session: Class initialized using 'CodeIgniter\Session\Handlers\FileHandler' driver.
DEBUG - 2026-08-23 20:24:05 --> Session: Class initialized using 'CodeIgniter\Session\Handlers\FileHandler' driver.
DEBUG - 2026-08-23 20:24:32 --> Session: Class initialized using 'CodeIgniter\Session\Handlers\FileHandler' driver.
DEBUG - 2026-08-23 20:24:35 --> Session: Class initialized using 'CodeIgniter\Session\Handlers\FileHandler' driver.
DEBUG - 2026-08-23 20:25:02 --> Session: Class initialized using 'CodeIgniter\Session\Handlers\FileHandler' driver.
DEBUG - 2026-08-23 20:25:05 --> Session: Class initialized using 'CodeIgniter\Session\Handlers\FileHandler' driver.
DEBUG - 2026-08-23 20:25:32 --> Session: Class initialized using 'CodeIgniter\Session\Handlers\FileHandler' driver.
DEBUG - 2026-08-23 20:25:35 --> Session: Class initialized using 'CodeIgniter\Session\Handlers\FileHandler' driver.
DEBUG - 2026-08-23 20:26:02 --> Session: Class initialized using 'CodeIgniter\Session\Handlers\FileHandler' driver.
DEBUG - 2026-08-23 20:26:05 --> Session: Class initialized using 'CodeIgniter\Session\Handlers\FileHandler' driver.
DEBUG - 2026-08-23 20:26:32 --> Session: Class initialized using 'CodeIgniter\Session\Handlers\FileHandler' driver.
DEBUG - 2026-08-23 20:26:35 --> Session: Class initialized using 'CodeIgniter\Session\Handlers\FileHandler' driver.
DEBUG - 2026-08-23 20:27:02 --> Session: Class initialized using 'CodeIgniter\Session\Handlers\FileHandler' driver.
DEBUG - 2026-08-23 20:27:04 --> Session: Class initialized using 'CodeIgniter\Session\Handlers\FileHandler' driver.
DEBUG - 2026-08-23 20:27:32 --> Session: Class initialized using 'CodeIgniter\Session\Handlers\FileHandler' driver.
DEBUG - 2026-08-23 20:27:35 --> Session: Class initialized using 'CodeIgniter\Session\Handlers\FileHandler' driver.
DEBUG - 2026-08-23 20:28:02 --> Session: Class initialized using 'CodeIgniter\Session\Handlers\FileHandler' driver.
DEBUG - 2026-08-23 20:28:05 --> Session: Class initialized using 'CodeIgniter\Session\Handlers\FileHandler' driver.
DEBUG - 2026-08-23 20:28:32 --> Session: Class initialized using 'CodeIgniter\Session\Handlers\FileHandler' driver.
DEBUG - 2026-08-23 20:28:35 --> Session: Class initialized using 'CodeIgniter\Session\Handlers\FileHandler' driver.
DEBUG - 2026-08-23 20:29:02 --> Session: Class initialized using 'CodeIgniter\Session\Handlers\FileHandler' driver.
DEBUG - 2026-08-23 20:29:05 --> Session: Class initialized using 'CodeIgniter\Session\Handlers\FileHandler' driver.
DEBUG - 2026-08-23 20:29:32 --> Session: Class initialized using 'CodeIgniter\Session\Handlers\FileHandler' driver.
DEBUG - 2026-08-23 20:29:35 --> Session: Class initialized using 'CodeIgniter\Session\Handlers\FileHandler' driver.
DEBUG - 2026-08-23 20:30:02 --> Session: Class initialized using 'CodeIgniter\Session\Handlers\FileHandler' driver.
DEBUG - 2026-08-23 20:30:05 --> Session: Class initialized using 'CodeIgniter\Session\Handlers\FileHandler' driver.
DEBUG - 2026-08-23 20:30:32 --> Session: Class initialized using 'CodeIgniter\Session\Handlers\FileHandler' driver.
DEBUG - 2026-08-23 20:30:35 --> Session: Class initialized using 'CodeIgniter\Session\Handlers\FileHandler' driver.
DEBUG - 2026-08-23 20:31:02 --> Session: Class initialized using 'CodeIgniter\Session\Handlers\FileHandler' driver.
DEBUG - 2026-08-23 20:31:05 --> Session: Class initialized using 'CodeIgniter\Session\Handlers\FileHandler' driver.
DEBUG - 2026-08-23 20:31:32 --> Session: Class initialized using 'CodeIgniter\Session\Handlers\FileHandler' driver.
DEBUG - 2026-08-23 20:31:35 --> Session: Class initialized using 'CodeIgniter\Session\Handlers\FileHandler' driver.
DEBUG - 2026-08-23 20:32:02 --> Session: Class initialized using 'CodeIgniter\Session\Handlers\FileHandler' driver.
DEBUG - 2026-08-23 20:32:05 --> Session: Class initialized using 'CodeIgniter\Session\Handlers\FileHandler' driver.
DEBUG - 2026-08-23 20:32:32 --> Session: Class initialized using 'CodeIgniter\Session\Handlers\FileHandler' driver.
DEBUG - 2026-08-23 20:32:35 --> Session: Class initialized using 'CodeIgniter\Session\Handlers\FileHandler' driver.
DEBUG - 2026-08-23 20:33:02 --> Session: Class initialized using 'CodeIgniter\Session\Handlers\FileHandler' driver.
DEBUG - 2026-08-23 20:33:05 --> Session: Class initialized using 'CodeIgniter\Session\Handlers\FileHandler' driver.
DEBUG - 2026-08-23 20:33:25 --> Session: Class initialized using 'CodeIgniter\Session\Handlers\FileHandler' driver.
DEBUG - 2026-08-23 20:33:26 --> Session: Class initialized using 'CodeIgniter\Session\Handlers\FileHandler' driver.
DEBUG - 2026-08-23 20:33:32 --> Session: Class initialized using 'CodeIgniter\Session\Handlers\FileHandler' driver.
DEBUG - 2026-08-23 20:33:56 --> Session: Class initialized using 'CodeIgniter\Session\Handlers\FileHandler' driver.
DEBUG - 2026-08-23 20:34:02 --> Session: Class initialized using 'CodeIgniter\Session\Handlers\FileHandler' driver.
DEBUG - 2026-08-23 20:34:26 --> Session: Class initialized using 'CodeIgniter\Session\Handlers\FileHandler' driver.
DEBUG - 2026-08-23 20:34:32 --> Session: Class initialized using 'CodeIgniter\Session\Handlers\FileHandler' driver.
DEBUG - 2026-08-23 20:34:56 --> Session: Class initialized using 'CodeIgniter\Session\Handlers\FileHandler' driver.
DEBUG - 2026-08-23 20:35:02 --> Session: Class initialized using 'CodeIgniter\Session\Handlers\FileHandler' driver.
DEBUG - 2026-08-23 20:35:26 --> Session: Class initialized using 'CodeIgniter\Session\Handlers\FileHandler' driver.
DEBUG - 2026-08-23 20:35:32 --> Session: Class initialized using 'CodeIgniter\Session\Handlers\FileHandler' driver.
DEBUG - 2026-08-23 20:35:56 --> Session: Class initialized using 'CodeIgniter\Session\Handlers\FileHandler' driver.
DEBUG - 2026-08-23 20:36:02 --> Session: Class initialized using 'CodeIgniter\Session\Handlers\FileHandler' driver.
DEBUG - 2026-08-23 20:36:26 --> Session: Class initialized using 'CodeIgniter\Session\Handlers\FileHandler' driver.
DEBUG - 2026-08-23 20:36:32 --> Session: Class initialized using 'CodeIgniter\Session\Handlers\FileHandler' driver.
DEBUG - 2026-08-23 20:36:56 --> Session: Class initialized using 'CodeIgniter\Session\Handlers\FileHandler' driver.
DEBUG - 2026-08-23 20:37:02 --> Session: Class initialized using 'CodeIgniter\Session\Handlers\FileHandler' driver.
DEBUG - 2026-08-23 20:37:26 --> Session: Class initialized using 'CodeIgniter\Session\Handlers\FileHandler' driver.
DEBUG - 2026-08-23 20:37:32 --> Session: Class initialized using 'CodeIgniter\Session\Handlers\FileHandler' driver.
DEBUG - 2026-08-23 20:38:02 --> Session: Class initialized using 'CodeIgniter\Session\Handlers\FileHandler' driver.
DEBUG - 2026-08-23 20:38:18 --> Session: Class initialized using 'CodeIgniter\Session\Handlers\FileHandler' driver.
DEBUG - 2026-08-23 20:38:32 --> Session: Class initialized using 'CodeIgniter\Session\Handlers\FileHandler' driver.
DEBUG - 2026-08-23 20:39:02 --> Session: Class initialized using 'CodeIgniter\Session\Handlers\FileHandler' driver.
DEBUG - 2026-08-23 20:39:18 --> Session: Class initialized using 'CodeIgniter\Session\Handlers\FileHandler' driver.
DEBUG - 2026-08-23 20:39:32 --> Session: Class initialized using 'CodeIgniter\Session\Handlers\FileHandler' driver.
DEBUG - 2026-08-23 20:40:02 --> Session: Class initialized using 'CodeIgniter\Session\Handlers\FileHandler' driver.
DEBUG - 2026-08-23 20:40:18 --> Session: Class initialized using 'CodeIgniter\Session\Handlers\FileHandler' driver.
DEBUG - 2026-08-23 20:40:32 --> Session: Class initialized using 'CodeIgniter\Session\Handlers\FileHandler' driver.
DEBUG - 2026-08-23 20:41:00 --> Session: Class initialized using 'CodeIgniter\Session\Handlers\FileHandler' driver.
DEBUG - 2026-08-23 20:41:01 --> Session: Class initialized using 'CodeIgniter\Session\Handlers\FileHandler' driver.
DEBUG - 2026-08-23 20:41:18 --> Session: Class initialized using 'CodeIgniter\Session\Handlers\FileHandler' driver.
DEBUG - 2026-08-23 20:41:31 --> Session: Class initialized using 'CodeIgniter\Session\Handlers\FileHandler' driver.
DEBUG - 2026-08-23 20:42:01 --> Session: Class initialized using 'CodeIgniter\Session\Handlers\FileHandler' driver.
DEBUG - 2026-08-23 20:42:18 --> Session: Class initialized using 'CodeIgniter\Session\Handlers\FileHandler' driver.
DEBUG - 2026-08-23 20:42:31 --> Session: Class initialized using 'CodeIgniter\Session\Handlers\FileHandler' driver.
DEBUG - 2026-08-23 20:42:51 --> Session: Class initialized using 'CodeIgniter\Session\Handlers\FileHandler' driver.
DEBUG - 2026-08-23 20:42:54 --> Session: Class initialized using 'CodeIgniter\Session\Handlers\FileHandler' driver.
DEBUG - 2026-08-23 20:42:55 --> Session: Class initialized using 'CodeIgniter\Session\Handlers\FileHandler' driver.
DEBUG - 2026-08-23 20:43:01 --> Session: Class initialized using 'CodeIgniter\Session\Handlers\FileHandler' driver.
DEBUG - 2026-08-23 20:43:08 --> Session: Class initialized using 'CodeIgniter\Session\Handlers\FileHandler' driver.
INFO - 2026-08-23 20:43:08 --> CSRF token verified.
ERROR - 2026-08-23 20:43:09 --> Unknown column 'cta_icon' in 'field list'
in SYSTEMPATH\Database\MySQLi\Connection.php on line 300.
 1 SYSTEMPATH\Database\MySQLi\Connection.php(300): mysqli->query()
 2 SYSTEMPATH\Database\BaseConnection.php(908): CodeIgniter\Database\MySQLi\Connection->execute()
 3 SYSTEMPATH\Database\BaseConnection.php(825): CodeIgniter\Database\BaseConnection->simpleQuery()
 4 SYSTEMPATH\Database\BaseBuilder.php(2531): CodeIgniter\Database\BaseConnection->query()
 5 SYSTEMPATH\Model.php(408): CodeIgniter\Database\BaseBuilder->update()
 6 SYSTEMPATH\BaseModel.php(1074): CodeIgniter\Model->doUpdate()
 7 SYSTEMPATH\Model.php(711): CodeIgniter\BaseModel->update()
 8 APPPATH\Controllers\Admin\Products.php(231): CodeIgniter\Model->update()
 9 SYSTEMPATH\CodeIgniter.php(974): App\Controllers\Admin\Products->update()
10 SYSTEMPATH\CodeIgniter.php(520): CodeIgniter\CodeIgniter->runController()
11 SYSTEMPATH\CodeIgniter.php(363): CodeIgniter\CodeIgniter->handleRequest()
12 SYSTEMPATH\Boot.php(417): CodeIgniter\CodeIgniter->run()
13 SYSTEMPATH\Boot.php(68): CodeIgniter\Boot::runCodeIgniter()
14 FCPATH\index.php(59): CodeIgniter\Boot::bootWeb()
15 SYSTEMPATH\rewrite.php(44): require_once('C:\\Sistemas\\Dias Imports\\Dias Importes - Marketing v2\\dias_imports_v2\\public\\index.php')
CRITICAL - 2026-08-23 20:43:09 --> CodeIgniter\Database\Exceptions\DatabaseException: Unknown column 'cta_icon' in 'field list'
[Method: POST, Route: produtos/1/editar]
in SYSTEMPATH\Database\BaseConnection.php on line 863.
 1 SYSTEMPATH\Database\BaseBuilder.php(2531): CodeIgniter\Database\BaseConnection->query()
 2 SYSTEMPATH\Model.php(408): CodeIgniter\Database\BaseBuilder->update()
 3 SYSTEMPATH\BaseModel.php(1074): CodeIgniter\Model->doUpdate()
 4 SYSTEMPATH\Model.php(711): CodeIgniter\BaseModel->update()
 5 APPPATH\Controllers\Admin\Products.php(231): CodeIgniter\Model->update()
 6 SYSTEMPATH\CodeIgniter.php(974): App\Controllers\Admin\Products->update()
 7 SYSTEMPATH\CodeIgniter.php(520): CodeIgniter\CodeIgniter->runController()
 8 SYSTEMPATH\CodeIgniter.php(363): CodeIgniter\CodeIgniter->handleRequest()
 9 SYSTEMPATH\Boot.php(417): CodeIgniter\CodeIgniter->run()
10 SYSTEMPATH\Boot.php(68): CodeIgniter\Boot::runCodeIgniter()
11 FCPATH\index.php(59): CodeIgniter\Boot::bootWeb()
12 SYSTEMPATH\rewrite.php(44): require_once('C:\\Sistemas\\Dias Imports\\Dias Importes - Marketing v2\\dias_imports_v2\\public\\index.php')
CRITICAL - 2026-08-23 20:43:09 --> [Caused by] CodeIgniter\Database\Exceptions\DatabaseException: Unknown column 'cta_icon' in 'field list'
in SYSTEMPATH\Database\MySQLi\Connection.php on line 310.
 1 SYSTEMPATH\Database\BaseConnection.php(908): CodeIgniter\Database\MySQLi\Connection->execute()
 2 SYSTEMPATH\Database\BaseConnection.php(825): CodeIgniter\Database\BaseConnection->simpleQuery()
 3 SYSTEMPATH\Database\BaseBuilder.php(2531): CodeIgniter\Database\BaseConnection->query()
 4 SYSTEMPATH\Model.php(408): CodeIgniter\Database\BaseBuilder->update()
 5 SYSTEMPATH\BaseModel.php(1074): CodeIgniter\Model->doUpdate()
 6 SYSTEMPATH\Model.php(711): CodeIgniter\BaseModel->update()
 7 APPPATH\Controllers\Admin\Products.php(231): CodeIgniter\Model->update()
 8 SYSTEMPATH\CodeIgniter.php(974): App\Controllers\Admin\Products->update()
 9 SYSTEMPATH\CodeIgniter.php(520): CodeIgniter\CodeIgniter->runController()
10 SYSTEMPATH\CodeIgniter.php(363): CodeIgniter\CodeIgniter->handleRequest()
11 SYSTEMPATH\Boot.php(417): CodeIgniter\CodeIgniter->run()
12 SYSTEMPATH\Boot.php(68): CodeIgniter\Boot::runCodeIgniter()
13 FCPATH\index.php(59): CodeIgniter\Boot::bootWeb()
14 SYSTEMPATH\rewrite.php(44): require_once('C:\\Sistemas\\Dias Imports\\Dias Importes - Marketing v2\\dias_imports_v2\\public\\index.php')
CRITICAL - 2026-08-23 20:43:09 --> [Caused by] mysqli_sql_exception: Unknown column 'cta_icon' in 'field list'
in SYSTEMPATH\Database\MySQLi\Connection.php on line 300.
 1 SYSTEMPATH\Database\MySQLi\Connection.php(300): mysqli->query()
 2 SYSTEMPATH\Database\BaseConnection.php(908): CodeIgniter\Database\MySQLi\Connection->execute()
 3 SYSTEMPATH\Database\BaseConnection.php(825): CodeIgniter\Database\BaseConnection->simpleQuery()
 4 SYSTEMPATH\Database\BaseBuilder.php(2531): CodeIgniter\Database\BaseConnection->query()
 5 SYSTEMPATH\Model.php(408): CodeIgniter\Database\BaseBuilder->update()
 6 SYSTEMPATH\BaseModel.php(1074): CodeIgniter\Model->doUpdate()
 7 SYSTEMPATH\Model.php(711): CodeIgniter\BaseModel->update()
 8 APPPATH\Controllers\Admin\Products.php(231): CodeIgniter\Model->update()
 9 SYSTEMPATH\CodeIgniter.php(974): App\Controllers\Admin\Products->update()
10 SYSTEMPATH\CodeIgniter.php(520): CodeIgniter\CodeIgniter->runController()
11 SYSTEMPATH\CodeIgniter.php(363): CodeIgniter\CodeIgniter->handleRequest()
12 SYSTEMPATH\Boot.php(417): CodeIgniter\CodeIgniter->run()
13 SYSTEMPATH\Boot.php(68): CodeIgniter\Boot::runCodeIgniter()
14 FCPATH\index.php(59): CodeIgniter\Boot::bootWeb()
15 SYSTEMPATH\rewrite.php(44): require_once('C:\\Sistemas\\Dias Imports\\Dias Importes - Marketing v2\\dias_imports_v2\\public\\index.php')
DEBUG - 2026-08-23 20:43:31 --> Session: Class initialized using 'CodeIgniter\Session\Handlers\FileHandler' driver.
DEBUG - 2026-08-23 20:44:01 --> Session: Class initialized using 'CodeIgniter\Session\Handlers\FileHandler' driver.
DEBUG - 2026-08-23 20:44:31 --> Session: Class initialized using 'CodeIgniter\Session\Handlers\FileHandler' driver.
DEBUG - 2026-08-23 20:45:01 --> Session: Class initialized using 'CodeIgniter\Session\Handlers\FileHandler' driver.
DEBUG - 2026-08-23 20:45:31 --> Session: Class initialized using 'CodeIgniter\Session\Handlers\FileHandler' driver.
DEBUG - 2026-08-23 20:45:53 --> Session: Class initialized using 'CodeIgniter\Session\Handlers\FileHandler' driver.
INFO - 2026-08-23 20:45:53 --> CSRF token verified.
ERROR - 2026-08-23 20:45:54 --> Unknown column 'cta_icon' in 'field list'
in SYSTEMPATH\Database\MySQLi\Connection.php on line 300.
 1 SYSTEMPATH\Database\MySQLi\Connection.php(300): mysqli->query()
 2 SYSTEMPATH\Database\BaseConnection.php(908): CodeIgniter\Database\MySQLi\Connection->execute()
 3 SYSTEMPATH\Database\BaseConnection.php(825): CodeIgniter\Database\BaseConnection->simpleQuery()
 4 SYSTEMPATH\Database\BaseBuilder.php(2531): CodeIgniter\Database\BaseConnection->query()
 5 SYSTEMPATH\Model.php(408): CodeIgniter\Database\BaseBuilder->update()
 6 SYSTEMPATH\BaseModel.php(1074): CodeIgniter\Model->doUpdate()
 7 SYSTEMPATH\Model.php(711): CodeIgniter\BaseModel->update()
 8 APPPATH\Controllers\Admin\Products.php(231): CodeIgniter\Model->update()
 9 SYSTEMPATH\CodeIgniter.php(974): App\Controllers\Admin\Products->update()
10 SYSTEMPATH\CodeIgniter.php(520): CodeIgniter\CodeIgniter->runController()
11 SYSTEMPATH\CodeIgniter.php(363): CodeIgniter\CodeIgniter->handleRequest()
12 SYSTEMPATH\Boot.php(417): CodeIgniter\CodeIgniter->run()
13 SYSTEMPATH\Boot.php(68): CodeIgniter\Boot::runCodeIgniter()
14 FCPATH\index.php(59): CodeIgniter\Boot::bootWeb()
15 SYSTEMPATH\rewrite.php(44): require_once('C:\\Sistemas\\Dias Imports\\Dias Importes - Marketing v2\\dias_imports_v2\\public\\index.php')
CRITICAL - 2026-08-23 20:45:54 --> CodeIgniter\Database\Exceptions\DatabaseException: Unknown column 'cta_icon' in 'field list'
[Method: POST, Route: produtos/1/editar]
in SYSTEMPATH\Database\BaseConnection.php on line 863.
 1 SYSTEMPATH\Database\BaseBuilder.php(2531): CodeIgniter\Database\BaseConnection->query()
 2 SYSTEMPATH\Model.php(408): CodeIgniter\Database\BaseBuilder->update()
 3 SYSTEMPATH\BaseModel.php(1074): CodeIgniter\Model->doUpdate()
 4 SYSTEMPATH\Model.php(711): CodeIgniter\BaseModel->update()
 5 APPPATH\Controllers\Admin\Products.php(231): CodeIgniter\Model->update()
 6 SYSTEMPATH\CodeIgniter.php(974): App\Controllers\Admin\Products->update()
 7 SYSTEMPATH\CodeIgniter.php(520): CodeIgniter\CodeIgniter->runController()
 8 SYSTEMPATH\CodeIgniter.php(363): CodeIgniter\CodeIgniter->handleRequest()
 9 SYSTEMPATH\Boot.php(417): CodeIgniter\CodeIgniter->run()
10 SYSTEMPATH\Boot.php(68): CodeIgniter\Boot::runCodeIgniter()
11 FCPATH\index.php(59): CodeIgniter\Boot::bootWeb()
12 SYSTEMPATH\rewrite.php(44): require_once('C:\\Sistemas\\Dias Imports\\Dias Importes - Marketing v2\\dias_imports_v2\\public\\index.php')
CRITICAL - 2026-08-23 20:45:54 --> [Caused by] CodeIgniter\Database\Exceptions\DatabaseException: Unknown column 'cta_icon' in 'field list'
in SYSTEMPATH\Database\MySQLi\Connection.php on line 310.
 1 SYSTEMPATH\Database\BaseConnection.php(908): CodeIgniter\Database\MySQLi\Connection->execute()
 2 SYSTEMPATH\Database\BaseConnection.php(825): CodeIgniter\Database\BaseConnection->simpleQuery()
 3 SYSTEMPATH\Database\BaseBuilder.php(2531): CodeIgniter\Database\BaseConnection->query()
 4 SYSTEMPATH\Model.php(408): CodeIgniter\Database\BaseBuilder->update()
 5 SYSTEMPATH\BaseModel.php(1074): CodeIgniter\Model->doUpdate()
 6 SYSTEMPATH\Model.php(711): CodeIgniter\BaseModel->update()
 7 APPPATH\Controllers\Admin\Products.php(231): CodeIgniter\Model->update()
 8 SYSTEMPATH\CodeIgniter.php(974): App\Controllers\Admin\Products->update()
 9 SYSTEMPATH\CodeIgniter.php(520): CodeIgniter\CodeIgniter->runController()
10 SYSTEMPATH\CodeIgniter.php(363): CodeIgniter\CodeIgniter->handleRequest()
11 SYSTEMPATH\Boot.php(417): CodeIgniter\CodeIgniter->run()
12 SYSTEMPATH\Boot.php(68): CodeIgniter\Boot::runCodeIgniter()
13 FCPATH\index.php(59): CodeIgniter\Boot::bootWeb()
14 SYSTEMPATH\rewrite.php(44): require_once('C:\\Sistemas\\Dias Imports\\Dias Importes - Marketing v2\\dias_imports_v2\\public\\index.php')
CRITICAL - 2026-08-23 20:45:54 --> [Caused by] mysqli_sql_exception: Unknown column 'cta_icon' in 'field list'
in SYSTEMPATH\Database\MySQLi\Connection.php on line 300.
 1 SYSTEMPATH\Database\MySQLi\Connection.php(300): mysqli->query()
 2 SYSTEMPATH\Database\BaseConnection.php(908): CodeIgniter\Database\MySQLi\Connection->execute()
 3 SYSTEMPATH\Database\BaseConnection.php(825): CodeIgniter\Database\BaseConnection->simpleQuery()
 4 SYSTEMPATH\Database\BaseBuilder.php(2531): CodeIgniter\Database\BaseConnection->query()
 5 SYSTEMPATH\Model.php(408): CodeIgniter\Database\BaseBuilder->update()
 6 SYSTEMPATH\BaseModel.php(1074): CodeIgniter\Model->doUpdate()
 7 SYSTEMPATH\Model.php(711): CodeIgniter\BaseModel->update()
 8 APPPATH\Controllers\Admin\Products.php(231): CodeIgniter\Model->update()
 9 SYSTEMPATH\CodeIgniter.php(974): App\Controllers\Admin\Products->update()
10 SYSTEMPATH\CodeIgniter.php(520): CodeIgniter\CodeIgniter->runController()
11 SYSTEMPATH\CodeIgniter.php(363): CodeIgniter\CodeIgniter->handleRequest()
12 SYSTEMPATH\Boot.php(417): CodeIgniter\CodeIgniter->run()
13 SYSTEMPATH\Boot.php(68): CodeIgniter\Boot::runCodeIgniter()
14 FCPATH\index.php(59): CodeIgniter\Boot::bootWeb()
15 SYSTEMPATH\rewrite.php(44): require_once('C:\\Sistemas\\Dias Imports\\Dias Importes - Marketing v2\\dias_imports_v2\\public\\index.php')
DEBUG - 2026-08-23 20:46:01 --> Session: Class initialized using 'CodeIgniter\Session\Handlers\FileHandler' driver.
DEBUG - 2026-08-23 20:46:07 --> Session: Class initialized using 'CodeIgniter\Session\Handlers\FileHandler' driver.
DEBUG - 2026-08-23 20:46:08 --> Session: Class initialized using 'CodeIgniter\Session\Handlers\FileHandler' driver.
DEBUG - 2026-08-23 20:46:13 --> Session: Class initialized using 'CodeIgniter\Session\Handlers\FileHandler' driver.
INFO - 2026-08-23 20:46:13 --> CSRF token verified.
ERROR - 2026-08-23 20:46:14 --> Unknown column 'cta_icon' in 'field list'
in SYSTEMPATH\Database\MySQLi\Connection.php on line 300.
 1 SYSTEMPATH\Database\MySQLi\Connection.php(300): mysqli->query()
 2 SYSTEMPATH\Database\BaseConnection.php(908): CodeIgniter\Database\MySQLi\Connection->execute()
 3 SYSTEMPATH\Database\BaseConnection.php(825): CodeIgniter\Database\BaseConnection->simpleQuery()
 4 SYSTEMPATH\Database\BaseBuilder.php(2531): CodeIgniter\Database\BaseConnection->query()
 5 SYSTEMPATH\Model.php(408): CodeIgniter\Database\BaseBuilder->update()
 6 SYSTEMPATH\BaseModel.php(1074): CodeIgniter\Model->doUpdate()
 7 SYSTEMPATH\Model.php(711): CodeIgniter\BaseModel->update()
 8 APPPATH\Controllers\Admin\Products.php(231): CodeIgniter\Model->update()
 9 SYSTEMPATH\CodeIgniter.php(974): App\Controllers\Admin\Products->update()
10 SYSTEMPATH\CodeIgniter.php(520): CodeIgniter\CodeIgniter->runController()
11 SYSTEMPATH\CodeIgniter.php(363): CodeIgniter\CodeIgniter->handleRequest()
12 SYSTEMPATH\Boot.php(417): CodeIgniter\CodeIgniter->run()
13 SYSTEMPATH\Boot.php(68): CodeIgniter\Boot::runCodeIgniter()
14 FCPATH\index.php(59): CodeIgniter\Boot::bootWeb()
15 SYSTEMPATH\rewrite.php(44): require_once('C:\\Sistemas\\Dias Imports\\Dias Importes - Marketing v2\\dias_imports_v2\\public\\index.php')
CRITICAL - 2026-08-23 20:46:14 --> CodeIgniter\Database\Exceptions\DatabaseException: Unknown column 'cta_icon' in 'field list'
[Method: POST, Route: produtos/1/editar]
in SYSTEMPATH\Database\BaseConnection.php on line 863.
 1 SYSTEMPATH\Database\BaseBuilder.php(2531): CodeIgniter\Database\BaseConnection->query()
 2 SYSTEMPATH\Model.php(408): CodeIgniter\Database\BaseBuilder->update()
 3 SYSTEMPATH\BaseModel.php(1074): CodeIgniter\Model->doUpdate()
 4 SYSTEMPATH\Model.php(711): CodeIgniter\BaseModel->update()
 5 APPPATH\Controllers\Admin\Products.php(231): CodeIgniter\Model->update()
 6 SYSTEMPATH\CodeIgniter.php(974): App\Controllers\Admin\Products->update()
 7 SYSTEMPATH\CodeIgniter.php(520): CodeIgniter\CodeIgniter->runController()
 8 SYSTEMPATH\CodeIgniter.php(363): CodeIgniter\CodeIgniter->handleRequest()
 9 SYSTEMPATH\Boot.php(417): CodeIgniter\CodeIgniter->run()
10 SYSTEMPATH\Boot.php(68): CodeIgniter\Boot::runCodeIgniter()
11 FCPATH\index.php(59): CodeIgniter\Boot::bootWeb()
12 SYSTEMPATH\rewrite.php(44): require_once('C:\\Sistemas\\Dias Imports\\Dias Importes - Marketing v2\\dias_imports_v2\\public\\index.php')
CRITICAL - 2026-08-23 20:46:14 --> [Caused by] CodeIgniter\Database\Exceptions\DatabaseException: Unknown column 'cta_icon' in 'field list'
in SYSTEMPATH\Database\MySQLi\Connection.php on line 310.
 1 SYSTEMPATH\Database\BaseConnection.php(908): CodeIgniter\Database\MySQLi\Connection->execute()
 2 SYSTEMPATH\Database\BaseConnection.php(825): CodeIgniter\Database\BaseConnection->simpleQuery()
 3 SYSTEMPATH\Database\BaseBuilder.php(2531): CodeIgniter\Database\BaseConnection->query()
 4 SYSTEMPATH\Model.php(408): CodeIgniter\Database\BaseBuilder->update()
 5 SYSTEMPATH\BaseModel.php(1074): CodeIgniter\Model->doUpdate()
 6 SYSTEMPATH\Model.php(711): CodeIgniter\BaseModel->update()
 7 APPPATH\Controllers\Admin\Products.php(231): CodeIgniter\Model->update()
 8 SYSTEMPATH\CodeIgniter.php(974): App\Controllers\Admin\Products->update()
 9 SYSTEMPATH\CodeIgniter.php(520): CodeIgniter\CodeIgniter->runController()
10 SYSTEMPATH\CodeIgniter.php(363): CodeIgniter\CodeIgniter->handleRequest()
11 SYSTEMPATH\Boot.php(417): CodeIgniter\CodeIgniter->run()
12 SYSTEMPATH\Boot.php(68): CodeIgniter\Boot::runCodeIgniter()
13 FCPATH\index.php(59): CodeIgniter\Boot::bootWeb()
14 SYSTEMPATH\rewrite.php(44): require_once('C:\\Sistemas\\Dias Imports\\Dias Importes - Marketing v2\\dias_imports_v2\\public\\index.php')
CRITICAL - 2026-08-23 20:46:14 --> [Caused by] mysqli_sql_exception: Unknown column 'cta_icon' in 'field list'
in SYSTEMPATH\Database\MySQLi\Connection.php on line 300.
 1 SYSTEMPATH\Database\MySQLi\Connection.php(300): mysqli->query()
 2 SYSTEMPATH\Database\BaseConnection.php(908): CodeIgniter\Database\MySQLi\Connection->execute()
 3 SYSTEMPATH\Database\BaseConnection.php(825): CodeIgniter\Database\BaseConnection->simpleQuery()
 4 SYSTEMPATH\Database\BaseBuilder.php(2531): CodeIgniter\Database\BaseConnection->query()
 5 SYSTEMPATH\Model.php(408): CodeIgniter\Database\BaseBuilder->update()
 6 SYSTEMPATH\BaseModel.php(1074): CodeIgniter\Model->doUpdate()
 7 SYSTEMPATH\Model.php(711): CodeIgniter\BaseModel->update()
 8 APPPATH\Controllers\Admin\Products.php(231): CodeIgniter\Model->update()
 9 SYSTEMPATH\CodeIgniter.php(974): App\Controllers\Admin\Products->update()
10 SYSTEMPATH\CodeIgniter.php(520): CodeIgniter\CodeIgniter->runController()
11 SYSTEMPATH\CodeIgniter.php(363): CodeIgniter\CodeIgniter->handleRequest()
12 SYSTEMPATH\Boot.php(417): CodeIgniter\CodeIgniter->run()
13 SYSTEMPATH\Boot.php(68): CodeIgniter\Boot::runCodeIgniter()
14 FCPATH\index.php(59): CodeIgniter\Boot::bootWeb()
15 SYSTEMPATH\rewrite.php(44): require_once('C:\\Sistemas\\Dias Imports\\Dias Importes - Marketing v2\\dias_imports_v2\\public\\index.php')
DEBUG - 2026-08-23 20:46:31 --> Session: Class initialized using 'CodeIgniter\Session\Handlers\FileHandler' driver.
DEBUG - 2026-08-23 20:46:36 --> Session: Class initialized using 'CodeIgniter\Session\Handlers\FileHandler' driver.
INFO - 2026-08-23 20:46:36 --> CSRF token verified.
ERROR - 2026-08-23 20:46:37 --> Unknown column 'cta_icon' in 'field list'
in SYSTEMPATH\Database\MySQLi\Connection.php on line 300.
 1 SYSTEMPATH\Database\MySQLi\Connection.php(300): mysqli->query()
 2 SYSTEMPATH\Database\BaseConnection.php(908): CodeIgniter\Database\MySQLi\Connection->execute()
 3 SYSTEMPATH\Database\BaseConnection.php(825): CodeIgniter\Database\BaseConnection->simpleQuery()
 4 SYSTEMPATH\Database\BaseBuilder.php(2531): CodeIgniter\Database\BaseConnection->query()
 5 SYSTEMPATH\Model.php(408): CodeIgniter\Database\BaseBuilder->update()
 6 SYSTEMPATH\BaseModel.php(1074): CodeIgniter\Model->doUpdate()
 7 SYSTEMPATH\Model.php(711): CodeIgniter\BaseModel->update()
 8 APPPATH\Controllers\Admin\Products.php(231): CodeIgniter\Model->update()
 9 SYSTEMPATH\CodeIgniter.php(974): App\Controllers\Admin\Products->update()
10 SYSTEMPATH\CodeIgniter.php(520): CodeIgniter\CodeIgniter->runController()
11 SYSTEMPATH\CodeIgniter.php(363): CodeIgniter\CodeIgniter->handleRequest()
12 SYSTEMPATH\Boot.php(417): CodeIgniter\CodeIgniter->run()
13 SYSTEMPATH\Boot.php(68): CodeIgniter\Boot::runCodeIgniter()
14 FCPATH\index.php(59): CodeIgniter\Boot::bootWeb()
15 SYSTEMPATH\rewrite.php(44): require_once('C:\\Sistemas\\Dias Imports\\Dias Importes - Marketing v2\\dias_imports_v2\\public\\index.php')
CRITICAL - 2026-08-23 20:46:37 --> CodeIgniter\Database\Exceptions\DatabaseException: Unknown column 'cta_icon' in 'field list'
[Method: POST, Route: produtos/1/editar]
in SYSTEMPATH\Database\BaseConnection.php on line 863.
 1 SYSTEMPATH\Database\BaseBuilder.php(2531): CodeIgniter\Database\BaseConnection->query()
 2 SYSTEMPATH\Model.php(408): CodeIgniter\Database\BaseBuilder->update()
 3 SYSTEMPATH\BaseModel.php(1074): CodeIgniter\Model->doUpdate()
 4 SYSTEMPATH\Model.php(711): CodeIgniter\BaseModel->update()
 5 APPPATH\Controllers\Admin\Products.php(231): CodeIgniter\Model->update()
 6 SYSTEMPATH\CodeIgniter.php(974): App\Controllers\Admin\Products->update()
 7 SYSTEMPATH\CodeIgniter.php(520): CodeIgniter\CodeIgniter->runController()
 8 SYSTEMPATH\CodeIgniter.php(363): CodeIgniter\CodeIgniter->handleRequest()
 9 SYSTEMPATH\Boot.php(417): CodeIgniter\CodeIgniter->run()
10 SYSTEMPATH\Boot.php(68): CodeIgniter\Boot::runCodeIgniter()
11 FCPATH\index.php(59): CodeIgniter\Boot::bootWeb()
12 SYSTEMPATH\rewrite.php(44): require_once('C:\\Sistemas\\Dias Imports\\Dias Importes - Marketing v2\\dias_imports_v2\\public\\index.php')
CRITICAL - 2026-08-23 20:46:37 --> [Caused by] CodeIgniter\Database\Exceptions\DatabaseException: Unknown column 'cta_icon' in 'field list'
in SYSTEMPATH\Database\MySQLi\Connection.php on line 310.
 1 SYSTEMPATH\Database\BaseConnection.php(908): CodeIgniter\Database\MySQLi\Connection->execute()
 2 SYSTEMPATH\Database\BaseConnection.php(825): CodeIgniter\Database\BaseConnection->simpleQuery()
 3 SYSTEMPATH\Database\BaseBuilder.php(2531): CodeIgniter\Database\BaseConnection->query()
 4 SYSTEMPATH\Model.php(408): CodeIgniter\Database\BaseBuilder->update()
 5 SYSTEMPATH\BaseModel.php(1074): CodeIgniter\Model->doUpdate()
 6 SYSTEMPATH\Model.php(711): CodeIgniter\BaseModel->update()
 7 APPPATH\Controllers\Admin\Products.php(231): CodeIgniter\Model->update()
 8 SYSTEMPATH\CodeIgniter.php(974): App\Controllers\Admin\Products->update()
 9 SYSTEMPATH\CodeIgniter.php(520): CodeIgniter\CodeIgniter->runController()
10 SYSTEMPATH\CodeIgniter.php(363): CodeIgniter\CodeIgniter->handleRequest()
11 SYSTEMPATH\Boot.php(417): CodeIgniter\CodeIgniter->run()
12 SYSTEMPATH\Boot.php(68): CodeIgniter\Boot::runCodeIgniter()
13 FCPATH\index.php(59): CodeIgniter\Boot::bootWeb()
14 SYSTEMPATH\rewrite.php(44): require_once('C:\\Sistemas\\Dias Imports\\Dias Importes - Marketing v2\\dias_imports_v2\\public\\index.php')
CRITICAL - 2026-08-23 20:46:37 --> [Caused by] mysqli_sql_exception: Unknown column 'cta_icon' in 'field list'
in SYSTEMPATH\Database\MySQLi\Connection.php on line 300.
 1 SYSTEMPATH\Database\MySQLi\Connection.php(300): mysqli->query()
 2 SYSTEMPATH\Database\BaseConnection.php(908): CodeIgniter\Database\MySQLi\Connection->execute()
 3 SYSTEMPATH\Database\BaseConnection.php(825): CodeIgniter\Database\BaseConnection->simpleQuery()
 4 SYSTEMPATH\Database\BaseBuilder.php(2531): CodeIgniter\Database\BaseConnection->query()
 5 SYSTEMPATH\Model.php(408): CodeIgniter\Database\BaseBuilder->update()
 6 SYSTEMPATH\BaseModel.php(1074): CodeIgniter\Model->doUpdate()
 7 SYSTEMPATH\Model.php(711): CodeIgniter\BaseModel->update()
 8 APPPATH\Controllers\Admin\Products.php(231): CodeIgniter\Model->update()
 9 SYSTEMPATH\CodeIgniter.php(974): App\Controllers\Admin\Products->update()
10 SYSTEMPATH\CodeIgniter.php(520): CodeIgniter\CodeIgniter->runController()
11 SYSTEMPATH\CodeIgniter.php(363): CodeIgniter\CodeIgniter->handleRequest()
12 SYSTEMPATH\Boot.php(417): CodeIgniter\CodeIgniter->run()
13 SYSTEMPATH\Boot.php(68): CodeIgniter\Boot::runCodeIgniter()
14 FCPATH\index.php(59): CodeIgniter\Boot::bootWeb()
15 SYSTEMPATH\rewrite.php(44): require_once('C:\\Sistemas\\Dias Imports\\Dias Importes - Marketing v2\\dias_imports_v2\\public\\index.php')
DEBUG - 2026-08-23 20:47:01 --> Session: Class initialized using 'CodeIgniter\Session\Handlers\FileHandler' driver.
DEBUG - 2026-08-23 20:47:31 --> Session: Class initialized using 'CodeIgniter\Session\Handlers\FileHandler' driver.
DEBUG - 2026-08-23 20:48:01 --> Session: Class initialized using 'CodeIgniter\Session\Handlers\FileHandler' driver.
DEBUG - 2026-08-23 20:48:20 --> Session: Class initialized using 'CodeIgniter\Session\Handlers\FileHandler' driver.
INFO - 2026-08-23 20:48:20 --> CSRF token verified.
ERROR - 2026-08-23 20:48:21 --> Unknown column 'cta_icon' in 'field list'
in SYSTEMPATH\Database\MySQLi\Connection.php on line 300.
 1 SYSTEMPATH\Database\MySQLi\Connection.php(300): mysqli->query()
 2 SYSTEMPATH\Database\BaseConnection.php(908): CodeIgniter\Database\MySQLi\Connection->execute()
 3 SYSTEMPATH\Database\BaseConnection.php(825): CodeIgniter\Database\BaseConnection->simpleQuery()
 4 SYSTEMPATH\Database\BaseBuilder.php(2531): CodeIgniter\Database\BaseConnection->query()
 5 SYSTEMPATH\Model.php(408): CodeIgniter\Database\BaseBuilder->update()
 6 SYSTEMPATH\BaseModel.php(1074): CodeIgniter\Model->doUpdate()
 7 SYSTEMPATH\Model.php(711): CodeIgniter\BaseModel->update()
 8 APPPATH\Controllers\Admin\Products.php(231): CodeIgniter\Model->update()
 9 SYSTEMPATH\CodeIgniter.php(974): App\Controllers\Admin\Products->update()
10 SYSTEMPATH\CodeIgniter.php(520): CodeIgniter\CodeIgniter->runController()
11 SYSTEMPATH\CodeIgniter.php(363): CodeIgniter\CodeIgniter->handleRequest()
12 SYSTEMPATH\Boot.php(417): CodeIgniter\CodeIgniter->run()
13 SYSTEMPATH\Boot.php(68): CodeIgniter\Boot::runCodeIgniter()
14 FCPATH\index.php(59): CodeIgniter\Boot::bootWeb()
15 SYSTEMPATH\rewrite.php(44): require_once('C:\\Sistemas\\Dias Imports\\Dias Importes - Marketing v2\\dias_imports_v2\\public\\index.php')
CRITICAL - 2026-08-23 20:48:21 --> CodeIgniter\Database\Exceptions\DatabaseException: Unknown column 'cta_icon' in 'field list'
[Method: POST, Route: produtos/1/editar]
in SYSTEMPATH\Database\BaseConnection.php on line 863.
 1 SYSTEMPATH\Database\BaseBuilder.php(2531): CodeIgniter\Database\BaseConnection->query()
 2 SYSTEMPATH\Model.php(408): CodeIgniter\Database\BaseBuilder->update()
 3 SYSTEMPATH\BaseModel.php(1074): CodeIgniter\Model->doUpdate()
 4 SYSTEMPATH\Model.php(711): CodeIgniter\BaseModel->update()
 5 APPPATH\Controllers\Admin\Products.php(231): CodeIgniter\Model->update()
 6 SYSTEMPATH\CodeIgniter.php(974): App\Controllers\Admin\Products->update()
 7 SYSTEMPATH\CodeIgniter.php(520): CodeIgniter\CodeIgniter->runController()
 8 SYSTEMPATH\CodeIgniter.php(363): CodeIgniter\CodeIgniter->handleRequest()
 9 SYSTEMPATH\Boot.php(417): CodeIgniter\CodeIgniter->run()
10 SYSTEMPATH\Boot.php(68): CodeIgniter\Boot::runCodeIgniter()
11 FCPATH\index.php(59): CodeIgniter\Boot::bootWeb()
12 SYSTEMPATH\rewrite.php(44): require_once('C:\\Sistemas\\Dias Imports\\Dias Importes - Marketing v2\\dias_imports_v2\\public\\index.php')
CRITICAL - 2026-08-23 20:48:21 --> [Caused by] CodeIgniter\Database\Exceptions\DatabaseException: Unknown column 'cta_icon' in 'field list'
in SYSTEMPATH\Database\MySQLi\Connection.php on line 310.
 1 SYSTEMPATH\Database\BaseConnection.php(908): CodeIgniter\Database\MySQLi\Connection->execute()
 2 SYSTEMPATH\Database\BaseConnection.php(825): CodeIgniter\Database\BaseConnection->simpleQuery()
 3 SYSTEMPATH\Database\BaseBuilder.php(2531): CodeIgniter\Database\BaseConnection->query()
 4 SYSTEMPATH\Model.php(408): CodeIgniter\Database\BaseBuilder->update()
 5 SYSTEMPATH\BaseModel.php(1074): CodeIgniter\Model->doUpdate()
 6 SYSTEMPATH\Model.php(711): CodeIgniter\BaseModel->update()
 7 APPPATH\Controllers\Admin\Products.php(231): CodeIgniter\Model->update()
 8 SYSTEMPATH\CodeIgniter.php(974): App\Controllers\Admin\Products->update()
 9 SYSTEMPATH\CodeIgniter.php(520): CodeIgniter\CodeIgniter->runController()
10 SYSTEMPATH\CodeIgniter.php(363): CodeIgniter\CodeIgniter->handleRequest()
11 SYSTEMPATH\Boot.php(417): CodeIgniter\CodeIgniter->run()
12 SYSTEMPATH\Boot.php(68): CodeIgniter\Boot::runCodeIgniter()
13 FCPATH\index.php(59): CodeIgniter\Boot::bootWeb()
14 SYSTEMPATH\rewrite.php(44): require_once('C:\\Sistemas\\Dias Imports\\Dias Importes - Marketing v2\\dias_imports_v2\\public\\index.php')
CRITICAL - 2026-08-23 20:48:21 --> [Caused by] mysqli_sql_exception: Unknown column 'cta_icon' in 'field list'
in SYSTEMPATH\Database\MySQLi\Connection.php on line 300.
 1 SYSTEMPATH\Database\MySQLi\Connection.php(300): mysqli->query()
 2 SYSTEMPATH\Database\BaseConnection.php(908): CodeIgniter\Database\MySQLi\Connection->execute()
 3 SYSTEMPATH\Database\BaseConnection.php(825): CodeIgniter\Database\BaseConnection->simpleQuery()
 4 SYSTEMPATH\Database\BaseBuilder.php(2531): CodeIgniter\Database\BaseConnection->query()
 5 SYSTEMPATH\Model.php(408): CodeIgniter\Database\BaseBuilder->update()
 6 SYSTEMPATH\BaseModel.php(1074): CodeIgniter\Model->doUpdate()
 7 SYSTEMPATH\Model.php(711): CodeIgniter\BaseModel->update()
 8 APPPATH\Controllers\Admin\Products.php(231): CodeIgniter\Model->update()
 9 SYSTEMPATH\CodeIgniter.php(974): App\Controllers\Admin\Products->update()
10 SYSTEMPATH\CodeIgniter.php(520): CodeIgniter\CodeIgniter->runController()
11 SYSTEMPATH\CodeIgniter.php(363): CodeIgniter\CodeIgniter->handleRequest()
12 SYSTEMPATH\Boot.php(417): CodeIgniter\CodeIgniter->run()
13 SYSTEMPATH\Boot.php(68): CodeIgniter\Boot::runCodeIgniter()
14 FCPATH\index.php(59): CodeIgniter\Boot::bootWeb()
15 SYSTEMPATH\rewrite.php(44): require_once('C:\\Sistemas\\Dias Imports\\Dias Importes - Marketing v2\\dias_imports_v2\\public\\index.php')
DEBUG - 2026-08-23 20:48:27 --> Session: Class initialized using 'CodeIgniter\Session\Handlers\FileHandler' driver.
DEBUG - 2026-08-23 20:48:28 --> Session: Class initialized using 'CodeIgniter\Session\Handlers\FileHandler' driver.
DEBUG - 2026-08-23 20:48:31 --> Session: Class initialized using 'CodeIgniter\Session\Handlers\FileHandler' driver.
DEBUG - 2026-08-23 20:48:34 --> Session: Class initialized using 'CodeIgniter\Session\Handlers\FileHandler' driver.
INFO - 2026-08-23 20:48:34 --> CSRF token verified.
ERROR - 2026-08-23 20:48:34 --> Unknown column 'cta_icon' in 'field list'
in SYSTEMPATH\Database\MySQLi\Connection.php on line 300.
 1 SYSTEMPATH\Database\MySQLi\Connection.php(300): mysqli->query()
 2 SYSTEMPATH\Database\BaseConnection.php(908): CodeIgniter\Database\MySQLi\Connection->execute()
 3 SYSTEMPATH\Database\BaseConnection.php(825): CodeIgniter\Database\BaseConnection->simpleQuery()
 4 SYSTEMPATH\Database\BaseBuilder.php(2531): CodeIgniter\Database\BaseConnection->query()
 5 SYSTEMPATH\Model.php(408): CodeIgniter\Database\BaseBuilder->update()
 6 SYSTEMPATH\BaseModel.php(1074): CodeIgniter\Model->doUpdate()
 7 SYSTEMPATH\Model.php(711): CodeIgniter\BaseModel->update()
 8 APPPATH\Controllers\Admin\Products.php(231): CodeIgniter\Model->update()
 9 SYSTEMPATH\CodeIgniter.php(974): App\Controllers\Admin\Products->update()
10 SYSTEMPATH\CodeIgniter.php(520): CodeIgniter\CodeIgniter->runController()
11 SYSTEMPATH\CodeIgniter.php(363): CodeIgniter\CodeIgniter->handleRequest()
12 SYSTEMPATH\Boot.php(417): CodeIgniter\CodeIgniter->run()
13 SYSTEMPATH\Boot.php(68): CodeIgniter\Boot::runCodeIgniter()
14 FCPATH\index.php(59): CodeIgniter\Boot::bootWeb()
15 SYSTEMPATH\rewrite.php(44): require_once('C:\\Sistemas\\Dias Imports\\Dias Importes - Marketing v2\\dias_imports_v2\\public\\index.php')
CRITICAL - 2026-08-23 20:48:34 --> CodeIgniter\Database\Exceptions\DatabaseException: Unknown column 'cta_icon' in 'field list'
[Method: POST, Route: produtos/1/editar]
in SYSTEMPATH\Database\BaseConnection.php on line 863.
 1 SYSTEMPATH\Database\BaseBuilder.php(2531): CodeIgniter\Database\BaseConnection->query()
 2 SYSTEMPATH\Model.php(408): CodeIgniter\Database\BaseBuilder->update()
 3 SYSTEMPATH\BaseModel.php(1074): CodeIgniter\Model->doUpdate()
 4 SYSTEMPATH\Model.php(711): CodeIgniter\BaseModel->update()
 5 APPPATH\Controllers\Admin\Products.php(231): CodeIgniter\Model->update()
 6 SYSTEMPATH\CodeIgniter.php(974): App\Controllers\Admin\Products->update()
 7 SYSTEMPATH\CodeIgniter.php(520): CodeIgniter\CodeIgniter->runController()
 8 SYSTEMPATH\CodeIgniter.php(363): CodeIgniter\CodeIgniter->handleRequest()
 9 SYSTEMPATH\Boot.php(417): CodeIgniter\CodeIgniter->run()
10 SYSTEMPATH\Boot.php(68): CodeIgniter\Boot::runCodeIgniter()
11 FCPATH\index.php(59): CodeIgniter\Boot::bootWeb()
12 SYSTEMPATH\rewrite.php(44): require_once('C:\\Sistemas\\Dias Imports\\Dias Importes - Marketing v2\\dias_imports_v2\\public\\index.php')
CRITICAL - 2026-08-23 20:48:34 --> [Caused by] CodeIgniter\Database\Exceptions\DatabaseException: Unknown column 'cta_icon' in 'field list'
in SYSTEMPATH\Database\MySQLi\Connection.php on line 310.
 1 SYSTEMPATH\Database\BaseConnection.php(908): CodeIgniter\Database\MySQLi\Connection->execute()
 2 SYSTEMPATH\Database\BaseConnection.php(825): CodeIgniter\Database\BaseConnection->simpleQuery()
 3 SYSTEMPATH\Database\BaseBuilder.php(2531): CodeIgniter\Database\BaseConnection->query()
 4 SYSTEMPATH\Model.php(408): CodeIgniter\Database\BaseBuilder->update()
 5 SYSTEMPATH\BaseModel.php(1074): CodeIgniter\Model->doUpdate()
 6 SYSTEMPATH\Model.php(711): CodeIgniter\BaseModel->update()
 7 APPPATH\Controllers\Admin\Products.php(231): CodeIgniter\Model->update()
 8 SYSTEMPATH\CodeIgniter.php(974): App\Controllers\Admin\Products->update()
 9 SYSTEMPATH\CodeIgniter.php(520): CodeIgniter\CodeIgniter->runController()
10 SYSTEMPATH\CodeIgniter.php(363): CodeIgniter\CodeIgniter->handleRequest()
11 SYSTEMPATH\Boot.php(417): CodeIgniter\CodeIgniter->run()
12 SYSTEMPATH\Boot.php(68): CodeIgniter\Boot::runCodeIgniter()
13 FCPATH\index.php(59): CodeIgniter\Boot::bootWeb()
14 SYSTEMPATH\rewrite.php(44): require_once('C:\\Sistemas\\Dias Imports\\Dias Importes - Marketing v2\\dias_imports_v2\\public\\index.php')
CRITICAL - 2026-08-23 20:48:34 --> [Caused by] mysqli_sql_exception: Unknown column 'cta_icon' in 'field list'
in SYSTEMPATH\Database\MySQLi\Connection.php on line 300.
 1 SYSTEMPATH\Database\MySQLi\Connection.php(300): mysqli->query()
 2 SYSTEMPATH\Database\BaseConnection.php(908): CodeIgniter\Database\MySQLi\Connection->execute()
 3 SYSTEMPATH\Database\BaseConnection.php(825): CodeIgniter\Database\BaseConnection->simpleQuery()
 4 SYSTEMPATH\Database\BaseBuilder.php(2531): CodeIgniter\Database\BaseConnection->query()
 5 SYSTEMPATH\Model.php(408): CodeIgniter\Database\BaseBuilder->update()
 6 SYSTEMPATH\BaseModel.php(1074): CodeIgniter\Model->doUpdate()
 7 SYSTEMPATH\Model.php(711): CodeIgniter\BaseModel->update()
 8 APPPATH\Controllers\Admin\Products.php(231): CodeIgniter\Model->update()
 9 SYSTEMPATH\CodeIgniter.php(974): App\Controllers\Admin\Products->update()
10 SYSTEMPATH\CodeIgniter.php(520): CodeIgniter\CodeIgniter->runController()
11 SYSTEMPATH\CodeIgniter.php(363): CodeIgniter\CodeIgniter->handleRequest()
12 SYSTEMPATH\Boot.php(417): CodeIgniter\CodeIgniter->run()
13 SYSTEMPATH\Boot.php(68): CodeIgniter\Boot::runCodeIgniter()
14 FCPATH\index.php(59): CodeIgniter\Boot::bootWeb()
15 SYSTEMPATH\rewrite.php(44): require_once('C:\\Sistemas\\Dias Imports\\Dias Importes - Marketing v2\\dias_imports_v2\\public\\index.php')
DEBUG - 2026-08-23 20:49:01 --> Session: Class initialized using 'CodeIgniter\Session\Handlers\FileHandler' driver.
DEBUG - 2026-08-23 20:49:31 --> Session: Class initialized using 'CodeIgniter\Session\Handlers\FileHandler' driver.
DEBUG - 2026-08-23 20:50:01 --> Session: Class initialized using 'CodeIgniter\Session\Handlers\FileHandler' driver.
DEBUG - 2026-08-23 20:50:31 --> Session: Class initialized using 'CodeIgniter\Session\Handlers\FileHandler' driver.
DEBUG - 2026-08-23 20:51:01 --> Session: Class initialized using 'CodeIgniter\Session\Handlers\FileHandler' driver.
DEBUG - 2026-08-23 20:51:31 --> Session: Class initialized using 'CodeIgniter\Session\Handlers\FileHandler' driver.
DEBUG - 2026-08-23 20:52:01 --> Session: Class initialized using 'CodeIgniter\Session\Handlers\FileHandler' driver.
DEBUG - 2026-08-23 20:52:09 --> Session: Class initialized using 'CodeIgniter\Session\Handlers\FileHandler' driver.
INFO - 2026-08-23 20:52:09 --> CSRF token verified.
ERROR - 2026-08-23 20:52:09 --> Unknown column 'cta_icon' in 'field list'
in SYSTEMPATH\Database\MySQLi\Connection.php on line 300.
 1 SYSTEMPATH\Database\MySQLi\Connection.php(300): mysqli->query()
 2 SYSTEMPATH\Database\BaseConnection.php(908): CodeIgniter\Database\MySQLi\Connection->execute()
 3 SYSTEMPATH\Database\BaseConnection.php(825): CodeIgniter\Database\BaseConnection->simpleQuery()
 4 SYSTEMPATH\Database\BaseBuilder.php(2531): CodeIgniter\Database\BaseConnection->query()
 5 SYSTEMPATH\Model.php(408): CodeIgniter\Database\BaseBuilder->update()
 6 SYSTEMPATH\BaseModel.php(1074): CodeIgniter\Model->doUpdate()
 7 SYSTEMPATH\Model.php(711): CodeIgniter\BaseModel->update()
 8 APPPATH\Controllers\Admin\Products.php(231): CodeIgniter\Model->update()
 9 SYSTEMPATH\CodeIgniter.php(974): App\Controllers\Admin\Products->update()
10 SYSTEMPATH\CodeIgniter.php(520): CodeIgniter\CodeIgniter->runController()
11 SYSTEMPATH\CodeIgniter.php(363): CodeIgniter\CodeIgniter->handleRequest()
12 SYSTEMPATH\Boot.php(417): CodeIgniter\CodeIgniter->run()
13 SYSTEMPATH\Boot.php(68): CodeIgniter\Boot::runCodeIgniter()
14 FCPATH\index.php(59): CodeIgniter\Boot::bootWeb()
15 SYSTEMPATH\rewrite.php(44): require_once('C:\\Sistemas\\Dias Imports\\Dias Importes - Marketing v2\\dias_imports_v2\\public\\index.php')
CRITICAL - 2026-08-23 20:52:09 --> CodeIgniter\Database\Exceptions\DatabaseException: Unknown column 'cta_icon' in 'field list'
[Method: POST, Route: produtos/1/editar]
in SYSTEMPATH\Database\BaseConnection.php on line 863.
 1 SYSTEMPATH\Database\BaseBuilder.php(2531): CodeIgniter\Database\BaseConnection->query()
 2 SYSTEMPATH\Model.php(408): CodeIgniter\Database\BaseBuilder->update()
 3 SYSTEMPATH\BaseModel.php(1074): CodeIgniter\Model->doUpdate()
 4 SYSTEMPATH\Model.php(711): CodeIgniter\BaseModel->update()
 5 APPPATH\Controllers\Admin\Products.php(231): CodeIgniter\Model->update()
 6 SYSTEMPATH\CodeIgniter.php(974): App\Controllers\Admin\Products->update()
 7 SYSTEMPATH\CodeIgniter.php(520): CodeIgniter\CodeIgniter->runController()
 8 SYSTEMPATH\CodeIgniter.php(363): CodeIgniter\CodeIgniter->handleRequest()
 9 SYSTEMPATH\Boot.php(417): CodeIgniter\CodeIgniter->run()
10 SYSTEMPATH\Boot.php(68): CodeIgniter\Boot::runCodeIgniter()
11 FCPATH\index.php(59): CodeIgniter\Boot::bootWeb()
12 SYSTEMPATH\rewrite.php(44): require_once('C:\\Sistemas\\Dias Imports\\Dias Importes - Marketing v2\\dias_imports_v2\\public\\index.php')
CRITICAL - 2026-08-23 20:52:09 --> [Caused by] CodeIgniter\Database\Exceptions\DatabaseException: Unknown column 'cta_icon' in 'field list'
in SYSTEMPATH\Database\MySQLi\Connection.php on line 310.
 1 SYSTEMPATH\Database\BaseConnection.php(908): CodeIgniter\Database\MySQLi\Connection->execute()
 2 SYSTEMPATH\Database\BaseConnection.php(825): CodeIgniter\Database\BaseConnection->simpleQuery()
 3 SYSTEMPATH\Database\BaseBuilder.php(2531): CodeIgniter\Database\BaseConnection->query()
 4 SYSTEMPATH\Model.php(408): CodeIgniter\Database\BaseBuilder->update()
 5 SYSTEMPATH\BaseModel.php(1074): CodeIgniter\Model->doUpdate()
 6 SYSTEMPATH\Model.php(711): CodeIgniter\BaseModel->update()
 7 APPPATH\Controllers\Admin\Products.php(231): CodeIgniter\Model->update()
 8 SYSTEMPATH\CodeIgniter.php(974): App\Controllers\Admin\Products->update()
 9 SYSTEMPATH\CodeIgniter.php(520): CodeIgniter\CodeIgniter->runController()
10 SYSTEMPATH\CodeIgniter.php(363): CodeIgniter\CodeIgniter->handleRequest()
11 SYSTEMPATH\Boot.php(417): CodeIgniter\CodeIgniter->run()
12 SYSTEMPATH\Boot.php(68): CodeIgniter\Boot::runCodeIgniter()
13 FCPATH\index.php(59): CodeIgniter\Boot::bootWeb()
14 SYSTEMPATH\rewrite.php(44): require_once('C:\\Sistemas\\Dias Imports\\Dias Importes - Marketing v2\\dias_imports_v2\\public\\index.php')
CRITICAL - 2026-08-23 20:52:09 --> [Caused by] mysqli_sql_exception: Unknown column 'cta_icon' in 'field list'
in SYSTEMPATH\Database\MySQLi\Connection.php on line 300.
 1 SYSTEMPATH\Database\MySQLi\Connection.php(300): mysqli->query()
 2 SYSTEMPATH\Database\BaseConnection.php(908): CodeIgniter\Database\MySQLi\Connection->execute()
 3 SYSTEMPATH\Database\BaseConnection.php(825): CodeIgniter\Database\BaseConnection->simpleQuery()
 4 SYSTEMPATH\Database\BaseBuilder.php(2531): CodeIgniter\Database\BaseConnection->query()
 5 SYSTEMPATH\Model.php(408): CodeIgniter\Database\BaseBuilder->update()
 6 SYSTEMPATH\BaseModel.php(1074): CodeIgniter\Model->doUpdate()
 7 SYSTEMPATH\Model.php(711): CodeIgniter\BaseModel->update()
 8 APPPATH\Controllers\Admin\Products.php(231): CodeIgniter\Model->update()
 9 SYSTEMPATH\CodeIgniter.php(974): App\Controllers\Admin\Products->update()
10 SYSTEMPATH\CodeIgniter.php(520): CodeIgniter\CodeIgniter->runController()
11 SYSTEMPATH\CodeIgniter.php(363): CodeIgniter\CodeIgniter->handleRequest()
12 SYSTEMPATH\Boot.php(417): CodeIgniter\CodeIgniter->run()
13 SYSTEMPATH\Boot.php(68): CodeIgniter\Boot::runCodeIgniter()
14 FCPATH\index.php(59): CodeIgniter\Boot::bootWeb()
15 SYSTEMPATH\rewrite.php(44): require_once('C:\\Sistemas\\Dias Imports\\Dias Importes - Marketing v2\\dias_imports_v2\\public\\index.php')
DEBUG - 2026-08-23 20:52:13 --> Session: Class initialized using 'CodeIgniter\Session\Handlers\FileHandler' driver.
DEBUG - 2026-08-23 20:52:14 --> Session: Class initialized using 'CodeIgniter\Session\Handlers\FileHandler' driver.
DEBUG - 2026-08-23 20:52:19 --> Session: Class initialized using 'CodeIgniter\Session\Handlers\FileHandler' driver.
DEBUG - 2026-08-23 20:52:20 --> Session: Class initialized using 'CodeIgniter\Session\Handlers\FileHandler' driver.
DEBUG - 2026-08-23 20:52:23 --> Session: Class initialized using 'CodeIgniter\Session\Handlers\FileHandler' driver.
INFO - 2026-08-23 20:52:23 --> CSRF token verified.
ERROR - 2026-08-23 20:52:24 --> Unknown column 'cta_icon' in 'field list'
in SYSTEMPATH\Database\MySQLi\Connection.php on line 300.
 1 SYSTEMPATH\Database\MySQLi\Connection.php(300): mysqli->query()
 2 SYSTEMPATH\Database\BaseConnection.php(908): CodeIgniter\Database\MySQLi\Connection->execute()
 3 SYSTEMPATH\Database\BaseConnection.php(825): CodeIgniter\Database\BaseConnection->simpleQuery()
 4 SYSTEMPATH\Database\BaseBuilder.php(2531): CodeIgniter\Database\BaseConnection->query()
 5 SYSTEMPATH\Model.php(408): CodeIgniter\Database\BaseBuilder->update()
 6 SYSTEMPATH\BaseModel.php(1074): CodeIgniter\Model->doUpdate()
 7 SYSTEMPATH\Model.php(711): CodeIgniter\BaseModel->update()
 8 APPPATH\Controllers\Admin\Products.php(231): CodeIgniter\Model->update()
 9 SYSTEMPATH\CodeIgniter.php(974): App\Controllers\Admin\Products->update()
10 SYSTEMPATH\CodeIgniter.php(520): CodeIgniter\CodeIgniter->runController()
11 SYSTEMPATH\CodeIgniter.php(363): CodeIgniter\CodeIgniter->handleRequest()
12 SYSTEMPATH\Boot.php(417): CodeIgniter\CodeIgniter->run()
13 SYSTEMPATH\Boot.php(68): CodeIgniter\Boot::runCodeIgniter()
14 FCPATH\index.php(59): CodeIgniter\Boot::bootWeb()
15 SYSTEMPATH\rewrite.php(44): require_once('C:\\Sistemas\\Dias Imports\\Dias Importes - Marketing v2\\dias_imports_v2\\public\\index.php')
CRITICAL - 2026-08-23 20:52:24 --> CodeIgniter\Database\Exceptions\DatabaseException: Unknown column 'cta_icon' in 'field list'
[Method: POST, Route: produtos/1/editar]
in SYSTEMPATH\Database\BaseConnection.php on line 863.
 1 SYSTEMPATH\Database\BaseBuilder.php(2531): CodeIgniter\Database\BaseConnection->query()
 2 SYSTEMPATH\Model.php(408): CodeIgniter\Database\BaseBuilder->update()
 3 SYSTEMPATH\BaseModel.php(1074): CodeIgniter\Model->doUpdate()
 4 SYSTEMPATH\Model.php(711): CodeIgniter\BaseModel->update()
 5 APPPATH\Controllers\Admin\Products.php(231): CodeIgniter\Model->update()
 6 SYSTEMPATH\CodeIgniter.php(974): App\Controllers\Admin\Products->update()
 7 SYSTEMPATH\CodeIgniter.php(520): CodeIgniter\CodeIgniter->runController()
 8 SYSTEMPATH\CodeIgniter.php(363): CodeIgniter\CodeIgniter->handleRequest()
 9 SYSTEMPATH\Boot.php(417): CodeIgniter\CodeIgniter->run()
10 SYSTEMPATH\Boot.php(68): CodeIgniter\Boot::runCodeIgniter()
11 FCPATH\index.php(59): CodeIgniter\Boot::bootWeb()
12 SYSTEMPATH\rewrite.php(44): require_once('C:\\Sistemas\\Dias Imports\\Dias Importes - Marketing v2\\dias_imports_v2\\public\\index.php')
CRITICAL - 2026-08-23 20:52:24 --> [Caused by] CodeIgniter\Database\Exceptions\DatabaseException: Unknown column 'cta_icon' in 'field list'
in SYSTEMPATH\Database\MySQLi\Connection.php on line 310.
 1 SYSTEMPATH\Database\BaseConnection.php(908): CodeIgniter\Database\MySQLi\Connection->execute()
 2 SYSTEMPATH\Database\BaseConnection.php(825): CodeIgniter\Database\BaseConnection->simpleQuery()
 3 SYSTEMPATH\Database\BaseBuilder.php(2531): CodeIgniter\Database\BaseConnection->query()
 4 SYSTEMPATH\Model.php(408): CodeIgniter\Database\BaseBuilder->update()
 5 SYSTEMPATH\BaseModel.php(1074): CodeIgniter\Model->doUpdate()
 6 SYSTEMPATH\Model.php(711): CodeIgniter\BaseModel->update()
 7 APPPATH\Controllers\Admin\Products.php(231): CodeIgniter\Model->update()
 8 SYSTEMPATH\CodeIgniter.php(974): App\Controllers\Admin\Products->update()
 9 SYSTEMPATH\CodeIgniter.php(520): CodeIgniter\CodeIgniter->runController()
10 SYSTEMPATH\CodeIgniter.php(363): CodeIgniter\CodeIgniter->handleRequest()
11 SYSTEMPATH\Boot.php(417): CodeIgniter\CodeIgniter->run()
12 SYSTEMPATH\Boot.php(68): CodeIgniter\Boot::runCodeIgniter()
13 FCPATH\index.php(59): CodeIgniter\Boot::bootWeb()
14 SYSTEMPATH\rewrite.php(44): require_once('C:\\Sistemas\\Dias Imports\\Dias Importes - Marketing v2\\dias_imports_v2\\public\\index.php')
CRITICAL - 2026-08-23 20:52:24 --> [Caused by] mysqli_sql_exception: Unknown column 'cta_icon' in 'field list'
in SYSTEMPATH\Database\MySQLi\Connection.php on line 300.
 1 SYSTEMPATH\Database\MySQLi\Connection.php(300): mysqli->query()
 2 SYSTEMPATH\Database\BaseConnection.php(908): CodeIgniter\Database\MySQLi\Connection->execute()
 3 SYSTEMPATH\Database\BaseConnection.php(825): CodeIgniter\Database\BaseConnection->simpleQuery()
 4 SYSTEMPATH\Database\BaseBuilder.php(2531): CodeIgniter\Database\BaseConnection->query()
 5 SYSTEMPATH\Model.php(408): CodeIgniter\Database\BaseBuilder->update()
 6 SYSTEMPATH\BaseModel.php(1074): CodeIgniter\Model->doUpdate()
 7 SYSTEMPATH\Model.php(711): CodeIgniter\BaseModel->update()
 8 APPPATH\Controllers\Admin\Products.php(231): CodeIgniter\Model->update()
 9 SYSTEMPATH\CodeIgniter.php(974): App\Controllers\Admin\Products->update()
10 SYSTEMPATH\CodeIgniter.php(520): CodeIgniter\CodeIgniter->runController()
11 SYSTEMPATH\CodeIgniter.php(363): CodeIgniter\CodeIgniter->handleRequest()
12 SYSTEMPATH\Boot.php(417): CodeIgniter\CodeIgniter->run()
13 SYSTEMPATH\Boot.php(68): CodeIgniter\Boot::runCodeIgniter()
14 FCPATH\index.php(59): CodeIgniter\Boot::bootWeb()
15 SYSTEMPATH\rewrite.php(44): require_once('C:\\Sistemas\\Dias Imports\\Dias Importes - Marketing v2\\dias_imports_v2\\public\\index.php')
DEBUG - 2026-08-23 20:52:31 --> Session: Class initialized using 'CodeIgniter\Session\Handlers\FileHandler' driver.
DEBUG - 2026-08-23 20:53:01 --> Session: Class initialized using 'CodeIgniter\Session\Handlers\FileHandler' driver.
DEBUG - 2026-08-23 20:53:14 --> Session: Class initialized using 'CodeIgniter\Session\Handlers\FileHandler' driver.
DEBUG - 2026-08-23 20:53:15 --> Session: Class initialized using 'CodeIgniter\Session\Handlers\FileHandler' driver.
DEBUG - 2026-08-23 20:53:36 --> Session: Class initialized using 'CodeIgniter\Session\Handlers\FileHandler' driver.
INFO - 2026-08-23 20:53:36 --> CSRF token verified.
DEBUG - 2026-08-23 20:53:37 --> Session: Class initialized using 'CodeIgniter\Session\Handlers\FileHandler' driver.
DEBUG - 2026-08-23 20:53:38 --> Session: Class initialized using 'CodeIgniter\Session\Handlers\FileHandler' driver.
DEBUG - 2026-08-23 20:53:45 --> Session: Class initialized using 'CodeIgniter\Session\Handlers\FileHandler' driver.
DEBUG - 2026-08-23 20:53:53 --> Session: Class initialized using 'CodeIgniter\Session\Handlers\FileHandler' driver.
INFO - 2026-08-23 20:53:53 --> CSRF token verified.
DEBUG - 2026-08-23 20:53:54 --> Session: Class initialized using 'CodeIgniter\Session\Handlers\FileHandler' driver.
DEBUG - 2026-08-23 20:53:55 --> Session: Class initialized using 'CodeIgniter\Session\Handlers\FileHandler' driver.
DEBUG - 2026-08-23 20:54:15 --> Session: Class initialized using 'CodeIgniter\Session\Handlers\FileHandler' driver.
DEBUG - 2026-08-23 20:54:25 --> Session: Class initialized using 'CodeIgniter\Session\Handlers\FileHandler' driver.
DEBUG - 2026-08-23 20:54:45 --> Session: Class initialized using 'CodeIgniter\Session\Handlers\FileHandler' driver.
DEBUG - 2026-08-23 20:54:55 --> Session: Class initialized using 'CodeIgniter\Session\Handlers\FileHandler' driver.
DEBUG - 2026-08-23 20:55:15 --> Session: Class initialized using 'CodeIgniter\Session\Handlers\FileHandler' driver.
DEBUG - 2026-08-23 20:55:23 --> Session: Class initialized using 'CodeIgniter\Session\Handlers\FileHandler' driver.
INFO - 2026-08-23 20:55:23 --> CSRF token verified.
DEBUG - 2026-08-23 20:55:24 --> Session: Class initialized using 'CodeIgniter\Session\Handlers\FileHandler' driver.
DEBUG - 2026-08-23 20:55:25 --> Session: Class initialized using 'CodeIgniter\Session\Handlers\FileHandler' driver.
DEBUG - 2026-08-23 20:55:28 --> Session: Class initialized using 'CodeIgniter\Session\Handlers\FileHandler' driver.
DEBUG - 2026-08-23 20:55:45 --> Session: Class initialized using 'CodeIgniter\Session\Handlers\FileHandler' driver.
DEBUG - 2026-08-23 20:55:58 --> Session: Class initialized using 'CodeIgniter\Session\Handlers\FileHandler' driver.
DEBUG - 2026-08-23 20:56:15 --> Session: Class initialized using 'CodeIgniter\Session\Handlers\FileHandler' driver.
DEBUG - 2026-08-23 20:56:28 --> Session: Class initialized using 'CodeIgniter\Session\Handlers\FileHandler' driver.
DEBUG - 2026-08-23 20:56:45 --> Session: Class initialized using 'CodeIgniter\Session\Handlers\FileHandler' driver.
DEBUG - 2026-08-23 20:56:58 --> Session: Class initialized using 'CodeIgniter\Session\Handlers\FileHandler' driver.
DEBUG - 2026-08-23 20:57:18 --> Session: Class initialized using 'CodeIgniter\Session\Handlers\FileHandler' driver.
DEBUG - 2026-08-23 20:57:28 --> Session: Class initialized using 'CodeIgniter\Session\Handlers\FileHandler' driver.
DEBUG - 2026-08-23 20:57:58 --> Session: Class initialized using 'CodeIgniter\Session\Handlers\FileHandler' driver.
DEBUG - 2026-08-23 20:58:18 --> Session: Class initialized using 'CodeIgniter\Session\Handlers\FileHandler' driver.
DEBUG - 2026-08-23 20:58:28 --> Session: Class initialized using 'CodeIgniter\Session\Handlers\FileHandler' driver.
DEBUG - 2026-08-23 20:58:58 --> Session: Class initialized using 'CodeIgniter\Session\Handlers\FileHandler' driver.
DEBUG - 2026-08-23 20:59:09 --> Session: Class initialized using 'CodeIgniter\Session\Handlers\FileHandler' driver.
INFO - 2026-08-23 20:59:09 --> CSRF token verified.
DEBUG - 2026-08-23 20:59:10 --> Session: Class initialized using 'CodeIgniter\Session\Handlers\FileHandler' driver.
DEBUG - 2026-08-23 20:59:11 --> Session: Class initialized using 'CodeIgniter\Session\Handlers\FileHandler' driver.
DEBUG - 2026-08-23 20:59:18 --> Session: Class initialized using 'CodeIgniter\Session\Handlers\FileHandler' driver.
DEBUG - 2026-08-23 20:59:41 --> Session: Class initialized using 'CodeIgniter\Session\Handlers\FileHandler' driver.
DEBUG - 2026-08-23 21:00:11 --> Session: Class initialized using 'CodeIgniter\Session\Handlers\FileHandler' driver.
DEBUG - 2026-08-23 21:00:18 --> Session: Class initialized using 'CodeIgniter\Session\Handlers\FileHandler' driver.
DEBUG - 2026-08-23 21:00:41 --> Session: Class initialized using 'CodeIgniter\Session\Handlers\FileHandler' driver.
DEBUG - 2026-08-23 21:01:11 --> Session: Class initialized using 'CodeIgniter\Session\Handlers\FileHandler' driver.
DEBUG - 2026-08-23 21:01:18 --> Session: Class initialized using 'CodeIgniter\Session\Handlers\FileHandler' driver.
DEBUG - 2026-08-23 21:01:38 --> Session: Class initialized using 'CodeIgniter\Session\Handlers\FileHandler' driver.
INFO - 2026-08-23 21:01:38 --> CSRF token verified.
DEBUG - 2026-08-23 21:01:39 --> Session: Class initialized using 'CodeIgniter\Session\Handlers\FileHandler' driver.
DEBUG - 2026-08-23 21:01:40 --> Session: Class initialized using 'CodeIgniter\Session\Handlers\FileHandler' driver.
DEBUG - 2026-08-23 21:02:10 --> Session: Class initialized using 'CodeIgniter\Session\Handlers\FileHandler' driver.
DEBUG - 2026-08-23 21:02:18 --> Session: Class initialized using 'CodeIgniter\Session\Handlers\FileHandler' driver.
DEBUG - 2026-08-23 21:02:40 --> Session: Class initialized using 'CodeIgniter\Session\Handlers\FileHandler' driver.
DEBUG - 2026-08-23 21:03:10 --> Session: Class initialized using 'CodeIgniter\Session\Handlers\FileHandler' driver.
DEBUG - 2026-08-23 21:03:18 --> Session: Class initialized using 'CodeIgniter\Session\Handlers\FileHandler' driver.
DEBUG - 2026-08-23 21:03:40 --> Session: Class initialized using 'CodeIgniter\Session\Handlers\FileHandler' driver.
DEBUG - 2026-08-23 21:04:10 --> Session: Class initialized using 'CodeIgniter\Session\Handlers\FileHandler' driver.
DEBUG - 2026-08-23 21:04:18 --> Session: Class initialized using 'CodeIgniter\Session\Handlers\FileHandler' driver.
DEBUG - 2026-08-23 21:04:40 --> Session: Class initialized using 'CodeIgniter\Session\Handlers\FileHandler' driver.
DEBUG - 2026-08-23 21:05:10 --> Session: Class initialized using 'CodeIgniter\Session\Handlers\FileHandler' driver.
DEBUG - 2026-08-23 21:05:18 --> Session: Class initialized using 'CodeIgniter\Session\Handlers\FileHandler' driver.
DEBUG - 2026-08-23 21:05:40 --> Session: Class initialized using 'CodeIgniter\Session\Handlers\FileHandler' driver.
DEBUG - 2026-08-23 21:06:10 --> Session: Class initialized using 'CodeIgniter\Session\Handlers\FileHandler' driver.
DEBUG - 2026-08-23 21:06:18 --> Session: Class initialized using 'CodeIgniter\Session\Handlers\FileHandler' driver.
DEBUG - 2026-08-23 21:06:40 --> Session: Class initialized using 'CodeIgniter\Session\Handlers\FileHandler' driver.
DEBUG - 2026-08-23 21:07:10 --> Session: Class initialized using 'CodeIgniter\Session\Handlers\FileHandler' driver.
DEBUG - 2026-08-23 21:07:18 --> Session: Class initialized using 'CodeIgniter\Session\Handlers\FileHandler' driver.
DEBUG - 2026-08-23 21:07:40 --> Session: Class initialized using 'CodeIgniter\Session\Handlers\FileHandler' driver.
DEBUG - 2026-08-23 21:08:10 --> Session: Class initialized using 'CodeIgniter\Session\Handlers\FileHandler' driver.
DEBUG - 2026-08-23 21:08:18 --> Session: Class initialized using 'CodeIgniter\Session\Handlers\FileHandler' driver.
DEBUG - 2026-08-23 21:08:40 --> Session: Class initialized using 'CodeIgniter\Session\Handlers\FileHandler' driver.
DEBUG - 2026-08-23 21:09:10 --> Session: Class initialized using 'CodeIgniter\Session\Handlers\FileHandler' driver.
DEBUG - 2026-08-23 21:09:18 --> Session: Class initialized using 'CodeIgniter\Session\Handlers\FileHandler' driver.
DEBUG - 2026-08-23 21:09:40 --> Session: Class initialized using 'CodeIgniter\Session\Handlers\FileHandler' driver.
DEBUG - 2026-08-23 21:10:10 --> Session: Class initialized using 'CodeIgniter\Session\Handlers\FileHandler' driver.
DEBUG - 2026-08-23 21:10:18 --> Session: Class initialized using 'CodeIgniter\Session\Handlers\FileHandler' driver.
DEBUG - 2026-08-23 21:10:40 --> Session: Class initialized using 'CodeIgniter\Session\Handlers\FileHandler' driver.
DEBUG - 2026-08-23 21:11:10 --> Session: Class initialized using 'CodeIgniter\Session\Handlers\FileHandler' driver.
DEBUG - 2026-08-23 21:11:18 --> Session: Class initialized using 'CodeIgniter\Session\Handlers\FileHandler' driver.
DEBUG - 2026-08-23 21:11:40 --> Session: Class initialized using 'CodeIgniter\Session\Handlers\FileHandler' driver.
DEBUG - 2026-08-23 21:12:10 --> Session: Class initialized using 'CodeIgniter\Session\Handlers\FileHandler' driver.
DEBUG - 2026-08-23 21:12:18 --> Session: Class initialized using 'CodeIgniter\Session\Handlers\FileHandler' driver.
DEBUG - 2026-08-23 21:12:40 --> Session: Class initialized using 'CodeIgniter\Session\Handlers\FileHandler' driver.
DEBUG - 2026-08-23 21:13:10 --> Session: Class initialized using 'CodeIgniter\Session\Handlers\FileHandler' driver.
DEBUG - 2026-08-23 21:13:18 --> Session: Class initialized using 'CodeIgniter\Session\Handlers\FileHandler' driver.
DEBUG - 2026-08-23 21:13:40 --> Session: Class initialized using 'CodeIgniter\Session\Handlers\FileHandler' driver.
DEBUG - 2026-08-23 21:14:10 --> Session: Class initialized using 'CodeIgniter\Session\Handlers\FileHandler' driver.
DEBUG - 2026-08-23 21:14:18 --> Session: Class initialized using 'CodeIgniter\Session\Handlers\FileHandler' driver.
DEBUG - 2026-08-23 21:14:40 --> Session: Class initialized using 'CodeIgniter\Session\Handlers\FileHandler' driver.
DEBUG - 2026-08-23 21:15:10 --> Session: Class initialized using 'CodeIgniter\Session\Handlers\FileHandler' driver.
DEBUG - 2026-08-23 21:15:18 --> Session: Class initialized using 'CodeIgniter\Session\Handlers\FileHandler' driver.
DEBUG - 2026-08-23 21:15:40 --> Session: Class initialized using 'CodeIgniter\Session\Handlers\FileHandler' driver.
DEBUG - 2026-08-23 21:16:10 --> Session: Class initialized using 'CodeIgniter\Session\Handlers\FileHandler' driver.
DEBUG - 2026-08-23 21:16:18 --> Session: Class initialized using 'CodeIgniter\Session\Handlers\FileHandler' driver.
DEBUG - 2026-08-23 21:16:40 --> Session: Class initialized using 'CodeIgniter\Session\Handlers\FileHandler' driver.
DEBUG - 2026-08-23 21:17:10 --> Session: Class initialized using 'CodeIgniter\Session\Handlers\FileHandler' driver.
DEBUG - 2026-08-23 21:17:18 --> Session: Class initialized using 'CodeIgniter\Session\Handlers\FileHandler' driver.
DEBUG - 2026-08-23 21:17:40 --> Session: Class initialized using 'CodeIgniter\Session\Handlers\FileHandler' driver.
DEBUG - 2026-08-23 21:18:10 --> Session: Class initialized using 'CodeIgniter\Session\Handlers\FileHandler' driver.
DEBUG - 2026-08-23 21:18:18 --> Session: Class initialized using 'CodeIgniter\Session\Handlers\FileHandler' driver.
DEBUG - 2026-08-23 21:18:40 --> Session: Class initialized using 'CodeIgniter\Session\Handlers\FileHandler' driver.
DEBUG - 2026-08-23 21:19:10 --> Session: Class initialized using 'CodeIgniter\Session\Handlers\FileHandler' driver.
DEBUG - 2026-08-23 21:19:18 --> Session: Class initialized using 'CodeIgniter\Session\Handlers\FileHandler' driver.
DEBUG - 2026-08-23 21:19:40 --> Session: Class initialized using 'CodeIgniter\Session\Handlers\FileHandler' driver.
DEBUG - 2026-08-23 21:20:10 --> Session: Class initialized using 'CodeIgniter\Session\Handlers\FileHandler' driver.
DEBUG - 2026-08-23 21:20:18 --> Session: Class initialized using 'CodeIgniter\Session\Handlers\FileHandler' driver.
DEBUG - 2026-08-23 21:20:40 --> Session: Class initialized using 'CodeIgniter\Session\Handlers\FileHandler' driver.
DEBUG - 2026-08-23 21:21:10 --> Session: Class initialized using 'CodeIgniter\Session\Handlers\FileHandler' driver.
DEBUG - 2026-08-23 21:21:18 --> Session: Class initialized using 'CodeIgniter\Session\Handlers\FileHandler' driver.
DEBUG - 2026-08-23 21:21:40 --> Session: Class initialized using 'CodeIgniter\Session\Handlers\FileHandler' driver.
DEBUG - 2026-08-23 21:22:10 --> Session: Class initialized using 'CodeIgniter\Session\Handlers\FileHandler' driver.
DEBUG - 2026-08-23 21:22:18 --> Session: Class initialized using 'CodeIgniter\Session\Handlers\FileHandler' driver.
DEBUG - 2026-08-23 21:22:40 --> Session: Class initialized using 'CodeIgniter\Session\Handlers\FileHandler' driver.
DEBUG - 2026-08-23 21:23:10 --> Session: Class initialized using 'CodeIgniter\Session\Handlers\FileHandler' driver.
DEBUG - 2026-08-23 21:23:18 --> Session: Class initialized using 'CodeIgniter\Session\Handlers\FileHandler' driver.
DEBUG - 2026-08-23 21:23:40 --> Session: Class initialized using 'CodeIgniter\Session\Handlers\FileHandler' driver.
DEBUG - 2026-08-23 21:24:10 --> Session: Class initialized using 'CodeIgniter\Session\Handlers\FileHandler' driver.
DEBUG - 2026-08-23 21:24:18 --> Session: Class initialized using 'CodeIgniter\Session\Handlers\FileHandler' driver.
DEBUG - 2026-08-23 21:24:40 --> Session: Class initialized using 'CodeIgniter\Session\Handlers\FileHandler' driver.
DEBUG - 2026-08-23 21:25:04 --> Session: Class initialized using 'CodeIgniter\Session\Handlers\FileHandler' driver.
DEBUG - 2026-08-23 21:25:05 --> Session: Class initialized using 'CodeIgniter\Session\Handlers\FileHandler' driver.
DEBUG - 2026-08-23 21:25:18 --> Session: Class initialized using 'CodeIgniter\Session\Handlers\FileHandler' driver.
DEBUG - 2026-08-23 21:25:25 --> Session: Class initialized using 'CodeIgniter\Session\Handlers\FileHandler' driver.
DEBUG - 2026-08-23 21:25:26 --> Session: Class initialized using 'CodeIgniter\Session\Handlers\FileHandler' driver.
DEBUG - 2026-08-23 21:25:46 --> Session: Class initialized using 'CodeIgniter\Session\Handlers\FileHandler' driver.
INFO - 2026-08-23 21:25:46 --> CSRF token verified.
DEBUG - 2026-08-23 21:25:47 --> Session: Class initialized using 'CodeIgniter\Session\Handlers\FileHandler' driver.
DEBUG - 2026-08-23 21:25:50 --> Session: Class initialized using 'CodeIgniter\Session\Handlers\FileHandler' driver.
DEBUG - 2026-08-23 21:26:01 --> Session: Class initialized using 'CodeIgniter\Session\Handlers\FileHandler' driver.
INFO - 2026-08-23 21:26:01 --> CSRF token verified.
DEBUG - 2026-08-23 21:26:02 --> Session: Class initialized using 'CodeIgniter\Session\Handlers\FileHandler' driver.
DEBUG - 2026-08-23 21:26:03 --> Session: Class initialized using 'CodeIgniter\Session\Handlers\FileHandler' driver.
DEBUG - 2026-08-23 21:26:18 --> Session: Class initialized using 'CodeIgniter\Session\Handlers\FileHandler' driver.
DEBUG - 2026-08-23 21:26:33 --> Session: Class initialized using 'CodeIgniter\Session\Handlers\FileHandler' driver.
DEBUG - 2026-08-23 21:27:03 --> Session: Class initialized using 'CodeIgniter\Session\Handlers\FileHandler' driver.
DEBUG - 2026-08-23 21:27:18 --> Session: Class initialized using 'CodeIgniter\Session\Handlers\FileHandler' driver.
DEBUG - 2026-08-23 21:27:33 --> Session: Class initialized using 'CodeIgniter\Session\Handlers\FileHandler' driver.
DEBUG - 2026-08-23 21:28:03 --> Session: Class initialized using 'CodeIgniter\Session\Handlers\FileHandler' driver.
DEBUG - 2026-08-23 21:28:18 --> Session: Class initialized using 'CodeIgniter\Session\Handlers\FileHandler' driver.
DEBUG - 2026-08-23 21:28:33 --> Session: Class initialized using 'CodeIgniter\Session\Handlers\FileHandler' driver.
DEBUG - 2026-08-23 21:29:03 --> Session: Class initialized using 'CodeIgniter\Session\Handlers\FileHandler' driver.
DEBUG - 2026-08-23 21:29:18 --> Session: Class initialized using 'CodeIgniter\Session\Handlers\FileHandler' driver.
DEBUG - 2026-08-23 21:29:33 --> Session: Class initialized using 'CodeIgniter\Session\Handlers\FileHandler' driver.
DEBUG - 2026-08-23 21:29:45 --> Session: Class initialized using 'CodeIgniter\Session\Handlers\FileHandler' driver.
DEBUG - 2026-08-23 21:29:46 --> Session: Class initialized using 'CodeIgniter\Session\Handlers\FileHandler' driver.
DEBUG - 2026-08-23 21:30:16 --> Session: Class initialized using 'CodeIgniter\Session\Handlers\FileHandler' driver.
DEBUG - 2026-08-23 21:30:19 --> Session: Class initialized using 'CodeIgniter\Session\Handlers\FileHandler' driver.
DEBUG - 2026-08-23 21:30:46 --> Session: Class initialized using 'CodeIgniter\Session\Handlers\FileHandler' driver.
DEBUG - 2026-08-23 21:31:16 --> Session: Class initialized using 'CodeIgniter\Session\Handlers\FileHandler' driver.
DEBUG - 2026-08-23 21:31:19 --> Session: Class initialized using 'CodeIgniter\Session\Handlers\FileHandler' driver.
DEBUG - 2026-08-23 21:31:43 --> Session: Class initialized using 'CodeIgniter\Session\Handlers\FileHandler' driver.
DEBUG - 2026-08-23 21:31:44 --> Session: Class initialized using 'CodeIgniter\Session\Handlers\FileHandler' driver.
DEBUG - 2026-08-23 21:31:47 --> Session: Class initialized using 'CodeIgniter\Session\Handlers\FileHandler' driver.
DEBUG - 2026-08-23 21:32:14 --> Session: Class initialized using 'CodeIgniter\Session\Handlers\FileHandler' driver.
DEBUG - 2026-08-23 21:32:17 --> Session: Class initialized using 'CodeIgniter\Session\Handlers\FileHandler' driver.
DEBUG - 2026-08-23 21:32:33 --> Session: Class initialized using 'CodeIgniter\Session\Handlers\FileHandler' driver.
INFO - 2026-08-23 21:32:33 --> CSRF token verified.
DEBUG - 2026-08-23 21:32:33 --> Session: Class initialized using 'CodeIgniter\Session\Handlers\FileHandler' driver.
DEBUG - 2026-08-23 21:32:34 --> Session: Class initialized using 'CodeIgniter\Session\Handlers\FileHandler' driver.
DEBUG - 2026-08-23 21:32:46 --> Session: Class initialized using 'CodeIgniter\Session\Handlers\FileHandler' driver.
DEBUG - 2026-08-23 21:32:49 --> Session: Class initialized using 'CodeIgniter\Session\Handlers\FileHandler' driver.
INFO - 2026-08-23 21:32:49 --> CSRF token verified.
DEBUG - 2026-08-23 21:32:50 --> Session: Class initialized using 'CodeIgniter\Session\Handlers\FileHandler' driver.
DEBUG - 2026-08-23 21:32:51 --> Session: Class initialized using 'CodeIgniter\Session\Handlers\FileHandler' driver.
DEBUG - 2026-08-23 21:32:55 --> Session: Class initialized using 'CodeIgniter\Session\Handlers\FileHandler' driver.
DEBUG - 2026-08-23 21:32:56 --> Session: Class initialized using 'CodeIgniter\Session\Handlers\FileHandler' driver.
DEBUG - 2026-08-23 21:33:16 --> Session: Class initialized using 'CodeIgniter\Session\Handlers\FileHandler' driver.
DEBUG - 2026-08-23 21:33:26 --> Session: Class initialized using 'CodeIgniter\Session\Handlers\FileHandler' driver.
DEBUG - 2026-08-23 21:33:43 --> Session: Class initialized using 'CodeIgniter\Session\Handlers\FileHandler' driver.
DEBUG - 2026-08-23 21:33:44 --> Session: Class initialized using 'CodeIgniter\Session\Handlers\FileHandler' driver.
DEBUG - 2026-08-23 21:33:56 --> Session: Class initialized using 'CodeIgniter\Session\Handlers\FileHandler' driver.
DEBUG - 2026-08-23 21:34:05 --> Session: Class initialized using 'CodeIgniter\Session\Handlers\FileHandler' driver.
INFO - 2026-08-23 21:34:05 --> CSRF token verified.
DEBUG - 2026-08-23 21:34:06 --> Session: Class initialized using 'CodeIgniter\Session\Handlers\FileHandler' driver.
DEBUG - 2026-08-23 21:34:07 --> Session: Class initialized using 'CodeIgniter\Session\Handlers\FileHandler' driver.
DEBUG - 2026-08-23 21:34:26 --> Session: Class initialized using 'CodeIgniter\Session\Handlers\FileHandler' driver.
DEBUG - 2026-08-23 21:34:37 --> Session: Class initialized using 'CodeIgniter\Session\Handlers\FileHandler' driver.
DEBUG - 2026-08-23 21:34:47 --> Session: Class initialized using 'CodeIgniter\Session\Handlers\FileHandler' driver.
INFO - 2026-08-23 21:34:47 --> CSRF token verified.
DEBUG - 2026-08-23 21:34:48 --> Session: Class initialized using 'CodeIgniter\Session\Handlers\FileHandler' driver.
DEBUG - 2026-08-23 21:34:50 --> Session: Class initialized using 'CodeIgniter\Session\Handlers\FileHandler' driver.
DEBUG - 2026-08-23 21:34:56 --> Session: Class initialized using 'CodeIgniter\Session\Handlers\FileHandler' driver.
DEBUG - 2026-08-23 21:35:12 --> Session: Class initialized using 'CodeIgniter\Session\Handlers\FileHandler' driver.
DEBUG - 2026-08-23 21:35:13 --> Session: Class initialized using 'CodeIgniter\Session\Handlers\FileHandler' driver.
DEBUG - 2026-08-23 21:35:20 --> Session: Class initialized using 'CodeIgniter\Session\Handlers\FileHandler' driver.
DEBUG - 2026-08-23 21:35:26 --> Session: Class initialized using 'CodeIgniter\Session\Handlers\FileHandler' driver.
DEBUG - 2026-08-23 21:35:27 --> Session: Class initialized using 'CodeIgniter\Session\Handlers\FileHandler' driver.
DEBUG - 2026-08-23 21:35:44 --> Session: Class initialized using 'CodeIgniter\Session\Handlers\FileHandler' driver.
DEBUG - 2026-08-23 21:35:52 --> Session: Class initialized using 'CodeIgniter\Session\Handlers\FileHandler' driver.
DEBUG - 2026-08-23 21:35:53 --> Session: Class initialized using 'CodeIgniter\Session\Handlers\FileHandler' driver.
DEBUG - 2026-08-23 21:36:14 --> Session: Class initialized using 'CodeIgniter\Session\Handlers\FileHandler' driver.
DEBUG - 2026-08-23 21:36:23 --> Session: Class initialized using 'CodeIgniter\Session\Handlers\FileHandler' driver.
DEBUG - 2026-08-23 21:36:39 --> Session: Class initialized using 'CodeIgniter\Session\Handlers\FileHandler' driver.
DEBUG - 2026-08-23 21:36:41 --> Session: Class initialized using 'CodeIgniter\Session\Handlers\FileHandler' driver.
DEBUG - 2026-08-23 21:36:53 --> Session: Class initialized using 'CodeIgniter\Session\Handlers\FileHandler' driver.
DEBUG - 2026-08-23 21:37:07 --> Session: Class initialized using 'CodeIgniter\Session\Handlers\FileHandler' driver.
DEBUG - 2026-08-23 21:37:08 --> Session: Class initialized using 'CodeIgniter\Session\Handlers\FileHandler' driver.
DEBUG - 2026-08-23 21:37:11 --> Session: Class initialized using 'CodeIgniter\Session\Handlers\FileHandler' driver.
DEBUG - 2026-08-23 21:37:38 --> Session: Class initialized using 'CodeIgniter\Session\Handlers\FileHandler' driver.
DEBUG - 2026-08-23 21:37:41 --> Session: Class initialized using 'CodeIgniter\Session\Handlers\FileHandler' driver.
DEBUG - 2026-08-23 21:38:08 --> Session: Class initialized using 'CodeIgniter\Session\Handlers\FileHandler' driver.
DEBUG - 2026-08-23 21:38:11 --> Session: Class initialized using 'CodeIgniter\Session\Handlers\FileHandler' driver.
DEBUG - 2026-08-23 21:38:38 --> Session: Class initialized using 'CodeIgniter\Session\Handlers\FileHandler' driver.
DEBUG - 2026-08-23 21:38:41 --> Session: Class initialized using 'CodeIgniter\Session\Handlers\FileHandler' driver.
DEBUG - 2026-08-23 21:39:08 --> Session: Class initialized using 'CodeIgniter\Session\Handlers\FileHandler' driver.
DEBUG - 2026-08-23 21:39:11 --> Session: Class initialized using 'CodeIgniter\Session\Handlers\FileHandler' driver.
DEBUG - 2026-08-23 21:39:12 --> Session: Class initialized using 'CodeIgniter\Session\Handlers\FileHandler' driver.
DEBUG - 2026-08-23 21:39:14 --> Session: Class initialized using 'CodeIgniter\Session\Handlers\FileHandler' driver.
DEBUG - 2026-08-23 21:39:38 --> Session: Class initialized using 'CodeIgniter\Session\Handlers\FileHandler' driver.
DEBUG - 2026-08-23 21:39:44 --> Session: Class initialized using 'CodeIgniter\Session\Handlers\FileHandler' driver.
DEBUG - 2026-08-23 21:40:08 --> Session: Class initialized using 'CodeIgniter\Session\Handlers\FileHandler' driver.
DEBUG - 2026-08-23 21:40:14 --> Session: Class initialized using 'CodeIgniter\Session\Handlers\FileHandler' driver.
DEBUG - 2026-08-23 21:40:38 --> Session: Class initialized using 'CodeIgniter\Session\Handlers\FileHandler' driver.
DEBUG - 2026-08-23 21:40:44 --> Session: Class initialized using 'CodeIgniter\Session\Handlers\FileHandler' driver.
DEBUG - 2026-08-23 21:41:08 --> Session: Class initialized using 'CodeIgniter\Session\Handlers\FileHandler' driver.
DEBUG - 2026-08-23 21:41:14 --> Session: Class initialized using 'CodeIgniter\Session\Handlers\FileHandler' driver.
DEBUG - 2026-08-23 21:41:38 --> Session: Class initialized using 'CodeIgniter\Session\Handlers\FileHandler' driver.
DEBUG - 2026-08-23 21:41:44 --> Session: Class initialized using 'CodeIgniter\Session\Handlers\FileHandler' driver.
DEBUG - 2026-08-23 21:42:08 --> Session: Class initialized using 'CodeIgniter\Session\Handlers\FileHandler' driver.
DEBUG - 2026-08-23 21:42:14 --> Session: Class initialized using 'CodeIgniter\Session\Handlers\FileHandler' driver.
DEBUG - 2026-08-23 21:42:38 --> Session: Class initialized using 'CodeIgniter\Session\Handlers\FileHandler' driver.
DEBUG - 2026-08-23 21:42:44 --> Session: Class initialized using 'CodeIgniter\Session\Handlers\FileHandler' driver.
DEBUG - 2026-08-23 21:43:08 --> Session: Class initialized using 'CodeIgniter\Session\Handlers\FileHandler' driver.
DEBUG - 2026-08-23 21:43:14 --> Session: Class initialized using 'CodeIgniter\Session\Handlers\FileHandler' driver.
DEBUG - 2026-08-23 21:43:38 --> Session: Class initialized using 'CodeIgniter\Session\Handlers\FileHandler' driver.
DEBUG - 2026-08-23 21:43:44 --> Session: Class initialized using 'CodeIgniter\Session\Handlers\FileHandler' driver.
DEBUG - 2026-08-23 21:44:08 --> Session: Class initialized using 'CodeIgniter\Session\Handlers\FileHandler' driver.
DEBUG - 2026-08-23 21:44:14 --> Session: Class initialized using 'CodeIgniter\Session\Handlers\FileHandler' driver.
DEBUG - 2026-08-23 21:44:38 --> Session: Class initialized using 'CodeIgniter\Session\Handlers\FileHandler' driver.
DEBUG - 2026-08-23 21:45:08 --> Session: Class initialized using 'CodeIgniter\Session\Handlers\FileHandler' driver.
DEBUG - 2026-08-23 21:45:15 --> Session: Class initialized using 'CodeIgniter\Session\Handlers\FileHandler' driver.
DEBUG - 2026-08-23 21:45:35 --> Session: Class initialized using 'CodeIgniter\Session\Handlers\FileHandler' driver.
DEBUG - 2026-08-23 21:45:36 --> Session: Class initialized using 'CodeIgniter\Session\Handlers\FileHandler' driver.
DEBUG - 2026-08-23 21:46:00 --> Session: Class initialized using 'CodeIgniter\Session\Handlers\FileHandler' driver.
INFO - 2026-08-23 21:46:00 --> CSRF token verified.
DEBUG - 2026-08-23 21:46:01 --> Session: Class initialized using 'CodeIgniter\Session\Handlers\FileHandler' driver.
DEBUG - 2026-08-23 21:46:02 --> Session: Class initialized using 'CodeIgniter\Session\Handlers\FileHandler' driver.
DEBUG - 2026-08-23 21:46:16 --> Session: Class initialized using 'CodeIgniter\Session\Handlers\FileHandler' driver.
DEBUG - 2026-08-23 21:46:32 --> Session: Class initialized using 'CodeIgniter\Session\Handlers\FileHandler' driver.
DEBUG - 2026-08-23 21:47:02 --> Session: Class initialized using 'CodeIgniter\Session\Handlers\FileHandler' driver.
DEBUG - 2026-08-23 21:47:17 --> Session: Class initialized using 'CodeIgniter\Session\Handlers\FileHandler' driver.
DEBUG - 2026-08-23 21:47:32 --> Session: Class initialized using 'CodeIgniter\Session\Handlers\FileHandler' driver.
DEBUG - 2026-08-23 21:48:02 --> Session: Class initialized using 'CodeIgniter\Session\Handlers\FileHandler' driver.
DEBUG - 2026-08-23 21:48:14 --> Session: Class initialized using 'CodeIgniter\Session\Handlers\FileHandler' driver.
DEBUG - 2026-08-23 21:48:32 --> Session: Class initialized using 'CodeIgniter\Session\Handlers\FileHandler' driver.
DEBUG - 2026-08-23 21:48:44 --> Session: Class initialized using 'CodeIgniter\Session\Handlers\FileHandler' driver.
DEBUG - 2026-08-23 21:48:59 --> Session: Class initialized using 'CodeIgniter\Session\Handlers\FileHandler' driver.
DEBUG - 2026-08-23 21:49:01 --> Session: Class initialized using 'CodeIgniter\Session\Handlers\FileHandler' driver.
DEBUG - 2026-08-23 21:49:03 --> Session: Class initialized using 'CodeIgniter\Session\Handlers\FileHandler' driver.
DEBUG - 2026-08-23 21:49:31 --> Session: Class initialized using 'CodeIgniter\Session\Handlers\FileHandler' driver.
DEBUG - 2026-08-23 21:49:34 --> Session: Class initialized using 'CodeIgniter\Session\Handlers\FileHandler' driver.
DEBUG - 2026-08-23 21:50:00 --> Session: Class initialized using 'CodeIgniter\Session\Handlers\FileHandler' driver.
DEBUG - 2026-08-23 21:50:01 --> Session: Class initialized using 'CodeIgniter\Session\Handlers\FileHandler' driver.
DEBUG - 2026-08-23 21:50:04 --> Session: Class initialized using 'CodeIgniter\Session\Handlers\FileHandler' driver.
DEBUG - 2026-08-23 21:50:31 --> Session: Class initialized using 'CodeIgniter\Session\Handlers\FileHandler' driver.
DEBUG - 2026-08-23 21:50:34 --> Session: Class initialized using 'CodeIgniter\Session\Handlers\FileHandler' driver.
DEBUG - 2026-08-23 21:50:57 --> Session: Class initialized using 'CodeIgniter\Session\Handlers\FileHandler' driver.
DEBUG - 2026-08-23 21:50:58 --> Session: Class initialized using 'CodeIgniter\Session\Handlers\FileHandler' driver.
DEBUG - 2026-08-23 21:51:01 --> Session: Class initialized using 'CodeIgniter\Session\Handlers\FileHandler' driver.
DEBUG - 2026-08-23 21:51:06 --> Session: Class initialized using 'CodeIgniter\Session\Handlers\FileHandler' driver.
INFO - 2026-08-23 21:51:06 --> CSRF token verified.
DEBUG - 2026-08-23 21:51:07 --> Session: Class initialized using 'CodeIgniter\Session\Handlers\FileHandler' driver.
DEBUG - 2026-08-23 21:51:08 --> Session: Class initialized using 'CodeIgniter\Session\Handlers\FileHandler' driver.
DEBUG - 2026-08-23 21:51:31 --> Session: Class initialized using 'CodeIgniter\Session\Handlers\FileHandler' driver.
DEBUG - 2026-08-23 21:51:38 --> Session: Class initialized using 'CodeIgniter\Session\Handlers\FileHandler' driver.
DEBUG - 2026-08-23 21:52:01 --> Session: Class initialized using 'CodeIgniter\Session\Handlers\FileHandler' driver.
DEBUG - 2026-08-23 21:52:08 --> Session: Class initialized using 'CodeIgniter\Session\Handlers\FileHandler' driver.
DEBUG - 2026-08-23 21:52:31 --> Session: Class initialized using 'CodeIgniter\Session\Handlers\FileHandler' driver.
DEBUG - 2026-08-23 21:52:38 --> Session: Class initialized using 'CodeIgniter\Session\Handlers\FileHandler' driver.
DEBUG - 2026-08-23 21:53:01 --> Session: Class initialized using 'CodeIgniter\Session\Handlers\FileHandler' driver.
DEBUG - 2026-08-23 21:53:08 --> Session: Class initialized using 'CodeIgniter\Session\Handlers\FileHandler' driver.
DEBUG - 2026-08-23 21:53:31 --> Session: Class initialized using 'CodeIgniter\Session\Handlers\FileHandler' driver.
DEBUG - 2026-08-23 21:53:38 --> Session: Class initialized using 'CodeIgniter\Session\Handlers\FileHandler' driver.
DEBUG - 2026-08-23 21:53:42 --> Session: Class initialized using 'CodeIgniter\Session\Handlers\FileHandler' driver.
DEBUG - 2026-08-23 21:53:43 --> Session: Class initialized using 'CodeIgniter\Session\Handlers\FileHandler' driver.
DEBUG - 2026-08-23 21:54:13 --> Session: Class initialized using 'CodeIgniter\Session\Handlers\FileHandler' driver.
DEBUG - 2026-08-23 21:54:18 --> Session: Class initialized using 'CodeIgniter\Session\Handlers\FileHandler' driver.
DEBUG - 2026-08-23 21:54:43 --> Session: Class initialized using 'CodeIgniter\Session\Handlers\FileHandler' driver.
DEBUG - 2026-08-23 21:55:00 --> Session: Class initialized using 'CodeIgniter\Session\Handlers\FileHandler' driver.
DEBUG - 2026-08-23 21:55:01 --> Session: Class initialized using 'CodeIgniter\Session\Handlers\FileHandler' driver.
DEBUG - 2026-08-23 21:55:18 --> Session: Class initialized using 'CodeIgniter\Session\Handlers\FileHandler' driver.
DEBUG - 2026-08-23 21:55:31 --> Session: Class initialized using 'CodeIgniter\Session\Handlers\FileHandler' driver.
DEBUG - 2026-08-23 21:55:50 --> Session: Class initialized using 'CodeIgniter\Session\Handlers\FileHandler' driver.
DEBUG - 2026-08-23 21:55:51 --> Session: Class initialized using 'CodeIgniter\Session\Handlers\FileHandler' driver.
DEBUG - 2026-08-23 21:56:01 --> Session: Class initialized using 'CodeIgniter\Session\Handlers\FileHandler' driver.
DEBUG - 2026-08-23 21:56:05 --> Session: Class initialized using 'CodeIgniter\Session\Handlers\FileHandler' driver.
DEBUG - 2026-08-23 21:56:06 --> Session: Class initialized using 'CodeIgniter\Session\Handlers\FileHandler' driver.
DEBUG - 2026-08-23 21:56:31 --> Session: Class initialized using 'CodeIgniter\Session\Handlers\FileHandler' driver.
DEBUG - 2026-08-23 21:56:36 --> Session: Class initialized using 'CodeIgniter\Session\Handlers\FileHandler' driver.
DEBUG - 2026-08-23 21:56:42 --> Session: Class initialized using 'CodeIgniter\Session\Handlers\FileHandler' driver.
DEBUG - 2026-08-23 21:56:44 --> Session: Class initialized using 'CodeIgniter\Session\Handlers\FileHandler' driver.
DEBUG - 2026-08-23 21:57:06 --> Session: Class initialized using 'CodeIgniter\Session\Handlers\FileHandler' driver.
DEBUG - 2026-08-23 21:57:14 --> Session: Class initialized using 'CodeIgniter\Session\Handlers\FileHandler' driver.
DEBUG - 2026-08-23 21:57:36 --> Session: Class initialized using 'CodeIgniter\Session\Handlers\FileHandler' driver.
DEBUG - 2026-08-23 21:57:44 --> Session: Class initialized using 'CodeIgniter\Session\Handlers\FileHandler' driver.
DEBUG - 2026-08-23 21:58:06 --> Session: Class initialized using 'CodeIgniter\Session\Handlers\FileHandler' driver.
DEBUG - 2026-08-23 21:58:14 --> Session: Class initialized using 'CodeIgniter\Session\Handlers\FileHandler' driver.
DEBUG - 2026-08-23 21:58:36 --> Session: Class initialized using 'CodeIgniter\Session\Handlers\FileHandler' driver.
DEBUG - 2026-08-23 21:58:44 --> Session: Class initialized using 'CodeIgniter\Session\Handlers\FileHandler' driver.
DEBUG - 2026-08-23 21:59:06 --> Session: Class initialized using 'CodeIgniter\Session\Handlers\FileHandler' driver.
DEBUG - 2026-08-23 21:59:14 --> Session: Class initialized using 'CodeIgniter\Session\Handlers\FileHandler' driver.
DEBUG - 2026-08-23 21:59:36 --> Session: Class initialized using 'CodeIgniter\Session\Handlers\FileHandler' driver.
DEBUG - 2026-08-23 21:59:44 --> Session: Class initialized using 'CodeIgniter\Session\Handlers\FileHandler' driver.
DEBUG - 2026-08-23 22:00:05 --> Session: Class initialized using 'CodeIgniter\Session\Handlers\FileHandler' driver.
DEBUG - 2026-08-23 22:00:06 --> Session: Class initialized using 'CodeIgniter\Session\Handlers\FileHandler' driver.
DEBUG - 2026-08-23 22:00:18 --> Session: Class initialized using 'CodeIgniter\Session\Handlers\FileHandler' driver.
DEBUG - 2026-08-23 22:00:36 --> Session: Class initialized using 'CodeIgniter\Session\Handlers\FileHandler' driver.
DEBUG - 2026-08-23 22:01:06 --> Session: Class initialized using 'CodeIgniter\Session\Handlers\FileHandler' driver.
DEBUG - 2026-08-23 22:01:18 --> Session: Class initialized using 'CodeIgniter\Session\Handlers\FileHandler' driver.
DEBUG - 2026-08-23 22:01:36 --> Session: Class initialized using 'CodeIgniter\Session\Handlers\FileHandler' driver.
DEBUG - 2026-08-23 22:01:54 --> Session: Class initialized using 'CodeIgniter\Session\Handlers\FileHandler' driver.
DEBUG - 2026-08-23 22:01:55 --> Session: Class initialized using 'CodeIgniter\Session\Handlers\FileHandler' driver.
DEBUG - 2026-08-23 22:02:06 --> Session: Class initialized using 'CodeIgniter\Session\Handlers\FileHandler' driver.
DEBUG - 2026-08-23 22:02:12 --> Session: Class initialized using 'CodeIgniter\Session\Handlers\FileHandler' driver.
DEBUG - 2026-08-23 22:02:13 --> Session: Class initialized using 'CodeIgniter\Session\Handlers\FileHandler' driver.
DEBUG - 2026-08-23 22:02:25 --> Session: Class initialized using 'CodeIgniter\Session\Handlers\FileHandler' driver.
DEBUG - 2026-08-23 22:02:31 --> Session: Class initialized using 'CodeIgniter\Session\Handlers\FileHandler' driver.
INFO - 2026-08-23 22:02:31 --> CSRF token verified.
DEBUG - 2026-08-23 22:02:32 --> Session: Class initialized using 'CodeIgniter\Session\Handlers\FileHandler' driver.
DEBUG - 2026-08-23 22:02:33 --> Session: Class initialized using 'CodeIgniter\Session\Handlers\FileHandler' driver.
DEBUG - 2026-08-23 22:02:55 --> Session: Class initialized using 'CodeIgniter\Session\Handlers\FileHandler' driver.
DEBUG - 2026-08-23 22:03:03 --> Session: Class initialized using 'CodeIgniter\Session\Handlers\FileHandler' driver.
DEBUG - 2026-08-23 22:03:25 --> Session: Class initialized using 'CodeIgniter\Session\Handlers\FileHandler' driver.
DEBUG - 2026-08-23 22:03:33 --> Session: Class initialized using 'CodeIgniter\Session\Handlers\FileHandler' driver.
DEBUG - 2026-08-23 22:03:55 --> Session: Class initialized using 'CodeIgniter\Session\Handlers\FileHandler' driver.
DEBUG - 2026-08-23 22:04:03 --> Session: Class initialized using 'CodeIgniter\Session\Handlers\FileHandler' driver.
DEBUG - 2026-08-23 22:04:25 --> Session: Class initialized using 'CodeIgniter\Session\Handlers\FileHandler' driver.
DEBUG - 2026-08-23 22:04:33 --> Session: Class initialized using 'CodeIgniter\Session\Handlers\FileHandler' driver.
DEBUG - 2026-08-23 22:04:47 --> Session: Class initialized using 'CodeIgniter\Session\Handlers\FileHandler' driver.
DEBUG - 2026-08-23 22:04:48 --> Session: Class initialized using 'CodeIgniter\Session\Handlers\FileHandler' driver.
DEBUG - 2026-08-23 22:05:03 --> Session: Class initialized using 'CodeIgniter\Session\Handlers\FileHandler' driver.
DEBUG - 2026-08-23 22:05:19 --> Session: Class initialized using 'CodeIgniter\Session\Handlers\FileHandler' driver.
DEBUG - 2026-08-23 22:05:33 --> Session: Class initialized using 'CodeIgniter\Session\Handlers\FileHandler' driver.
DEBUG - 2026-08-23 22:05:49 --> Session: Class initialized using 'CodeIgniter\Session\Handlers\FileHandler' driver.
DEBUG - 2026-08-23 22:06:03 --> Session: Class initialized using 'CodeIgniter\Session\Handlers\FileHandler' driver.
DEBUG - 2026-08-23 22:06:19 --> Session: Class initialized using 'CodeIgniter\Session\Handlers\FileHandler' driver.
DEBUG - 2026-08-23 22:06:49 --> Session: Class initialized using 'CodeIgniter\Session\Handlers\FileHandler' driver.
DEBUG - 2026-08-23 22:07:04 --> Session: Class initialized using 'CodeIgniter\Session\Handlers\FileHandler' driver.
DEBUG - 2026-08-23 22:07:19 --> Session: Class initialized using 'CodeIgniter\Session\Handlers\FileHandler' driver.
DEBUG - 2026-08-23 22:07:49 --> Session: Class initialized using 'CodeIgniter\Session\Handlers\FileHandler' driver.
DEBUG - 2026-08-23 22:08:05 --> Session: Class initialized using 'CodeIgniter\Session\Handlers\FileHandler' driver.
DEBUG - 2026-08-23 22:08:19 --> Session: Class initialized using 'CodeIgniter\Session\Handlers\FileHandler' driver.
DEBUG - 2026-08-23 22:09:06 --> Session: Class initialized using 'CodeIgniter\Session\Handlers\FileHandler' driver.
DEBUG - 2026-08-23 22:09:18 --> Session: Class initialized using 'CodeIgniter\Session\Handlers\FileHandler' driver.
DEBUG - 2026-08-23 22:10:07 --> Session: Class initialized using 'CodeIgniter\Session\Handlers\FileHandler' driver.
DEBUG - 2026-08-23 22:10:18 --> Session: Class initialized using 'CodeIgniter\Session\Handlers\FileHandler' driver.
DEBUG - 2026-08-23 22:11:02 --> Session: Class initialized using 'CodeIgniter\Session\Handlers\FileHandler' driver.
DEBUG - 2026-08-23 22:11:18 --> Session: Class initialized using 'CodeIgniter\Session\Handlers\FileHandler' driver.
DEBUG - 2026-08-23 22:11:33 --> Session: Class initialized using 'CodeIgniter\Session\Handlers\FileHandler' driver.
DEBUG - 2026-08-23 22:12:03 --> Session: Class initialized using 'CodeIgniter\Session\Handlers\FileHandler' driver.
DEBUG - 2026-08-23 22:12:18 --> Session: Class initialized using 'CodeIgniter\Session\Handlers\FileHandler' driver.
DEBUG - 2026-08-23 22:12:33 --> Session: Class initialized using 'CodeIgniter\Session\Handlers\FileHandler' driver.
DEBUG - 2026-08-23 22:13:03 --> Session: Class initialized using 'CodeIgniter\Session\Handlers\FileHandler' driver.
DEBUG - 2026-08-23 22:13:18 --> Session: Class initialized using 'CodeIgniter\Session\Handlers\FileHandler' driver.
DEBUG - 2026-08-23 22:13:33 --> Session: Class initialized using 'CodeIgniter\Session\Handlers\FileHandler' driver.
DEBUG - 2026-08-23 22:13:46 --> Session: Class initialized using 'CodeIgniter\Session\Handlers\FileHandler' driver.
DEBUG - 2026-08-23 22:13:47 --> Session: Class initialized using 'CodeIgniter\Session\Handlers\FileHandler' driver.
DEBUG - 2026-08-23 22:14:17 --> Session: Class initialized using 'CodeIgniter\Session\Handlers\FileHandler' driver.
DEBUG - 2026-08-23 22:14:20 --> Session: Class initialized using 'CodeIgniter\Session\Handlers\FileHandler' driver.
DEBUG - 2026-08-23 22:14:33 --> Session: Class initialized using 'CodeIgniter\Session\Handlers\FileHandler' driver.
DEBUG - 2026-08-23 22:14:34 --> Session: Class initialized using 'CodeIgniter\Session\Handlers\FileHandler' driver.
DEBUG - 2026-08-23 22:14:47 --> Session: Class initialized using 'CodeIgniter\Session\Handlers\FileHandler' driver.
DEBUG - 2026-08-23 22:15:04 --> Session: Class initialized using 'CodeIgniter\Session\Handlers\FileHandler' driver.
DEBUG - 2026-08-23 22:15:07 --> Session: Class initialized using 'CodeIgniter\Session\Handlers\FileHandler' driver.
DEBUG - 2026-08-23 22:15:08 --> Session: Class initialized using 'CodeIgniter\Session\Handlers\FileHandler' driver.
DEBUG - 2026-08-23 22:15:17 --> Session: Class initialized using 'CodeIgniter\Session\Handlers\FileHandler' driver.
DEBUG - 2026-08-23 22:15:20 --> Session: Class initialized using 'CodeIgniter\Session\Handlers\FileHandler' driver.
INFO - 2026-08-23 22:15:20 --> CSRF token verified.
DEBUG - 2026-08-23 22:15:21 --> Session: Class initialized using 'CodeIgniter\Session\Handlers\FileHandler' driver.
DEBUG - 2026-08-23 22:15:22 --> Session: Class initialized using 'CodeIgniter\Session\Handlers\FileHandler' driver.
DEBUG - 2026-08-23 22:15:25 --> Session: Class initialized using 'CodeIgniter\Session\Handlers\FileHandler' driver.
INFO - 2026-08-23 22:15:25 --> CSRF token verified.
DEBUG - 2026-08-23 22:15:25 --> Session: Class initialized using 'CodeIgniter\Session\Handlers\FileHandler' driver.
DEBUG - 2026-08-23 22:15:27 --> Session: Class initialized using 'CodeIgniter\Session\Handlers\FileHandler' driver.
DEBUG - 2026-08-23 22:15:47 --> Session: Class initialized using 'CodeIgniter\Session\Handlers\FileHandler' driver.
DEBUG - 2026-08-23 22:15:57 --> Session: Class initialized using 'CodeIgniter\Session\Handlers\FileHandler' driver.
DEBUG - 2026-08-23 22:16:17 --> Session: Class initialized using 'CodeIgniter\Session\Handlers\FileHandler' driver.
DEBUG - 2026-08-23 22:16:22 --> Session: Class initialized using 'CodeIgniter\Session\Handlers\FileHandler' driver.
DEBUG - 2026-08-23 22:16:23 --> Session: Class initialized using 'CodeIgniter\Session\Handlers\FileHandler' driver.
DEBUG - 2026-08-23 22:16:27 --> Session: Class initialized using 'CodeIgniter\Session\Handlers\FileHandler' driver.
DEBUG - 2026-08-23 22:16:32 --> Session: Class initialized using 'CodeIgniter\Session\Handlers\FileHandler' driver.
INFO - 2026-08-23 22:16:32 --> CSRF token verified.
DEBUG - 2026-08-23 22:16:33 --> Session: Class initialized using 'CodeIgniter\Session\Handlers\FileHandler' driver.
DEBUG - 2026-08-23 22:16:34 --> Session: Class initialized using 'CodeIgniter\Session\Handlers\FileHandler' driver.
DEBUG - 2026-08-23 22:16:57 --> Session: Class initialized using 'CodeIgniter\Session\Handlers\FileHandler' driver.
DEBUG - 2026-08-23 22:17:04 --> Session: Class initialized using 'CodeIgniter\Session\Handlers\FileHandler' driver.
DEBUG - 2026-08-23 22:17:06 --> Session: Class initialized using 'CodeIgniter\Session\Handlers\FileHandler' driver.
DEBUG - 2026-08-23 22:17:07 --> Session: Class initialized using 'CodeIgniter\Session\Handlers\FileHandler' driver.
DEBUG - 2026-08-23 22:17:27 --> Session: Class initialized using 'CodeIgniter\Session\Handlers\FileHandler' driver.
DEBUG - 2026-08-23 22:17:37 --> Session: Class initialized using 'CodeIgniter\Session\Handlers\FileHandler' driver.
DEBUG - 2026-08-23 22:17:57 --> Session: Class initialized using 'CodeIgniter\Session\Handlers\FileHandler' driver.
DEBUG - 2026-08-23 22:18:07 --> Session: Class initialized using 'CodeIgniter\Session\Handlers\FileHandler' driver.
DEBUG - 2026-08-23 22:18:27 --> Session: Class initialized using 'CodeIgniter\Session\Handlers\FileHandler' driver.
DEBUG - 2026-08-23 22:18:37 --> Session: Class initialized using 'CodeIgniter\Session\Handlers\FileHandler' driver.
DEBUG - 2026-08-23 22:18:49 --> Session: Class initialized using 'CodeIgniter\Session\Handlers\FileHandler' driver.
DEBUG - 2026-08-23 22:18:50 --> Session: Class initialized using 'CodeIgniter\Session\Handlers\FileHandler' driver.
DEBUG - 2026-08-23 22:18:57 --> Session: Class initialized using 'CodeIgniter\Session\Handlers\FileHandler' driver.
DEBUG - 2026-08-23 22:19:20 --> Session: Class initialized using 'CodeIgniter\Session\Handlers\FileHandler' driver.
DEBUG - 2026-08-23 22:19:23 --> Session: Class initialized using 'CodeIgniter\Session\Handlers\FileHandler' driver.
DEBUG - 2026-08-23 22:19:24 --> Session: Class initialized using 'CodeIgniter\Session\Handlers\FileHandler' driver.
DEBUG - 2026-08-23 22:19:30 --> Session: Class initialized using 'CodeIgniter\Session\Handlers\FileHandler' driver.
DEBUG - 2026-08-23 22:19:32 --> Session: Class initialized using 'CodeIgniter\Session\Handlers\FileHandler' driver.
DEBUG - 2026-08-23 22:19:54 --> Session: Class initialized using 'CodeIgniter\Session\Handlers\FileHandler' driver.
DEBUG - 2026-08-23 22:20:02 --> Session: Class initialized using 'CodeIgniter\Session\Handlers\FileHandler' driver.
DEBUG - 2026-08-23 22:20:24 --> Session: Class initialized using 'CodeIgniter\Session\Handlers\FileHandler' driver.
DEBUG - 2026-08-23 22:20:32 --> Session: Class initialized using 'CodeIgniter\Session\Handlers\FileHandler' driver.
DEBUG - 2026-08-23 22:20:54 --> Session: Class initialized using 'CodeIgniter\Session\Handlers\FileHandler' driver.
DEBUG - 2026-08-23 22:21:02 --> Session: Class initialized using 'CodeIgniter\Session\Handlers\FileHandler' driver.
DEBUG - 2026-08-23 22:21:24 --> Session: Class initialized using 'CodeIgniter\Session\Handlers\FileHandler' driver.
DEBUG - 2026-08-23 22:21:32 --> Session: Class initialized using 'CodeIgniter\Session\Handlers\FileHandler' driver.
DEBUG - 2026-08-23 22:21:40 --> Session: Class initialized using 'CodeIgniter\Session\Handlers\FileHandler' driver.
DEBUG - 2026-08-23 22:21:41 --> Session: Class initialized using 'CodeIgniter\Session\Handlers\FileHandler' driver.
DEBUG - 2026-08-23 22:22:02 --> Session: Class initialized using 'CodeIgniter\Session\Handlers\FileHandler' driver.
DEBUG - 2026-08-23 22:22:11 --> Session: Class initialized using 'CodeIgniter\Session\Handlers\FileHandler' driver.
DEBUG - 2026-08-23 22:22:32 --> Session: Class initialized using 'CodeIgniter\Session\Handlers\FileHandler' driver.
DEBUG - 2026-08-23 22:22:41 --> Session: Class initialized using 'CodeIgniter\Session\Handlers\FileHandler' driver.
DEBUG - 2026-08-23 22:22:44 --> Session: Class initialized using 'CodeIgniter\Session\Handlers\FileHandler' driver.
DEBUG - 2026-08-23 22:22:45 --> Session: Class initialized using 'CodeIgniter\Session\Handlers\FileHandler' driver.
DEBUG - 2026-08-23 22:23:02 --> Session: Class initialized using 'CodeIgniter\Session\Handlers\FileHandler' driver.
DEBUG - 2026-08-23 22:23:15 --> Session: Class initialized using 'CodeIgniter\Session\Handlers\FileHandler' driver.
DEBUG - 2026-08-23 22:23:18 --> Session: Class initialized using 'CodeIgniter\Session\Handlers\FileHandler' driver.
INFO - 2026-08-23 22:23:18 --> CSRF token verified.
DEBUG - 2026-08-23 22:23:19 --> Session: Class initialized using 'CodeIgniter\Session\Handlers\FileHandler' driver.
DEBUG - 2026-08-23 22:23:20 --> Session: Class initialized using 'CodeIgniter\Session\Handlers\FileHandler' driver.
DEBUG - 2026-08-23 22:23:45 --> Session: Class initialized using 'CodeIgniter\Session\Handlers\FileHandler' driver.
DEBUG - 2026-08-23 22:23:50 --> Session: Class initialized using 'CodeIgniter\Session\Handlers\FileHandler' driver.
DEBUG - 2026-08-23 22:24:15 --> Session: Class initialized using 'CodeIgniter\Session\Handlers\FileHandler' driver.
DEBUG - 2026-08-23 22:24:20 --> Session: Class initialized using 'CodeIgniter\Session\Handlers\FileHandler' driver.
DEBUG - 2026-08-23 22:24:45 --> Session: Class initialized using 'CodeIgniter\Session\Handlers\FileHandler' driver.
DEBUG - 2026-08-23 22:24:50 --> Session: Class initialized using 'CodeIgniter\Session\Handlers\FileHandler' driver.
DEBUG - 2026-08-23 22:25:15 --> Session: Class initialized using 'CodeIgniter\Session\Handlers\FileHandler' driver.
DEBUG - 2026-08-23 22:25:20 --> Session: Class initialized using 'CodeIgniter\Session\Handlers\FileHandler' driver.
DEBUG - 2026-08-23 22:25:45 --> Session: Class initialized using 'CodeIgniter\Session\Handlers\FileHandler' driver.
DEBUG - 2026-08-23 22:25:48 --> Session: Class initialized using 'CodeIgniter\Session\Handlers\FileHandler' driver.
DEBUG - 2026-08-23 22:25:49 --> Session: Class initialized using 'CodeIgniter\Session\Handlers\FileHandler' driver.
DEBUG - 2026-08-23 22:26:09 --> Session: Class initialized using 'CodeIgniter\Session\Handlers\FileHandler' driver.
DEBUG - 2026-08-23 22:26:10 --> Session: Class initialized using 'CodeIgniter\Session\Handlers\FileHandler' driver.
DEBUG - 2026-08-23 22:26:17 --> Session: Class initialized using 'CodeIgniter\Session\Handlers\FileHandler' driver.
DEBUG - 2026-08-23 22:26:19 --> Session: Class initialized using 'CodeIgniter\Session\Handlers\FileHandler' driver.
DEBUG - 2026-08-23 22:26:40 --> Session: Class initialized using 'CodeIgniter\Session\Handlers\FileHandler' driver.
DEBUG - 2026-08-23 22:26:49 --> Session: Class initialized using 'CodeIgniter\Session\Handlers\FileHandler' driver.
DEBUG - 2026-08-23 22:27:10 --> Session: Class initialized using 'CodeIgniter\Session\Handlers\FileHandler' driver.
DEBUG - 2026-08-23 22:27:17 --> Session: Class initialized using 'CodeIgniter\Session\Handlers\FileHandler' driver.
DEBUG - 2026-08-23 22:27:18 --> Session: Class initialized using 'CodeIgniter\Session\Handlers\FileHandler' driver.
DEBUG - 2026-08-23 22:27:40 --> Session: Class initialized using 'CodeIgniter\Session\Handlers\FileHandler' driver.
DEBUG - 2026-08-23 22:27:48 --> Session: Class initialized using 'CodeIgniter\Session\Handlers\FileHandler' driver.
DEBUG - 2026-08-23 22:28:10 --> Session: Class initialized using 'CodeIgniter\Session\Handlers\FileHandler' driver.
DEBUG - 2026-08-23 22:28:18 --> Session: Class initialized using 'CodeIgniter\Session\Handlers\FileHandler' driver.
DEBUG - 2026-08-23 22:28:40 --> Session: Class initialized using 'CodeIgniter\Session\Handlers\FileHandler' driver.
DEBUG - 2026-08-23 22:28:48 --> Session: Class initialized using 'CodeIgniter\Session\Handlers\FileHandler' driver.
DEBUG - 2026-08-23 22:29:10 --> Session: Class initialized using 'CodeIgniter\Session\Handlers\FileHandler' driver.
DEBUG - 2026-08-23 22:29:18 --> Session: Class initialized using 'CodeIgniter\Session\Handlers\FileHandler' driver.
DEBUG - 2026-08-23 22:29:40 --> Session: Class initialized using 'CodeIgniter\Session\Handlers\FileHandler' driver.
DEBUG - 2026-08-23 22:29:44 --> Session: Class initialized using 'CodeIgniter\Session\Handlers\FileHandler' driver.
DEBUG - 2026-08-23 22:29:45 --> Session: Class initialized using 'CodeIgniter\Session\Handlers\FileHandler' driver.
DEBUG - 2026-08-23 22:30:15 --> Session: Class initialized using 'CodeIgniter\Session\Handlers\FileHandler' driver.
DEBUG - 2026-08-23 22:30:18 --> Session: Class initialized using 'CodeIgniter\Session\Handlers\FileHandler' driver.
DEBUG - 2026-08-23 22:30:45 --> Session: Class initialized using 'CodeIgniter\Session\Handlers\FileHandler' driver.
DEBUG - 2026-08-23 22:31:15 --> Session: Class initialized using 'CodeIgniter\Session\Handlers\FileHandler' driver.
DEBUG - 2026-08-23 22:31:18 --> Session: Class initialized using 'CodeIgniter\Session\Handlers\FileHandler' driver.
DEBUG - 2026-08-23 22:31:45 --> Session: Class initialized using 'CodeIgniter\Session\Handlers\FileHandler' driver.
DEBUG - 2026-08-23 22:32:15 --> Session: Class initialized using 'CodeIgniter\Session\Handlers\FileHandler' driver.
DEBUG - 2026-08-23 22:32:18 --> Session: Class initialized using 'CodeIgniter\Session\Handlers\FileHandler' driver.
DEBUG - 2026-08-23 22:32:45 --> Session: Class initialized using 'CodeIgniter\Session\Handlers\FileHandler' driver.
DEBUG - 2026-08-23 22:33:15 --> Session: Class initialized using 'CodeIgniter\Session\Handlers\FileHandler' driver.
DEBUG - 2026-08-23 22:33:18 --> Session: Class initialized using 'CodeIgniter\Session\Handlers\FileHandler' driver.
DEBUG - 2026-08-23 22:33:45 --> Session: Class initialized using 'CodeIgniter\Session\Handlers\FileHandler' driver.
DEBUG - 2026-08-23 22:34:15 --> Session: Class initialized using 'CodeIgniter\Session\Handlers\FileHandler' driver.
DEBUG - 2026-08-23 22:34:18 --> Session: Class initialized using 'CodeIgniter\Session\Handlers\FileHandler' driver.
DEBUG - 2026-08-23 22:34:45 --> Session: Class initialized using 'CodeIgniter\Session\Handlers\FileHandler' driver.
DEBUG - 2026-08-23 22:35:15 --> Session: Class initialized using 'CodeIgniter\Session\Handlers\FileHandler' driver.
DEBUG - 2026-08-23 22:35:18 --> Session: Class initialized using 'CodeIgniter\Session\Handlers\FileHandler' driver.
DEBUG - 2026-08-23 22:35:45 --> Session: Class initialized using 'CodeIgniter\Session\Handlers\FileHandler' driver.
DEBUG - 2026-08-23 22:36:15 --> Session: Class initialized using 'CodeIgniter\Session\Handlers\FileHandler' driver.
DEBUG - 2026-08-23 22:36:18 --> Session: Class initialized using 'CodeIgniter\Session\Handlers\FileHandler' driver.
DEBUG - 2026-08-23 22:36:45 --> Session: Class initialized using 'CodeIgniter\Session\Handlers\FileHandler' driver.
DEBUG - 2026-08-23 22:37:15 --> Session: Class initialized using 'CodeIgniter\Session\Handlers\FileHandler' driver.
DEBUG - 2026-08-23 22:37:18 --> Session: Class initialized using 'CodeIgniter\Session\Handlers\FileHandler' driver.
DEBUG - 2026-08-23 22:37:45 --> Session: Class initialized using 'CodeIgniter\Session\Handlers\FileHandler' driver.
DEBUG - 2026-08-23 22:38:15 --> Session: Class initialized using 'CodeIgniter\Session\Handlers\FileHandler' driver.
DEBUG - 2026-08-23 22:38:18 --> Session: Class initialized using 'CodeIgniter\Session\Handlers\FileHandler' driver.
DEBUG - 2026-08-23 22:38:45 --> Session: Class initialized using 'CodeIgniter\Session\Handlers\FileHandler' driver.
DEBUG - 2026-08-23 22:39:15 --> Session: Class initialized using 'CodeIgniter\Session\Handlers\FileHandler' driver.
DEBUG - 2026-08-23 22:39:18 --> Session: Class initialized using 'CodeIgniter\Session\Handlers\FileHandler' driver.
DEBUG - 2026-08-23 22:39:45 --> Session: Class initialized using 'CodeIgniter\Session\Handlers\FileHandler' driver.
DEBUG - 2026-08-23 22:40:15 --> Session: Class initialized using 'CodeIgniter\Session\Handlers\FileHandler' driver.
DEBUG - 2026-08-23 22:40:18 --> Session: Class initialized using 'CodeIgniter\Session\Handlers\FileHandler' driver.
DEBUG - 2026-08-23 22:40:33 --> Session: Class initialized using 'CodeIgniter\Session\Handlers\FileHandler' driver.
DEBUG - 2026-08-23 22:40:34 --> Session: Class initialized using 'CodeIgniter\Session\Handlers\FileHandler' driver.
DEBUG - 2026-08-23 22:41:04 --> Session: Class initialized using 'CodeIgniter\Session\Handlers\FileHandler' driver.
DEBUG - 2026-08-23 22:41:18 --> Session: Class initialized using 'CodeIgniter\Session\Handlers\FileHandler' driver.
DEBUG - 2026-08-23 22:41:28 --> Session: Class initialized using 'CodeIgniter\Session\Handlers\FileHandler' driver.
INFO - 2026-08-23 22:41:28 --> CSRF token verified.
DEBUG - 2026-08-23 22:41:29 --> Session: Class initialized using 'CodeIgniter\Session\Handlers\FileHandler' driver.
DEBUG - 2026-08-23 22:41:30 --> Session: Class initialized using 'CodeIgniter\Session\Handlers\FileHandler' driver.
DEBUG - 2026-08-23 22:42:00 --> Session: Class initialized using 'CodeIgniter\Session\Handlers\FileHandler' driver.
DEBUG - 2026-08-23 22:42:18 --> Session: Class initialized using 'CodeIgniter\Session\Handlers\FileHandler' driver.
DEBUG - 2026-08-23 22:42:30 --> Session: Class initialized using 'CodeIgniter\Session\Handlers\FileHandler' driver.
DEBUG - 2026-08-23 22:43:00 --> Session: Class initialized using 'CodeIgniter\Session\Handlers\FileHandler' driver.
DEBUG - 2026-08-23 22:43:06 --> Session: Class initialized using 'CodeIgniter\Session\Handlers\FileHandler' driver.
INFO - 2026-08-23 22:43:06 --> CSRF token verified.
DEBUG - 2026-08-23 22:43:07 --> Session: Class initialized using 'CodeIgniter\Session\Handlers\FileHandler' driver.
DEBUG - 2026-08-23 22:43:09 --> Session: Class initialized using 'CodeIgniter\Session\Handlers\FileHandler' driver.
DEBUG - 2026-08-23 22:43:18 --> Session: Class initialized using 'CodeIgniter\Session\Handlers\FileHandler' driver.
DEBUG - 2026-08-23 22:43:21 --> Session: Class initialized using 'CodeIgniter\Session\Handlers\FileHandler' driver.
INFO - 2026-08-23 22:43:21 --> CSRF token verified.
DEBUG - 2026-08-23 22:43:22 --> Session: Class initialized using 'CodeIgniter\Session\Handlers\FileHandler' driver.
DEBUG - 2026-08-23 22:43:23 --> Session: Class initialized using 'CodeIgniter\Session\Handlers\FileHandler' driver.
DEBUG - 2026-08-23 22:43:48 --> Session: Class initialized using 'CodeIgniter\Session\Handlers\FileHandler' driver.
INFO - 2026-08-23 22:43:48 --> CSRF token verified.
DEBUG - 2026-08-23 22:43:48 --> Session: Class initialized using 'CodeIgniter\Session\Handlers\FileHandler' driver.
DEBUG - 2026-08-23 22:43:50 --> Session: Class initialized using 'CodeIgniter\Session\Handlers\FileHandler' driver.
DEBUG - 2026-08-23 22:44:06 --> Session: Class initialized using 'CodeIgniter\Session\Handlers\FileHandler' driver.
INFO - 2026-08-23 22:44:06 --> CSRF token verified.
DEBUG - 2026-08-23 22:44:07 --> Session: Class initialized using 'CodeIgniter\Session\Handlers\FileHandler' driver.
DEBUG - 2026-08-23 22:44:08 --> Session: Class initialized using 'CodeIgniter\Session\Handlers\FileHandler' driver.
DEBUG - 2026-08-23 22:44:18 --> Session: Class initialized using 'CodeIgniter\Session\Handlers\FileHandler' driver.
DEBUG - 2026-08-23 22:44:23 --> Session: Class initialized using 'CodeIgniter\Session\Handlers\FileHandler' driver.
INFO - 2026-08-23 22:44:23 --> CSRF token verified.
DEBUG - 2026-08-23 22:44:24 --> Session: Class initialized using 'CodeIgniter\Session\Handlers\FileHandler' driver.
DEBUG - 2026-08-23 22:44:25 --> Session: Class initialized using 'CodeIgniter\Session\Handlers\FileHandler' driver.
DEBUG - 2026-08-23 22:44:49 --> Session: Class initialized using 'CodeIgniter\Session\Handlers\FileHandler' driver.
INFO - 2026-08-23 22:44:49 --> CSRF token verified.
DEBUG - 2026-08-23 22:44:50 --> Session: Class initialized using 'CodeIgniter\Session\Handlers\FileHandler' driver.
DEBUG - 2026-08-23 22:44:51 --> Session: Class initialized using 'CodeIgniter\Session\Handlers\FileHandler' driver.
DEBUG - 2026-08-23 22:45:18 --> Session: Class initialized using 'CodeIgniter\Session\Handlers\FileHandler' driver.
DEBUG - 2026-08-23 22:45:21 --> Session: Class initialized using 'CodeIgniter\Session\Handlers\FileHandler' driver.
DEBUG - 2026-08-23 22:45:51 --> Session: Class initialized using 'CodeIgniter\Session\Handlers\FileHandler' driver.
DEBUG - 2026-08-23 22:46:18 --> Session: Class initialized using 'CodeIgniter\Session\Handlers\FileHandler' driver.
DEBUG - 2026-08-23 22:46:21 --> Session: Class initialized using 'CodeIgniter\Session\Handlers\FileHandler' driver.
DEBUG - 2026-08-23 22:46:32 --> Session: Class initialized using 'CodeIgniter\Session\Handlers\FileHandler' driver.
INFO - 2026-08-23 22:46:32 --> CSRF token verified.
DEBUG - 2026-08-23 22:46:33 --> Session: Class initialized using 'CodeIgniter\Session\Handlers\FileHandler' driver.
DEBUG - 2026-08-23 22:46:34 --> Session: Class initialized using 'CodeIgniter\Session\Handlers\FileHandler' driver.
DEBUG - 2026-08-23 22:47:04 --> Session: Class initialized using 'CodeIgniter\Session\Handlers\FileHandler' driver.
DEBUG - 2026-08-23 22:47:18 --> Session: Class initialized using 'CodeIgniter\Session\Handlers\FileHandler' driver.
DEBUG - 2026-08-23 22:47:34 --> Session: Class initialized using 'CodeIgniter\Session\Handlers\FileHandler' driver.
DEBUG - 2026-08-23 22:48:04 --> Session: Class initialized using 'CodeIgniter\Session\Handlers\FileHandler' driver.
DEBUG - 2026-08-23 22:48:18 --> Session: Class initialized using 'CodeIgniter\Session\Handlers\FileHandler' driver.
DEBUG - 2026-08-23 22:48:34 --> Session: Class initialized using 'CodeIgniter\Session\Handlers\FileHandler' driver.
DEBUG - 2026-08-23 22:48:39 --> Session: Class initialized using 'CodeIgniter\Session\Handlers\FileHandler' driver.
DEBUG - 2026-08-23 22:48:40 --> Session: Class initialized using 'CodeIgniter\Session\Handlers\FileHandler' driver.
DEBUG - 2026-08-23 22:49:09 --> Session: Class initialized using 'CodeIgniter\Session\Handlers\FileHandler' driver.
INFO - 2026-08-23 22:49:09 --> CSRF token verified.
DEBUG - 2026-08-23 22:49:10 --> Session: Class initialized using 'CodeIgniter\Session\Handlers\FileHandler' driver.
DEBUG - 2026-08-23 22:49:11 --> Session: Class initialized using 'CodeIgniter\Session\Handlers\FileHandler' driver.
DEBUG - 2026-08-23 22:49:15 --> Session: Class initialized using 'CodeIgniter\Session\Handlers\FileHandler' driver.
DEBUG - 2026-08-23 22:49:18 --> Session: Class initialized using 'CodeIgniter\Session\Handlers\FileHandler' driver.
DEBUG - 2026-08-23 22:49:45 --> Session: Class initialized using 'CodeIgniter\Session\Handlers\FileHandler' driver.
DEBUG - 2026-08-23 22:50:15 --> Session: Class initialized using 'CodeIgniter\Session\Handlers\FileHandler' driver.
DEBUG - 2026-08-23 22:50:18 --> Session: Class initialized using 'CodeIgniter\Session\Handlers\FileHandler' driver.
DEBUG - 2026-08-23 22:50:45 --> Session: Class initialized using 'CodeIgniter\Session\Handlers\FileHandler' driver.
DEBUG - 2026-08-23 22:51:15 --> Session: Class initialized using 'CodeIgniter\Session\Handlers\FileHandler' driver.
DEBUG - 2026-08-23 22:51:18 --> Session: Class initialized using 'CodeIgniter\Session\Handlers\FileHandler' driver.
DEBUG - 2026-08-23 22:51:45 --> Session: Class initialized using 'CodeIgniter\Session\Handlers\FileHandler' driver.
DEBUG - 2026-08-23 22:52:15 --> Session: Class initialized using 'CodeIgniter\Session\Handlers\FileHandler' driver.
DEBUG - 2026-08-23 22:52:18 --> Session: Class initialized using 'CodeIgniter\Session\Handlers\FileHandler' driver.
DEBUG - 2026-08-23 22:52:30 --> Session: Class initialized using 'CodeIgniter\Session\Handlers\FileHandler' driver.
INFO - 2026-08-23 22:52:30 --> CSRF token verified.
DEBUG - 2026-08-23 22:52:30 --> Session: Class initialized using 'CodeIgniter\Session\Handlers\FileHandler' driver.
DEBUG - 2026-08-23 22:52:32 --> Session: Class initialized using 'CodeIgniter\Session\Handlers\FileHandler' driver.
DEBUG - 2026-08-23 22:53:02 --> Session: Class initialized using 'CodeIgniter\Session\Handlers\FileHandler' driver.
DEBUG - 2026-08-23 22:53:06 --> Session: Class initialized using 'CodeIgniter\Session\Handlers\FileHandler' driver.
INFO - 2026-08-23 22:53:06 --> CSRF token verified.
DEBUG - 2026-08-23 22:53:07 --> Session: Class initialized using 'CodeIgniter\Session\Handlers\FileHandler' driver.
DEBUG - 2026-08-23 22:53:08 --> Session: Class initialized using 'CodeIgniter\Session\Handlers\FileHandler' driver.
DEBUG - 2026-08-23 22:53:18 --> Session: Class initialized using 'CodeIgniter\Session\Handlers\FileHandler' driver.
DEBUG - 2026-08-23 22:53:38 --> Session: Class initialized using 'CodeIgniter\Session\Handlers\FileHandler' driver.
DEBUG - 2026-08-23 22:54:08 --> Session: Class initialized using 'CodeIgniter\Session\Handlers\FileHandler' driver.
DEBUG - 2026-08-23 22:54:18 --> Session: Class initialized using 'CodeIgniter\Session\Handlers\FileHandler' driver.
DEBUG - 2026-08-23 22:54:38 --> Session: Class initialized using 'CodeIgniter\Session\Handlers\FileHandler' driver.
DEBUG - 2026-08-23 22:55:08 --> Session: Class initialized using 'CodeIgniter\Session\Handlers\FileHandler' driver.
DEBUG - 2026-08-23 22:55:18 --> Session: Class initialized using 'CodeIgniter\Session\Handlers\FileHandler' driver.
DEBUG - 2026-08-23 22:55:38 --> Session: Class initialized using 'CodeIgniter\Session\Handlers\FileHandler' driver.
DEBUG - 2026-08-23 22:56:08 --> Session: Class initialized using 'CodeIgniter\Session\Handlers\FileHandler' driver.
DEBUG - 2026-08-23 22:56:18 --> Session: Class initialized using 'CodeIgniter\Session\Handlers\FileHandler' driver.
DEBUG - 2026-08-23 22:56:38 --> Session: Class initialized using 'CodeIgniter\Session\Handlers\FileHandler' driver.
DEBUG - 2026-08-23 22:57:08 --> Session: Class initialized using 'CodeIgniter\Session\Handlers\FileHandler' driver.
DEBUG - 2026-08-23 22:57:18 --> Session: Class initialized using 'CodeIgniter\Session\Handlers\FileHandler' driver.
DEBUG - 2026-08-23 22:57:38 --> Session: Class initialized using 'CodeIgniter\Session\Handlers\FileHandler' driver.
DEBUG - 2026-08-23 22:58:08 --> Session: Class initialized using 'CodeIgniter\Session\Handlers\FileHandler' driver.
DEBUG - 2026-08-23 22:58:18 --> Session: Class initialized using 'CodeIgniter\Session\Handlers\FileHandler' driver.
DEBUG - 2026-08-23 22:58:38 --> Session: Class initialized using 'CodeIgniter\Session\Handlers\FileHandler' driver.
DEBUG - 2026-08-23 22:58:42 --> Session: Class initialized using 'CodeIgniter\Session\Handlers\FileHandler' driver.
DEBUG - 2026-08-23 22:58:43 --> Session: Class initialized using 'CodeIgniter\Session\Handlers\FileHandler' driver.
DEBUG - 2026-08-23 22:59:12 --> Session: Class initialized using 'CodeIgniter\Session\Handlers\FileHandler' driver.
INFO - 2026-08-23 22:59:12 --> CSRF token verified.
DEBUG - 2026-08-23 22:59:12 --> Session: Class initialized using 'CodeIgniter\Session\Handlers\FileHandler' driver.
DEBUG - 2026-08-23 22:59:13 --> Session: Class initialized using 'CodeIgniter\Session\Handlers\FileHandler' driver.
DEBUG - 2026-08-23 22:59:16 --> Session: Class initialized using 'CodeIgniter\Session\Handlers\FileHandler' driver.
DEBUG - 2026-08-23 22:59:18 --> Session: Class initialized using 'CodeIgniter\Session\Handlers\FileHandler' driver.
DEBUG - 2026-08-23 22:59:46 --> Session: Class initialized using 'CodeIgniter\Session\Handlers\FileHandler' driver.
DEBUG - 2026-08-23 23:00:16 --> Session: Class initialized using 'CodeIgniter\Session\Handlers\FileHandler' driver.
