CRITICAL - 2026-08-21 20:16:00 --> Error: Undefined constant "CodeIgniter\Database\MySQLi\MYSQLI_STORE_RESULT"
[Method: CLI, Route: migrate:status]
in SYSTEMPATH\Database\Database.php on line 147.
 1 SYSTEMPATH\Database\Database.php(61): CodeIgniter\Database\Database->initDriver()
 2 SYSTEMPATH\Database\Config.php(82): CodeIgniter\Database\Database->load()
 3 SYSTEMPATH\Common.php(403): CodeIgniter\Database\Config::connect()
 4 SYSTEMPATH\Database\MigrationRunner.php(156): db_connect()
 5 SYSTEMPATH\Config\Services.php(421): CodeIgniter\Database\MigrationRunner->__construct()
 6 SYSTEMPATH\Config\BaseService.php(325): CodeIgniter\Config\Services::migrations()
 7 SYSTEMPATH\Config\BaseService.php(264): CodeIgniter\Config\BaseService::__callStatic()
 8 SYSTEMPATH\Config\Services.php(416): CodeIgniter\Config\BaseService::getSharedInstance()
 9 SYSTEMPATH\Config\BaseService.php(334): CodeIgniter\Config\Services::migrations()
10 SYSTEMPATH\Config\BaseService.php(203): CodeIgniter\Config\BaseService::__callStatic()
11 SYSTEMPATH\Common.php(1096): CodeIgniter\Config\BaseService::get()
12 SYSTEMPATH\Commands\Database\MigrateStatus.php(85): service()
13 SYSTEMPATH\CLI\Commands.php(72): CodeIgniter\Commands\Database\MigrateStatus->run()
14 SYSTEMPATH\CLI\Console.php(47): CodeIgniter\CLI\Commands->run()
15 SYSTEMPATH\Boot.php(444): CodeIgniter\CLI\Console->run()
16 SYSTEMPATH\Boot.php(166): CodeIgniter\Boot::runCommand()
17 ROOTPATH\spark(87): CodeIgniter\Boot::bootSpark()
INFO - 2026-08-21 20:25:02 --> CSRF token verified.
CRITICAL - 2026-08-21 20:25:02 --> CodeIgniter\Exceptions\InvalidArgumentException: Cache key contains reserved characters {}()/\@:
[Method: POST, Route: login]
in SYSTEMPATH\Cache\Handlers\BaseHandler.php on line 71.
 1 SYSTEMPATH\Cache\Handlers\FileHandler.php(81): CodeIgniter\Cache\Handlers\BaseHandler::validateKey()
 2 SYSTEMPATH\Throttle\Throttler.php(104): CodeIgniter\Cache\Handlers\FileHandler->get()
 3 APPPATH\Controllers\Auth.php(31): CodeIgniter\Throttle\Throttler->check()
 4 SYSTEMPATH\CodeIgniter.php(974): App\Controllers\Auth->loginProcess()
 5 SYSTEMPATH\CodeIgniter.php(520): CodeIgniter\CodeIgniter->runController()
 6 SYSTEMPATH\CodeIgniter.php(363): CodeIgniter\CodeIgniter->handleRequest()
 7 SYSTEMPATH\Boot.php(417): CodeIgniter\CodeIgniter->run()
 8 SYSTEMPATH\Boot.php(68): CodeIgniter\Boot::runCodeIgniter()
 9 FCPATH\index.php(59): CodeIgniter\Boot::bootWeb()
10 SYSTEMPATH\rewrite.php(44): require_once('C:\\Sistemas\\Dias Imports\\Dias Importes - Marketing v2\\sistema\\public\\index.php')
INFO - 2026-08-21 20:25:36 --> CSRF token verified.
CRITICAL - 2026-08-21 20:25:36 --> CodeIgniter\Exceptions\InvalidArgumentException: Cache key contains reserved characters {}()/\@:
[Method: POST, Route: login]
in SYSTEMPATH\Cache\Handlers\BaseHandler.php on line 71.
 1 SYSTEMPATH\Cache\Handlers\FileHandler.php(81): CodeIgniter\Cache\Handlers\BaseHandler::validateKey()
 2 SYSTEMPATH\Throttle\Throttler.php(104): CodeIgniter\Cache\Handlers\FileHandler->get()
 3 APPPATH\Controllers\Auth.php(31): CodeIgniter\Throttle\Throttler->check()
 4 SYSTEMPATH\CodeIgniter.php(974): App\Controllers\Auth->loginProcess()
 5 SYSTEMPATH\CodeIgniter.php(520): CodeIgniter\CodeIgniter->runController()
 6 SYSTEMPATH\CodeIgniter.php(363): CodeIgniter\CodeIgniter->handleRequest()
 7 SYSTEMPATH\Boot.php(417): CodeIgniter\CodeIgniter->run()
 8 SYSTEMPATH\Boot.php(68): CodeIgniter\Boot::runCodeIgniter()
 9 FCPATH\index.php(59): CodeIgniter\Boot::bootWeb()
10 SYSTEMPATH\rewrite.php(44): require_once('C:\\Sistemas\\Dias Imports\\Dias Importes - Marketing v2\\sistema\\public\\index.php')
INFO - 2026-08-21 20:25:57 --> CSRF token verified.
CRITICAL - 2026-08-21 20:25:57 --> CodeIgniter\Exceptions\InvalidArgumentException: Cache key contains reserved characters {}()/\@:
[Method: POST, Route: login]
in SYSTEMPATH\Cache\Handlers\BaseHandler.php on line 71.
 1 SYSTEMPATH\Cache\Handlers\FileHandler.php(81): CodeIgniter\Cache\Handlers\BaseHandler::validateKey()
 2 SYSTEMPATH\Throttle\Throttler.php(104): CodeIgniter\Cache\Handlers\FileHandler->get()
 3 APPPATH\Controllers\Auth.php(31): CodeIgniter\Throttle\Throttler->check()
 4 SYSTEMPATH\CodeIgniter.php(974): App\Controllers\Auth->loginProcess()
 5 SYSTEMPATH\CodeIgniter.php(520): CodeIgniter\CodeIgniter->runController()
 6 SYSTEMPATH\CodeIgniter.php(363): CodeIgniter\CodeIgniter->handleRequest()
 7 SYSTEMPATH\Boot.php(417): CodeIgniter\CodeIgniter->run()
 8 SYSTEMPATH\Boot.php(68): CodeIgniter\Boot::runCodeIgniter()
 9 FCPATH\index.php(59): CodeIgniter\Boot::bootWeb()
10 SYSTEMPATH\rewrite.php(44): require_once('C:\\Sistemas\\Dias Imports\\Dias Importes - Marketing v2\\sistema\\public\\index.php')
INFO - 2026-08-21 20:26:33 --> CSRF token verified.
CRITICAL - 2026-08-21 20:26:33 --> CodeIgniter\Exceptions\InvalidArgumentException: Cache key contains reserved characters {}()/\@:
[Method: POST, Route: login]
in SYSTEMPATH\Cache\Handlers\BaseHandler.php on line 71.
 1 SYSTEMPATH\Cache\Handlers\FileHandler.php(81): CodeIgniter\Cache\Handlers\BaseHandler::validateKey()
 2 SYSTEMPATH\Throttle\Throttler.php(104): CodeIgniter\Cache\Handlers\FileHandler->get()
 3 APPPATH\Controllers\Auth.php(31): CodeIgniter\Throttle\Throttler->check()
 4 SYSTEMPATH\CodeIgniter.php(974): App\Controllers\Auth->loginProcess()
 5 SYSTEMPATH\CodeIgniter.php(520): CodeIgniter\CodeIgniter->runController()
 6 SYSTEMPATH\CodeIgniter.php(363): CodeIgniter\CodeIgniter->handleRequest()
 7 SYSTEMPATH\Boot.php(417): CodeIgniter\CodeIgniter->run()
 8 SYSTEMPATH\Boot.php(68): CodeIgniter\Boot::runCodeIgniter()
 9 FCPATH\index.php(59): CodeIgniter\Boot::bootWeb()
10 SYSTEMPATH\rewrite.php(44): require_once('C:\\Sistemas\\Dias Imports\\Dias Importes - Marketing v2\\sistema\\public\\index.php')
INFO - 2026-08-21 20:30:14 --> CSRF token verified.
CRITICAL - 2026-08-21 20:30:14 --> CodeIgniter\Exceptions\InvalidArgumentException: Cache key contains reserved characters {}()/\@:
[Method: POST, Route: login]
in SYSTEMPATH\Cache\Handlers\BaseHandler.php on line 71.
 1 SYSTEMPATH\Cache\Handlers\FileHandler.php(81): CodeIgniter\Cache\Handlers\BaseHandler::validateKey()
 2 SYSTEMPATH\Throttle\Throttler.php(104): CodeIgniter\Cache\Handlers\FileHandler->get()
 3 APPPATH\Controllers\Auth.php(31): CodeIgniter\Throttle\Throttler->check()
 4 SYSTEMPATH\CodeIgniter.php(974): App\Controllers\Auth->loginProcess()
 5 SYSTEMPATH\CodeIgniter.php(520): CodeIgniter\CodeIgniter->runController()
 6 SYSTEMPATH\CodeIgniter.php(363): CodeIgniter\CodeIgniter->handleRequest()
 7 SYSTEMPATH\Boot.php(417): CodeIgniter\CodeIgniter->run()
 8 SYSTEMPATH\Boot.php(68): CodeIgniter\Boot::runCodeIgniter()
 9 FCPATH\index.php(59): CodeIgniter\Boot::bootWeb()
10 SYSTEMPATH\rewrite.php(44): require_once('C:\\Sistemas\\Dias Imports\\Dias Importes - Marketing v2\\sistema\\public\\index.php')
DEBUG - 2026-08-21 20:30:41 --> Session: Class initialized using 'CodeIgniter\Session\Handlers\FileHandler' driver.
DEBUG - 2026-08-21 20:30:43 --> Session: Class initialized using 'CodeIgniter\Session\Handlers\FileHandler' driver.
INFO - 2026-08-21 20:30:52 --> CSRF token verified.
CRITICAL - 2026-08-21 20:30:52 --> CodeIgniter\Exceptions\InvalidArgumentException: Cache key contains reserved characters {}()/\@:
[Method: POST, Route: login]
in SYSTEMPATH\Cache\Handlers\BaseHandler.php on line 71.
 1 SYSTEMPATH\Cache\Handlers\FileHandler.php(81): CodeIgniter\Cache\Handlers\BaseHandler::validateKey()
 2 SYSTEMPATH\Throttle\Throttler.php(104): CodeIgniter\Cache\Handlers\FileHandler->get()
 3 APPPATH\Controllers\Auth.php(31): CodeIgniter\Throttle\Throttler->check()
 4 SYSTEMPATH\CodeIgniter.php(974): App\Controllers\Auth->loginProcess()
 5 SYSTEMPATH\CodeIgniter.php(520): CodeIgniter\CodeIgniter->runController()
 6 SYSTEMPATH\CodeIgniter.php(363): CodeIgniter\CodeIgniter->handleRequest()
 7 SYSTEMPATH\Boot.php(417): CodeIgniter\CodeIgniter->run()
 8 SYSTEMPATH\Boot.php(68): CodeIgniter\Boot::runCodeIgniter()
 9 FCPATH\index.php(59): CodeIgniter\Boot::bootWeb()
10 SYSTEMPATH\rewrite.php(44): require_once('C:\\Sistemas\\Dias Imports\\Dias Importes - Marketing v2\\sistema\\public\\index.php')
INFO - 2026-08-21 20:32:29 --> CSRF token verified.
CRITICAL - 2026-08-21 20:32:29 --> Error: Undefined constant "CodeIgniter\Database\MySQLi\MYSQLI_STORE_RESULT"
[Method: POST, Route: login]
in SYSTEMPATH\Database\Database.php on line 147.
 1 SYSTEMPATH\Database\Database.php(61): CodeIgniter\Database\Database->initDriver()
 2 SYSTEMPATH\Database\Config.php(82): CodeIgniter\Database\Database->load()
 3 SYSTEMPATH\Model.php(152): CodeIgniter\Database\Config::connect()
 4 APPPATH\Controllers\Auth.php(49): CodeIgniter\Model->__construct()
 5 SYSTEMPATH\CodeIgniter.php(974): App\Controllers\Auth->loginProcess()
 6 SYSTEMPATH\CodeIgniter.php(520): CodeIgniter\CodeIgniter->runController()
 7 SYSTEMPATH\CodeIgniter.php(363): CodeIgniter\CodeIgniter->handleRequest()
 8 SYSTEMPATH\Boot.php(417): CodeIgniter\CodeIgniter->run()
 9 SYSTEMPATH\Boot.php(68): CodeIgniter\Boot::runCodeIgniter()
10 FCPATH\index.php(59): CodeIgniter\Boot::bootWeb()
11 SYSTEMPATH\rewrite.php(44): require_once('C:\\Sistemas\\Dias Imports\\Dias Importes - Marketing v2\\sistema\\public\\index.php')
INFO - 2026-08-21 20:32:35 --> CSRF token verified.
CRITICAL - 2026-08-21 20:32:35 --> Error: Undefined constant "CodeIgniter\Database\MySQLi\MYSQLI_STORE_RESULT"
[Method: POST, Route: login]
in SYSTEMPATH\Database\Database.php on line 147.
 1 SYSTEMPATH\Database\Database.php(61): CodeIgniter\Database\Database->initDriver()
 2 SYSTEMPATH\Database\Config.php(82): CodeIgniter\Database\Database->load()
 3 SYSTEMPATH\Model.php(152): CodeIgniter\Database\Config::connect()
 4 APPPATH\Controllers\Auth.php(49): CodeIgniter\Model->__construct()
 5 SYSTEMPATH\CodeIgniter.php(974): App\Controllers\Auth->loginProcess()
 6 SYSTEMPATH\CodeIgniter.php(520): CodeIgniter\CodeIgniter->runController()
 7 SYSTEMPATH\CodeIgniter.php(363): CodeIgniter\CodeIgniter->handleRequest()
 8 SYSTEMPATH\Boot.php(417): CodeIgniter\CodeIgniter->run()
 9 SYSTEMPATH\Boot.php(68): CodeIgniter\Boot::runCodeIgniter()
10 FCPATH\index.php(59): CodeIgniter\Boot::bootWeb()
11 SYSTEMPATH\rewrite.php(44): require_once('C:\\Sistemas\\Dias Imports\\Dias Importes - Marketing v2\\sistema\\public\\index.php')
INFO - 2026-08-21 20:32:41 --> CSRF token verified.
CRITICAL - 2026-08-21 20:32:41 --> Error: Undefined constant "CodeIgniter\Database\MySQLi\MYSQLI_STORE_RESULT"
[Method: POST, Route: login]
in SYSTEMPATH\Database\Database.php on line 147.
 1 SYSTEMPATH\Database\Database.php(61): CodeIgniter\Database\Database->initDriver()
 2 SYSTEMPATH\Database\Config.php(82): CodeIgniter\Database\Database->load()
 3 SYSTEMPATH\Model.php(152): CodeIgniter\Database\Config::connect()
 4 APPPATH\Controllers\Auth.php(49): CodeIgniter\Model->__construct()
 5 SYSTEMPATH\CodeIgniter.php(974): App\Controllers\Auth->loginProcess()
 6 SYSTEMPATH\CodeIgniter.php(520): CodeIgniter\CodeIgniter->runController()
 7 SYSTEMPATH\CodeIgniter.php(363): CodeIgniter\CodeIgniter->handleRequest()
 8 SYSTEMPATH\Boot.php(417): CodeIgniter\CodeIgniter->run()
 9 SYSTEMPATH\Boot.php(68): CodeIgniter\Boot::runCodeIgniter()
10 FCPATH\index.php(59): CodeIgniter\Boot::bootWeb()
11 SYSTEMPATH\rewrite.php(44): require_once('C:\\Sistemas\\Dias Imports\\Dias Importes - Marketing v2\\sistema\\public\\index.php')
INFO - 2026-08-21 20:33:03 --> CSRF token verified.
CRITICAL - 2026-08-21 20:33:03 --> Error: Undefined constant "CodeIgniter\Database\MySQLi\MYSQLI_STORE_RESULT"
[Method: POST, Route: login]
in SYSTEMPATH\Database\Database.php on line 147.
 1 SYSTEMPATH\Database\Database.php(61): CodeIgniter\Database\Database->initDriver()
 2 SYSTEMPATH\Database\Config.php(82): CodeIgniter\Database\Database->load()
 3 SYSTEMPATH\Model.php(152): CodeIgniter\Database\Config::connect()
 4 APPPATH\Controllers\Auth.php(49): CodeIgniter\Model->__construct()
 5 SYSTEMPATH\CodeIgniter.php(974): App\Controllers\Auth->loginProcess()
 6 SYSTEMPATH\CodeIgniter.php(520): CodeIgniter\CodeIgniter->runController()
 7 SYSTEMPATH\CodeIgniter.php(363): CodeIgniter\CodeIgniter->handleRequest()
 8 SYSTEMPATH\Boot.php(417): CodeIgniter\CodeIgniter->run()
 9 SYSTEMPATH\Boot.php(68): CodeIgniter\Boot::runCodeIgniter()
10 FCPATH\index.php(59): CodeIgniter\Boot::bootWeb()
11 SYSTEMPATH\rewrite.php(44): require_once('C:\\Sistemas\\Dias Imports\\Dias Importes - Marketing v2\\sistema\\public\\index.php')
INFO - 2026-08-21 20:34:04 --> CSRF token verified.
CRITICAL - 2026-08-21 20:34:04 --> Error: Undefined constant "CodeIgniter\Database\MySQLi\MYSQLI_STORE_RESULT"
[Method: POST, Route: login]
in SYSTEMPATH\Database\Database.php on line 147.
 1 SYSTEMPATH\Database\Database.php(61): CodeIgniter\Database\Database->initDriver()
 2 SYSTEMPATH\Database\Config.php(82): CodeIgniter\Database\Database->load()
 3 SYSTEMPATH\Model.php(152): CodeIgniter\Database\Config::connect()
 4 APPPATH\Controllers\Auth.php(49): CodeIgniter\Model->__construct()
 5 SYSTEMPATH\CodeIgniter.php(974): App\Controllers\Auth->loginProcess()
 6 SYSTEMPATH\CodeIgniter.php(520): CodeIgniter\CodeIgniter->runController()
 7 SYSTEMPATH\CodeIgniter.php(363): CodeIgniter\CodeIgniter->handleRequest()
 8 SYSTEMPATH\Boot.php(417): CodeIgniter\CodeIgniter->run()
 9 SYSTEMPATH\Boot.php(68): CodeIgniter\Boot::runCodeIgniter()
10 FCPATH\index.php(59): CodeIgniter\Boot::bootWeb()
11 SYSTEMPATH\rewrite.php(44): require_once('C:\\Sistemas\\Dias Imports\\Dias Importes - Marketing v2\\sistema\\public\\index.php')
INFO - 2026-08-21 20:34:24 --> CSRF token verified.
DEBUG - 2026-08-21 20:34:25 --> Session: Class initialized using 'CodeIgniter\Session\Handlers\FileHandler' driver.
DEBUG - 2026-08-21 20:34:33 --> Session: Class initialized using 'CodeIgniter\Session\Handlers\FileHandler' driver.
DEBUG - 2026-08-21 20:34:44 --> Session: Class initialized using 'CodeIgniter\Session\Handlers\FileHandler' driver.
DEBUG - 2026-08-21 20:39:21 --> Session: Class initialized using 'CodeIgniter\Session\Handlers\FileHandler' driver.
DEBUG - 2026-08-21 20:44:43 --> Session: Class initialized using 'CodeIgniter\Session\Handlers\FileHandler' driver.
DEBUG - 2026-08-21 20:44:43 --> Session: Class initialized using 'CodeIgniter\Session\Handlers\FileHandler' driver.
DEBUG - 2026-08-21 20:45:07 --> Session: Class initialized using 'CodeIgniter\Session\Handlers\FileHandler' driver.
DEBUG - 2026-08-21 20:45:14 --> Session: Class initialized using 'CodeIgniter\Session\Handlers\FileHandler' driver.
DEBUG - 2026-08-21 20:45:16 --> Session: Class initialized using 'CodeIgniter\Session\Handlers\FileHandler' driver.
DEBUG - 2026-08-21 20:45:17 --> Session: Class initialized using 'CodeIgniter\Session\Handlers\FileHandler' driver.
DEBUG - 2026-08-21 20:45:17 --> Session: Class initialized using 'CodeIgniter\Session\Handlers\FileHandler' driver.
DEBUG - 2026-08-21 20:45:19 --> Session: Class initialized using 'CodeIgniter\Session\Handlers\FileHandler' driver.
DEBUG - 2026-08-21 20:45:20 --> Session: Class initialized using 'CodeIgniter\Session\Handlers\FileHandler' driver.
DEBUG - 2026-08-21 20:45:20 --> Session: Class initialized using 'CodeIgniter\Session\Handlers\FileHandler' driver.
DEBUG - 2026-08-21 20:45:24 --> Session: Class initialized using 'CodeIgniter\Session\Handlers\FileHandler' driver.
INFO - 2026-08-21 20:45:24 --> CSRF token verified.
DEBUG - 2026-08-21 20:45:25 --> Session: Class initialized using 'CodeIgniter\Session\Handlers\FileHandler' driver.
INFO - 2026-08-21 20:45:34 --> CSRF token verified.
DEBUG - 2026-08-21 20:45:35 --> Session: Class initialized using 'CodeIgniter\Session\Handlers\FileHandler' driver.
DEBUG - 2026-08-21 20:45:35 --> Session: Class initialized using 'CodeIgniter\Session\Handlers\FileHandler' driver.
INFO - 2026-08-21 20:45:40 --> CSRF token verified.
DEBUG - 2026-08-21 20:45:41 --> Session: Class initialized using 'CodeIgniter\Session\Handlers\FileHandler' driver.
DEBUG - 2026-08-21 20:45:41 --> Session: Class initialized using 'CodeIgniter\Session\Handlers\FileHandler' driver.
DEBUG - 2026-08-21 20:46:02 --> Session: Class initialized using 'CodeIgniter\Session\Handlers\FileHandler' driver.
DEBUG - 2026-08-21 20:48:37 --> Session: Class initialized using 'CodeIgniter\Session\Handlers\FileHandler' driver.
DEBUG - 2026-08-21 20:50:13 --> Session: Class initialized using 'CodeIgniter\Session\Handlers\FileHandler' driver.
DEBUG - 2026-08-21 20:50:14 --> Session: Class initialized using 'CodeIgniter\Session\Handlers\FileHandler' driver.
DEBUG - 2026-08-21 20:51:27 --> Session: Class initialized using 'CodeIgniter\Session\Handlers\FileHandler' driver.
ERROR - 2026-08-21 20:51:28 --> Table 'dias_imports.app_settings' doesn't exist
in SYSTEMPATH\Database\MySQLi\Connection.php on line 300.
 1 SYSTEMPATH\Database\MySQLi\Connection.php(300): mysqli->query()
 2 SYSTEMPATH\Database\BaseConnection.php(908): CodeIgniter\Database\MySQLi\Connection->execute()
 3 SYSTEMPATH\Database\BaseConnection.php(825): CodeIgniter\Database\BaseConnection->simpleQuery()
 4 SYSTEMPATH\Database\BaseBuilder.php(1659): CodeIgniter\Database\BaseConnection->query()
 5 SYSTEMPATH\Model.php(297): CodeIgniter\Database\BaseBuilder->get()
 6 SYSTEMPATH\BaseModel.php(714): CodeIgniter\Model->doFirst()
 7 APPPATH\Controllers\Home.php(124): CodeIgniter\BaseModel->first()
 8 APPPATH\Controllers\Home.php(87): App\Controllers\Home->renderPage()
 9 SYSTEMPATH\CodeIgniter.php(974): App\Controllers\Home->settings()
10 SYSTEMPATH\CodeIgniter.php(520): CodeIgniter\CodeIgniter->runController()
11 SYSTEMPATH\CodeIgniter.php(363): CodeIgniter\CodeIgniter->handleRequest()
12 SYSTEMPATH\Boot.php(417): CodeIgniter\CodeIgniter->run()
13 SYSTEMPATH\Boot.php(68): CodeIgniter\Boot::runCodeIgniter()
14 FCPATH\index.php(59): CodeIgniter\Boot::bootWeb()
15 SYSTEMPATH\rewrite.php(44): require_once('C:\\Sistemas\\Dias Imports\\Dias Importes - Marketing v2\\sistema\\public\\index.php')
CRITICAL - 2026-08-21 20:51:28 --> CodeIgniter\Database\Exceptions\DatabaseException: Table 'dias_imports.app_settings' doesn't exist
[Method: GET, Route: configuracoes]
in SYSTEMPATH\Database\BaseConnection.php on line 863.
 1 SYSTEMPATH\Database\BaseBuilder.php(1659): CodeIgniter\Database\BaseConnection->query()
 2 SYSTEMPATH\Model.php(297): CodeIgniter\Database\BaseBuilder->get()
 3 SYSTEMPATH\BaseModel.php(714): CodeIgniter\Model->doFirst()
 4 APPPATH\Controllers\Home.php(124): CodeIgniter\BaseModel->first()
 5 APPPATH\Controllers\Home.php(87): App\Controllers\Home->renderPage()
 6 SYSTEMPATH\CodeIgniter.php(974): App\Controllers\Home->settings()
 7 SYSTEMPATH\CodeIgniter.php(520): CodeIgniter\CodeIgniter->runController()
 8 SYSTEMPATH\CodeIgniter.php(363): CodeIgniter\CodeIgniter->handleRequest()
 9 SYSTEMPATH\Boot.php(417): CodeIgniter\CodeIgniter->run()
10 SYSTEMPATH\Boot.php(68): CodeIgniter\Boot::runCodeIgniter()
11 FCPATH\index.php(59): CodeIgniter\Boot::bootWeb()
12 SYSTEMPATH\rewrite.php(44): require_once('C:\\Sistemas\\Dias Imports\\Dias Importes - Marketing v2\\sistema\\public\\index.php')
CRITICAL - 2026-08-21 20:51:28 --> [Caused by] CodeIgniter\Database\Exceptions\DatabaseException: Table 'dias_imports.app_settings' doesn't exist
in SYSTEMPATH\Database\MySQLi\Connection.php on line 310.
 1 SYSTEMPATH\Database\BaseConnection.php(908): CodeIgniter\Database\MySQLi\Connection->execute()
 2 SYSTEMPATH\Database\BaseConnection.php(825): CodeIgniter\Database\BaseConnection->simpleQuery()
 3 SYSTEMPATH\Database\BaseBuilder.php(1659): CodeIgniter\Database\BaseConnection->query()
 4 SYSTEMPATH\Model.php(297): CodeIgniter\Database\BaseBuilder->get()
 5 SYSTEMPATH\BaseModel.php(714): CodeIgniter\Model->doFirst()
 6 APPPATH\Controllers\Home.php(124): CodeIgniter\BaseModel->first()
 7 APPPATH\Controllers\Home.php(87): App\Controllers\Home->renderPage()
 8 SYSTEMPATH\CodeIgniter.php(974): App\Controllers\Home->settings()
 9 SYSTEMPATH\CodeIgniter.php(520): CodeIgniter\CodeIgniter->runController()
10 SYSTEMPATH\CodeIgniter.php(363): CodeIgniter\CodeIgniter->handleRequest()
11 SYSTEMPATH\Boot.php(417): CodeIgniter\CodeIgniter->run()
12 SYSTEMPATH\Boot.php(68): CodeIgniter\Boot::runCodeIgniter()
13 FCPATH\index.php(59): CodeIgniter\Boot::bootWeb()
14 SYSTEMPATH\rewrite.php(44): require_once('C:\\Sistemas\\Dias Imports\\Dias Importes - Marketing v2\\sistema\\public\\index.php')
CRITICAL - 2026-08-21 20:51:28 --> [Caused by] mysqli_sql_exception: Table 'dias_imports.app_settings' doesn't exist
in SYSTEMPATH\Database\MySQLi\Connection.php on line 300.
 1 SYSTEMPATH\Database\MySQLi\Connection.php(300): mysqli->query()
 2 SYSTEMPATH\Database\BaseConnection.php(908): CodeIgniter\Database\MySQLi\Connection->execute()
 3 SYSTEMPATH\Database\BaseConnection.php(825): CodeIgniter\Database\BaseConnection->simpleQuery()
 4 SYSTEMPATH\Database\BaseBuilder.php(1659): CodeIgniter\Database\BaseConnection->query()
 5 SYSTEMPATH\Model.php(297): CodeIgniter\Database\BaseBuilder->get()
 6 SYSTEMPATH\BaseModel.php(714): CodeIgniter\Model->doFirst()
 7 APPPATH\Controllers\Home.php(124): CodeIgniter\BaseModel->first()
 8 APPPATH\Controllers\Home.php(87): App\Controllers\Home->renderPage()
 9 SYSTEMPATH\CodeIgniter.php(974): App\Controllers\Home->settings()
10 SYSTEMPATH\CodeIgniter.php(520): CodeIgniter\CodeIgniter->runController()
11 SYSTEMPATH\CodeIgniter.php(363): CodeIgniter\CodeIgniter->handleRequest()
12 SYSTEMPATH\Boot.php(417): CodeIgniter\CodeIgniter->run()
13 SYSTEMPATH\Boot.php(68): CodeIgniter\Boot::runCodeIgniter()
14 FCPATH\index.php(59): CodeIgniter\Boot::bootWeb()
15 SYSTEMPATH\rewrite.php(44): require_once('C:\\Sistemas\\Dias Imports\\Dias Importes - Marketing v2\\sistema\\public\\index.php')
DEBUG - 2026-08-21 20:51:48 --> Session: Class initialized using 'CodeIgniter\Session\Handlers\FileHandler' driver.
ERROR - 2026-08-21 20:51:49 --> Table 'dias_imports.app_settings' doesn't exist
in SYSTEMPATH\Database\MySQLi\Connection.php on line 300.
 1 SYSTEMPATH\Database\MySQLi\Connection.php(300): mysqli->query()
 2 SYSTEMPATH\Database\BaseConnection.php(908): CodeIgniter\Database\MySQLi\Connection->execute()
 3 SYSTEMPATH\Database\BaseConnection.php(825): CodeIgniter\Database\BaseConnection->simpleQuery()
 4 SYSTEMPATH\Database\BaseBuilder.php(1659): CodeIgniter\Database\BaseConnection->query()
 5 SYSTEMPATH\Model.php(297): CodeIgniter\Database\BaseBuilder->get()
 6 SYSTEMPATH\BaseModel.php(714): CodeIgniter\Model->doFirst()
 7 APPPATH\Controllers\Home.php(124): CodeIgniter\BaseModel->first()
 8 APPPATH\Controllers\Home.php(87): App\Controllers\Home->renderPage()
 9 SYSTEMPATH\CodeIgniter.php(974): App\Controllers\Home->settings()
10 SYSTEMPATH\CodeIgniter.php(520): CodeIgniter\CodeIgniter->runController()
11 SYSTEMPATH\CodeIgniter.php(363): CodeIgniter\CodeIgniter->handleRequest()
12 SYSTEMPATH\Boot.php(417): CodeIgniter\CodeIgniter->run()
13 SYSTEMPATH\Boot.php(68): CodeIgniter\Boot::runCodeIgniter()
14 FCPATH\index.php(59): CodeIgniter\Boot::bootWeb()
15 SYSTEMPATH\rewrite.php(44): require_once('C:\\Sistemas\\Dias Imports\\Dias Importes - Marketing v2\\sistema\\public\\index.php')
CRITICAL - 2026-08-21 20:51:49 --> CodeIgniter\Database\Exceptions\DatabaseException: Table 'dias_imports.app_settings' doesn't exist
[Method: GET, Route: configuracoes]
in SYSTEMPATH\Database\BaseConnection.php on line 863.
 1 SYSTEMPATH\Database\BaseBuilder.php(1659): CodeIgniter\Database\BaseConnection->query()
 2 SYSTEMPATH\Model.php(297): CodeIgniter\Database\BaseBuilder->get()
 3 SYSTEMPATH\BaseModel.php(714): CodeIgniter\Model->doFirst()
 4 APPPATH\Controllers\Home.php(124): CodeIgniter\BaseModel->first()
 5 APPPATH\Controllers\Home.php(87): App\Controllers\Home->renderPage()
 6 SYSTEMPATH\CodeIgniter.php(974): App\Controllers\Home->settings()
 7 SYSTEMPATH\CodeIgniter.php(520): CodeIgniter\CodeIgniter->runController()
 8 SYSTEMPATH\CodeIgniter.php(363): CodeIgniter\CodeIgniter->handleRequest()
 9 SYSTEMPATH\Boot.php(417): CodeIgniter\CodeIgniter->run()
10 SYSTEMPATH\Boot.php(68): CodeIgniter\Boot::runCodeIgniter()
11 FCPATH\index.php(59): CodeIgniter\Boot::bootWeb()
12 SYSTEMPATH\rewrite.php(44): require_once('C:\\Sistemas\\Dias Imports\\Dias Importes - Marketing v2\\sistema\\public\\index.php')
CRITICAL - 2026-08-21 20:51:49 --> [Caused by] CodeIgniter\Database\Exceptions\DatabaseException: Table 'dias_imports.app_settings' doesn't exist
in SYSTEMPATH\Database\MySQLi\Connection.php on line 310.
 1 SYSTEMPATH\Database\BaseConnection.php(908): CodeIgniter\Database\MySQLi\Connection->execute()
 2 SYSTEMPATH\Database\BaseConnection.php(825): CodeIgniter\Database\BaseConnection->simpleQuery()
 3 SYSTEMPATH\Database\BaseBuilder.php(1659): CodeIgniter\Database\BaseConnection->query()
 4 SYSTEMPATH\Model.php(297): CodeIgniter\Database\BaseBuilder->get()
 5 SYSTEMPATH\BaseModel.php(714): CodeIgniter\Model->doFirst()
 6 APPPATH\Controllers\Home.php(124): CodeIgniter\BaseModel->first()
 7 APPPATH\Controllers\Home.php(87): App\Controllers\Home->renderPage()
 8 SYSTEMPATH\CodeIgniter.php(974): App\Controllers\Home->settings()
 9 SYSTEMPATH\CodeIgniter.php(520): CodeIgniter\CodeIgniter->runController()
10 SYSTEMPATH\CodeIgniter.php(363): CodeIgniter\CodeIgniter->handleRequest()
11 SYSTEMPATH\Boot.php(417): CodeIgniter\CodeIgniter->run()
12 SYSTEMPATH\Boot.php(68): CodeIgniter\Boot::runCodeIgniter()
13 FCPATH\index.php(59): CodeIgniter\Boot::bootWeb()
14 SYSTEMPATH\rewrite.php(44): require_once('C:\\Sistemas\\Dias Imports\\Dias Importes - Marketing v2\\sistema\\public\\index.php')
CRITICAL - 2026-08-21 20:51:49 --> [Caused by] mysqli_sql_exception: Table 'dias_imports.app_settings' doesn't exist
in SYSTEMPATH\Database\MySQLi\Connection.php on line 300.
 1 SYSTEMPATH\Database\MySQLi\Connection.php(300): mysqli->query()
 2 SYSTEMPATH\Database\BaseConnection.php(908): CodeIgniter\Database\MySQLi\Connection->execute()
 3 SYSTEMPATH\Database\BaseConnection.php(825): CodeIgniter\Database\BaseConnection->simpleQuery()
 4 SYSTEMPATH\Database\BaseBuilder.php(1659): CodeIgniter\Database\BaseConnection->query()
 5 SYSTEMPATH\Model.php(297): CodeIgniter\Database\BaseBuilder->get()
 6 SYSTEMPATH\BaseModel.php(714): CodeIgniter\Model->doFirst()
 7 APPPATH\Controllers\Home.php(124): CodeIgniter\BaseModel->first()
 8 APPPATH\Controllers\Home.php(87): App\Controllers\Home->renderPage()
 9 SYSTEMPATH\CodeIgniter.php(974): App\Controllers\Home->settings()
10 SYSTEMPATH\CodeIgniter.php(520): CodeIgniter\CodeIgniter->runController()
11 SYSTEMPATH\CodeIgniter.php(363): CodeIgniter\CodeIgniter->handleRequest()
12 SYSTEMPATH\Boot.php(417): CodeIgniter\CodeIgniter->run()
13 SYSTEMPATH\Boot.php(68): CodeIgniter\Boot::runCodeIgniter()
14 FCPATH\index.php(59): CodeIgniter\Boot::bootWeb()
15 SYSTEMPATH\rewrite.php(44): require_once('C:\\Sistemas\\Dias Imports\\Dias Importes - Marketing v2\\sistema\\public\\index.php')
DEBUG - 2026-08-21 20:52:24 --> Session: Class initialized using 'CodeIgniter\Session\Handlers\FileHandler' driver.
ERROR - 2026-08-21 20:52:25 --> Table 'dias_imports.app_settings' doesn't exist
in SYSTEMPATH\Database\MySQLi\Connection.php on line 300.
 1 SYSTEMPATH\Database\MySQLi\Connection.php(300): mysqli->query()
 2 SYSTEMPATH\Database\BaseConnection.php(908): CodeIgniter\Database\MySQLi\Connection->execute()
 3 SYSTEMPATH\Database\BaseConnection.php(825): CodeIgniter\Database\BaseConnection->simpleQuery()
 4 SYSTEMPATH\Database\BaseBuilder.php(1659): CodeIgniter\Database\BaseConnection->query()
 5 SYSTEMPATH\Model.php(297): CodeIgniter\Database\BaseBuilder->get()
 6 SYSTEMPATH\BaseModel.php(714): CodeIgniter\Model->doFirst()
 7 APPPATH\Controllers\Home.php(124): CodeIgniter\BaseModel->first()
 8 APPPATH\Controllers\Home.php(87): App\Controllers\Home->renderPage()
 9 SYSTEMPATH\CodeIgniter.php(974): App\Controllers\Home->settings()
10 SYSTEMPATH\CodeIgniter.php(520): CodeIgniter\CodeIgniter->runController()
11 SYSTEMPATH\CodeIgniter.php(363): CodeIgniter\CodeIgniter->handleRequest()
12 SYSTEMPATH\Boot.php(417): CodeIgniter\CodeIgniter->run()
13 SYSTEMPATH\Boot.php(68): CodeIgniter\Boot::runCodeIgniter()
14 FCPATH\index.php(59): CodeIgniter\Boot::bootWeb()
15 SYSTEMPATH\rewrite.php(44): require_once('C:\\Sistemas\\Dias Imports\\Dias Importes - Marketing v2\\sistema\\public\\index.php')
CRITICAL - 2026-08-21 20:52:25 --> CodeIgniter\Database\Exceptions\DatabaseException: Table 'dias_imports.app_settings' doesn't exist
[Method: GET, Route: configuracoes]
in SYSTEMPATH\Database\BaseConnection.php on line 863.
 1 SYSTEMPATH\Database\BaseBuilder.php(1659): CodeIgniter\Database\BaseConnection->query()
 2 SYSTEMPATH\Model.php(297): CodeIgniter\Database\BaseBuilder->get()
 3 SYSTEMPATH\BaseModel.php(714): CodeIgniter\Model->doFirst()
 4 APPPATH\Controllers\Home.php(124): CodeIgniter\BaseModel->first()
 5 APPPATH\Controllers\Home.php(87): App\Controllers\Home->renderPage()
 6 SYSTEMPATH\CodeIgniter.php(974): App\Controllers\Home->settings()
 7 SYSTEMPATH\CodeIgniter.php(520): CodeIgniter\CodeIgniter->runController()
 8 SYSTEMPATH\CodeIgniter.php(363): CodeIgniter\CodeIgniter->handleRequest()
 9 SYSTEMPATH\Boot.php(417): CodeIgniter\CodeIgniter->run()
10 SYSTEMPATH\Boot.php(68): CodeIgniter\Boot::runCodeIgniter()
11 FCPATH\index.php(59): CodeIgniter\Boot::bootWeb()
12 SYSTEMPATH\rewrite.php(44): require_once('C:\\Sistemas\\Dias Imports\\Dias Importes - Marketing v2\\sistema\\public\\index.php')
CRITICAL - 2026-08-21 20:52:25 --> [Caused by] CodeIgniter\Database\Exceptions\DatabaseException: Table 'dias_imports.app_settings' doesn't exist
in SYSTEMPATH\Database\MySQLi\Connection.php on line 310.
 1 SYSTEMPATH\Database\BaseConnection.php(908): CodeIgniter\Database\MySQLi\Connection->execute()
 2 SYSTEMPATH\Database\BaseConnection.php(825): CodeIgniter\Database\BaseConnection->simpleQuery()
 3 SYSTEMPATH\Database\BaseBuilder.php(1659): CodeIgniter\Database\BaseConnection->query()
 4 SYSTEMPATH\Model.php(297): CodeIgniter\Database\BaseBuilder->get()
 5 SYSTEMPATH\BaseModel.php(714): CodeIgniter\Model->doFirst()
 6 APPPATH\Controllers\Home.php(124): CodeIgniter\BaseModel->first()
 7 APPPATH\Controllers\Home.php(87): App\Controllers\Home->renderPage()
 8 SYSTEMPATH\CodeIgniter.php(974): App\Controllers\Home->settings()
 9 SYSTEMPATH\CodeIgniter.php(520): CodeIgniter\CodeIgniter->runController()
10 SYSTEMPATH\CodeIgniter.php(363): CodeIgniter\CodeIgniter->handleRequest()
11 SYSTEMPATH\Boot.php(417): CodeIgniter\CodeIgniter->run()
12 SYSTEMPATH\Boot.php(68): CodeIgniter\Boot::runCodeIgniter()
13 FCPATH\index.php(59): CodeIgniter\Boot::bootWeb()
14 SYSTEMPATH\rewrite.php(44): require_once('C:\\Sistemas\\Dias Imports\\Dias Importes - Marketing v2\\sistema\\public\\index.php')
CRITICAL - 2026-08-21 20:52:25 --> [Caused by] mysqli_sql_exception: Table 'dias_imports.app_settings' doesn't exist
in SYSTEMPATH\Database\MySQLi\Connection.php on line 300.
 1 SYSTEMPATH\Database\MySQLi\Connection.php(300): mysqli->query()
 2 SYSTEMPATH\Database\BaseConnection.php(908): CodeIgniter\Database\MySQLi\Connection->execute()
 3 SYSTEMPATH\Database\BaseConnection.php(825): CodeIgniter\Database\BaseConnection->simpleQuery()
 4 SYSTEMPATH\Database\BaseBuilder.php(1659): CodeIgniter\Database\BaseConnection->query()
 5 SYSTEMPATH\Model.php(297): CodeIgniter\Database\BaseBuilder->get()
 6 SYSTEMPATH\BaseModel.php(714): CodeIgniter\Model->doFirst()
 7 APPPATH\Controllers\Home.php(124): CodeIgniter\BaseModel->first()
 8 APPPATH\Controllers\Home.php(87): App\Controllers\Home->renderPage()
 9 SYSTEMPATH\CodeIgniter.php(974): App\Controllers\Home->settings()
10 SYSTEMPATH\CodeIgniter.php(520): CodeIgniter\CodeIgniter->runController()
11 SYSTEMPATH\CodeIgniter.php(363): CodeIgniter\CodeIgniter->handleRequest()
12 SYSTEMPATH\Boot.php(417): CodeIgniter\CodeIgniter->run()
13 SYSTEMPATH\Boot.php(68): CodeIgniter\Boot::runCodeIgniter()
14 FCPATH\index.php(59): CodeIgniter\Boot::bootWeb()
15 SYSTEMPATH\rewrite.php(44): require_once('C:\\Sistemas\\Dias Imports\\Dias Importes - Marketing v2\\sistema\\public\\index.php')
DEBUG - 2026-08-21 20:53:15 --> Session: Class initialized using 'CodeIgniter\Session\Handlers\FileHandler' driver.
DEBUG - 2026-08-21 20:53:38 --> Session: Class initialized using 'CodeIgniter\Session\Handlers\FileHandler' driver.
DEBUG - 2026-08-21 20:53:38 --> Session: Class initialized using 'CodeIgniter\Session\Handlers\FileHandler' driver.
DEBUG - 2026-08-21 20:54:42 --> Session: Class initialized using 'CodeIgniter\Session\Handlers\FileHandler' driver.
DEBUG - 2026-08-21 20:55:43 --> Session: Class initialized using 'CodeIgniter\Session\Handlers\FileHandler' driver.
DEBUG - 2026-08-21 20:56:40 --> Session: Class initialized using 'CodeIgniter\Session\Handlers\FileHandler' driver.
DEBUG - 2026-08-21 20:57:06 --> Session: Class initialized using 'CodeIgniter\Session\Handlers\FileHandler' driver.
DEBUG - 2026-08-21 20:57:08 --> Session: Class initialized using 'CodeIgniter\Session\Handlers\FileHandler' driver.
DEBUG - 2026-08-21 20:57:17 --> Session: Class initialized using 'CodeIgniter\Session\Handlers\FileHandler' driver.
INFO - 2026-08-21 20:57:17 --> CSRF token verified.
DEBUG - 2026-08-21 20:57:18 --> Session: Class initialized using 'CodeIgniter\Session\Handlers\FileHandler' driver.
DEBUG - 2026-08-21 20:58:39 --> Session: Class initialized using 'CodeIgniter\Session\Handlers\FileHandler' driver.
DEBUG - 2026-08-21 20:58:51 --> Session: Class initialized using 'CodeIgniter\Session\Handlers\FileHandler' driver.
INFO - 2026-08-21 20:58:51 --> CSRF token verified.
DEBUG - 2026-08-21 20:58:52 --> Session: Class initialized using 'CodeIgniter\Session\Handlers\FileHandler' driver.
DEBUG - 2026-08-21 20:58:59 --> Session: Class initialized using 'CodeIgniter\Session\Handlers\FileHandler' driver.
INFO - 2026-08-21 20:58:59 --> CSRF token verified.
DEBUG - 2026-08-21 20:59:00 --> Session: Class initialized using 'CodeIgniter\Session\Handlers\FileHandler' driver.
DEBUG - 2026-08-21 20:59:07 --> Session: Class initialized using 'CodeIgniter\Session\Handlers\FileHandler' driver.
DEBUG - 2026-08-21 20:59:18 --> Session: Class initialized using 'CodeIgniter\Session\Handlers\FileHandler' driver.
DEBUG - 2026-08-21 20:59:30 --> Session: Class initialized using 'CodeIgniter\Session\Handlers\FileHandler' driver.
DEBUG - 2026-08-21 20:59:49 --> Session: Class initialized using 'CodeIgniter\Session\Handlers\FileHandler' driver.
DEBUG - 2026-08-21 21:01:26 --> Session: Class initialized using 'CodeIgniter\Session\Handlers\FileHandler' driver.
DEBUG - 2026-08-21 21:01:44 --> Session: Class initialized using 'CodeIgniter\Session\Handlers\FileHandler' driver.
INFO - 2026-08-21 21:01:44 --> CSRF token verified.
DEBUG - 2026-08-21 21:01:45 --> Session: Class initialized using 'CodeIgniter\Session\Handlers\FileHandler' driver.
DEBUG - 2026-08-21 21:02:14 --> Session: Class initialized using 'CodeIgniter\Session\Handlers\FileHandler' driver.
DEBUG - 2026-08-21 21:02:17 --> Session: Class initialized using 'CodeIgniter\Session\Handlers\FileHandler' driver.
DEBUG - 2026-08-21 21:02:20 --> Session: Class initialized using 'CodeIgniter\Session\Handlers\FileHandler' driver.
DEBUG - 2026-08-21 21:02:22 --> Session: Class initialized using 'CodeIgniter\Session\Handlers\FileHandler' driver.
DEBUG - 2026-08-21 21:04:58 --> Session: Class initialized using 'CodeIgniter\Session\Handlers\FileHandler' driver.
ERROR - 2026-08-21 21:04:59 --> Table 'dias_imports.company_profile' doesn't exist
in SYSTEMPATH\Database\MySQLi\Connection.php on line 300.
 1 SYSTEMPATH\Database\MySQLi\Connection.php(300): mysqli->query()
 2 SYSTEMPATH\Database\BaseConnection.php(908): CodeIgniter\Database\MySQLi\Connection->execute()
 3 SYSTEMPATH\Database\BaseConnection.php(825): CodeIgniter\Database\BaseConnection->simpleQuery()
 4 SYSTEMPATH\Database\BaseBuilder.php(1659): CodeIgniter\Database\BaseConnection->query()
 5 SYSTEMPATH\Model.php(297): CodeIgniter\Database\BaseBuilder->get()
 6 SYSTEMPATH\BaseModel.php(714): CodeIgniter\Model->doFirst()
 7 APPPATH\Controllers\Home.php(262): CodeIgniter\BaseModel->first()
 8 APPPATH\Controllers\Home.php(93): App\Controllers\Home->renderPage()
 9 SYSTEMPATH\CodeIgniter.php(974): App\Controllers\Home->settings()
10 SYSTEMPATH\CodeIgniter.php(520): CodeIgniter\CodeIgniter->runController()
11 SYSTEMPATH\CodeIgniter.php(363): CodeIgniter\CodeIgniter->handleRequest()
12 SYSTEMPATH\Boot.php(417): CodeIgniter\CodeIgniter->run()
13 SYSTEMPATH\Boot.php(68): CodeIgniter\Boot::runCodeIgniter()
14 FCPATH\index.php(59): CodeIgniter\Boot::bootWeb()
15 SYSTEMPATH\rewrite.php(44): require_once('C:\\Sistemas\\Dias Imports\\Dias Importes - Marketing v2\\sistema\\public\\index.php')
CRITICAL - 2026-08-21 21:04:59 --> CodeIgniter\Database\Exceptions\DatabaseException: Table 'dias_imports.company_profile' doesn't exist
[Method: GET, Route: configuracoes]
in SYSTEMPATH\Database\BaseConnection.php on line 863.
 1 SYSTEMPATH\Database\BaseBuilder.php(1659): CodeIgniter\Database\BaseConnection->query()
 2 SYSTEMPATH\Model.php(297): CodeIgniter\Database\BaseBuilder->get()
 3 SYSTEMPATH\BaseModel.php(714): CodeIgniter\Model->doFirst()
 4 APPPATH\Controllers\Home.php(262): CodeIgniter\BaseModel->first()
 5 APPPATH\Controllers\Home.php(93): App\Controllers\Home->renderPage()
 6 SYSTEMPATH\CodeIgniter.php(974): App\Controllers\Home->settings()
 7 SYSTEMPATH\CodeIgniter.php(520): CodeIgniter\CodeIgniter->runController()
 8 SYSTEMPATH\CodeIgniter.php(363): CodeIgniter\CodeIgniter->handleRequest()
 9 SYSTEMPATH\Boot.php(417): CodeIgniter\CodeIgniter->run()
10 SYSTEMPATH\Boot.php(68): CodeIgniter\Boot::runCodeIgniter()
11 FCPATH\index.php(59): CodeIgniter\Boot::bootWeb()
12 SYSTEMPATH\rewrite.php(44): require_once('C:\\Sistemas\\Dias Imports\\Dias Importes - Marketing v2\\sistema\\public\\index.php')
CRITICAL - 2026-08-21 21:04:59 --> [Caused by] CodeIgniter\Database\Exceptions\DatabaseException: Table 'dias_imports.company_profile' doesn't exist
in SYSTEMPATH\Database\MySQLi\Connection.php on line 310.
 1 SYSTEMPATH\Database\BaseConnection.php(908): CodeIgniter\Database\MySQLi\Connection->execute()
 2 SYSTEMPATH\Database\BaseConnection.php(825): CodeIgniter\Database\BaseConnection->simpleQuery()
 3 SYSTEMPATH\Database\BaseBuilder.php(1659): CodeIgniter\Database\BaseConnection->query()
 4 SYSTEMPATH\Model.php(297): CodeIgniter\Database\BaseBuilder->get()
 5 SYSTEMPATH\BaseModel.php(714): CodeIgniter\Model->doFirst()
 6 APPPATH\Controllers\Home.php(262): CodeIgniter\BaseModel->first()
 7 APPPATH\Controllers\Home.php(93): App\Controllers\Home->renderPage()
 8 SYSTEMPATH\CodeIgniter.php(974): App\Controllers\Home->settings()
 9 SYSTEMPATH\CodeIgniter.php(520): CodeIgniter\CodeIgniter->runController()
10 SYSTEMPATH\CodeIgniter.php(363): CodeIgniter\CodeIgniter->handleRequest()
11 SYSTEMPATH\Boot.php(417): CodeIgniter\CodeIgniter->run()
12 SYSTEMPATH\Boot.php(68): CodeIgniter\Boot::runCodeIgniter()
13 FCPATH\index.php(59): CodeIgniter\Boot::bootWeb()
14 SYSTEMPATH\rewrite.php(44): require_once('C:\\Sistemas\\Dias Imports\\Dias Importes - Marketing v2\\sistema\\public\\index.php')
CRITICAL - 2026-08-21 21:04:59 --> [Caused by] mysqli_sql_exception: Table 'dias_imports.company_profile' doesn't exist
in SYSTEMPATH\Database\MySQLi\Connection.php on line 300.
 1 SYSTEMPATH\Database\MySQLi\Connection.php(300): mysqli->query()
 2 SYSTEMPATH\Database\BaseConnection.php(908): CodeIgniter\Database\MySQLi\Connection->execute()
 3 SYSTEMPATH\Database\BaseConnection.php(825): CodeIgniter\Database\BaseConnection->simpleQuery()
 4 SYSTEMPATH\Database\BaseBuilder.php(1659): CodeIgniter\Database\BaseConnection->query()
 5 SYSTEMPATH\Model.php(297): CodeIgniter\Database\BaseBuilder->get()
 6 SYSTEMPATH\BaseModel.php(714): CodeIgniter\Model->doFirst()
 7 APPPATH\Controllers\Home.php(262): CodeIgniter\BaseModel->first()
 8 APPPATH\Controllers\Home.php(93): App\Controllers\Home->renderPage()
 9 SYSTEMPATH\CodeIgniter.php(974): App\Controllers\Home->settings()
10 SYSTEMPATH\CodeIgniter.php(520): CodeIgniter\CodeIgniter->runController()
11 SYSTEMPATH\CodeIgniter.php(363): CodeIgniter\CodeIgniter->handleRequest()
12 SYSTEMPATH\Boot.php(417): CodeIgniter\CodeIgniter->run()
13 SYSTEMPATH\Boot.php(68): CodeIgniter\Boot::runCodeIgniter()
14 FCPATH\index.php(59): CodeIgniter\Boot::bootWeb()
15 SYSTEMPATH\rewrite.php(44): require_once('C:\\Sistemas\\Dias Imports\\Dias Importes - Marketing v2\\sistema\\public\\index.php')
DEBUG - 2026-08-21 21:06:08 --> Session: Class initialized using 'CodeIgniter\Session\Handlers\FileHandler' driver.
ERROR - 2026-08-21 21:06:09 --> Table 'dias_imports.company_profile' doesn't exist
in SYSTEMPATH\Database\MySQLi\Connection.php on line 300.
 1 SYSTEMPATH\Database\MySQLi\Connection.php(300): mysqli->query()
 2 SYSTEMPATH\Database\BaseConnection.php(908): CodeIgniter\Database\MySQLi\Connection->execute()
 3 SYSTEMPATH\Database\BaseConnection.php(825): CodeIgniter\Database\BaseConnection->simpleQuery()
 4 SYSTEMPATH\Database\BaseBuilder.php(1659): CodeIgniter\Database\BaseConnection->query()
 5 SYSTEMPATH\Model.php(297): CodeIgniter\Database\BaseBuilder->get()
 6 SYSTEMPATH\BaseModel.php(714): CodeIgniter\Model->doFirst()
 7 APPPATH\Controllers\Home.php(262): CodeIgniter\BaseModel->first()
 8 APPPATH\Controllers\Home.php(93): App\Controllers\Home->renderPage()
 9 SYSTEMPATH\CodeIgniter.php(974): App\Controllers\Home->settings()
10 SYSTEMPATH\CodeIgniter.php(520): CodeIgniter\CodeIgniter->runController()
11 SYSTEMPATH\CodeIgniter.php(363): CodeIgniter\CodeIgniter->handleRequest()
12 SYSTEMPATH\Boot.php(417): CodeIgniter\CodeIgniter->run()
13 SYSTEMPATH\Boot.php(68): CodeIgniter\Boot::runCodeIgniter()
14 FCPATH\index.php(59): CodeIgniter\Boot::bootWeb()
15 SYSTEMPATH\rewrite.php(44): require_once('C:\\Sistemas\\Dias Imports\\Dias Importes - Marketing v2\\sistema\\public\\index.php')
CRITICAL - 2026-08-21 21:06:09 --> CodeIgniter\Database\Exceptions\DatabaseException: Table 'dias_imports.company_profile' doesn't exist
[Method: GET, Route: configuracoes]
in SYSTEMPATH\Database\BaseConnection.php on line 863.
 1 SYSTEMPATH\Database\BaseBuilder.php(1659): CodeIgniter\Database\BaseConnection->query()
 2 SYSTEMPATH\Model.php(297): CodeIgniter\Database\BaseBuilder->get()
 3 SYSTEMPATH\BaseModel.php(714): CodeIgniter\Model->doFirst()
 4 APPPATH\Controllers\Home.php(262): CodeIgniter\BaseModel->first()
 5 APPPATH\Controllers\Home.php(93): App\Controllers\Home->renderPage()
 6 SYSTEMPATH\CodeIgniter.php(974): App\Controllers\Home->settings()
 7 SYSTEMPATH\CodeIgniter.php(520): CodeIgniter\CodeIgniter->runController()
 8 SYSTEMPATH\CodeIgniter.php(363): CodeIgniter\CodeIgniter->handleRequest()
 9 SYSTEMPATH\Boot.php(417): CodeIgniter\CodeIgniter->run()
10 SYSTEMPATH\Boot.php(68): CodeIgniter\Boot::runCodeIgniter()
11 FCPATH\index.php(59): CodeIgniter\Boot::bootWeb()
12 SYSTEMPATH\rewrite.php(44): require_once('C:\\Sistemas\\Dias Imports\\Dias Importes - Marketing v2\\sistema\\public\\index.php')
CRITICAL - 2026-08-21 21:06:09 --> [Caused by] CodeIgniter\Database\Exceptions\DatabaseException: Table 'dias_imports.company_profile' doesn't exist
in SYSTEMPATH\Database\MySQLi\Connection.php on line 310.
 1 SYSTEMPATH\Database\BaseConnection.php(908): CodeIgniter\Database\MySQLi\Connection->execute()
 2 SYSTEMPATH\Database\BaseConnection.php(825): CodeIgniter\Database\BaseConnection->simpleQuery()
 3 SYSTEMPATH\Database\BaseBuilder.php(1659): CodeIgniter\Database\BaseConnection->query()
 4 SYSTEMPATH\Model.php(297): CodeIgniter\Database\BaseBuilder->get()
 5 SYSTEMPATH\BaseModel.php(714): CodeIgniter\Model->doFirst()
 6 APPPATH\Controllers\Home.php(262): CodeIgniter\BaseModel->first()
 7 APPPATH\Controllers\Home.php(93): App\Controllers\Home->renderPage()
 8 SYSTEMPATH\CodeIgniter.php(974): App\Controllers\Home->settings()
 9 SYSTEMPATH\CodeIgniter.php(520): CodeIgniter\CodeIgniter->runController()
10 SYSTEMPATH\CodeIgniter.php(363): CodeIgniter\CodeIgniter->handleRequest()
11 SYSTEMPATH\Boot.php(417): CodeIgniter\CodeIgniter->run()
12 SYSTEMPATH\Boot.php(68): CodeIgniter\Boot::runCodeIgniter()
13 FCPATH\index.php(59): CodeIgniter\Boot::bootWeb()
14 SYSTEMPATH\rewrite.php(44): require_once('C:\\Sistemas\\Dias Imports\\Dias Importes - Marketing v2\\sistema\\public\\index.php')
CRITICAL - 2026-08-21 21:06:09 --> [Caused by] mysqli_sql_exception: Table 'dias_imports.company_profile' doesn't exist
in SYSTEMPATH\Database\MySQLi\Connection.php on line 300.
 1 SYSTEMPATH\Database\MySQLi\Connection.php(300): mysqli->query()
 2 SYSTEMPATH\Database\BaseConnection.php(908): CodeIgniter\Database\MySQLi\Connection->execute()
 3 SYSTEMPATH\Database\BaseConnection.php(825): CodeIgniter\Database\BaseConnection->simpleQuery()
 4 SYSTEMPATH\Database\BaseBuilder.php(1659): CodeIgniter\Database\BaseConnection->query()
 5 SYSTEMPATH\Model.php(297): CodeIgniter\Database\BaseBuilder->get()
 6 SYSTEMPATH\BaseModel.php(714): CodeIgniter\Model->doFirst()
 7 APPPATH\Controllers\Home.php(262): CodeIgniter\BaseModel->first()
 8 APPPATH\Controllers\Home.php(93): App\Controllers\Home->renderPage()
 9 SYSTEMPATH\CodeIgniter.php(974): App\Controllers\Home->settings()
10 SYSTEMPATH\CodeIgniter.php(520): CodeIgniter\CodeIgniter->runController()
11 SYSTEMPATH\CodeIgniter.php(363): CodeIgniter\CodeIgniter->handleRequest()
12 SYSTEMPATH\Boot.php(417): CodeIgniter\CodeIgniter->run()
13 SYSTEMPATH\Boot.php(68): CodeIgniter\Boot::runCodeIgniter()
14 FCPATH\index.php(59): CodeIgniter\Boot::bootWeb()
15 SYSTEMPATH\rewrite.php(44): require_once('C:\\Sistemas\\Dias Imports\\Dias Importes - Marketing v2\\sistema\\public\\index.php')
DEBUG - 2026-08-21 21:07:01 --> Session: Class initialized using 'CodeIgniter\Session\Handlers\FileHandler' driver.
ERROR - 2026-08-21 21:07:02 --> Table 'dias_imports.company_profile' doesn't exist
in SYSTEMPATH\Database\MySQLi\Connection.php on line 300.
 1 SYSTEMPATH\Database\MySQLi\Connection.php(300): mysqli->query()
 2 SYSTEMPATH\Database\BaseConnection.php(908): CodeIgniter\Database\MySQLi\Connection->execute()
 3 SYSTEMPATH\Database\BaseConnection.php(825): CodeIgniter\Database\BaseConnection->simpleQuery()
 4 SYSTEMPATH\Database\BaseBuilder.php(1659): CodeIgniter\Database\BaseConnection->query()
 5 SYSTEMPATH\Model.php(297): CodeIgniter\Database\BaseBuilder->get()
 6 SYSTEMPATH\BaseModel.php(714): CodeIgniter\Model->doFirst()
 7 APPPATH\Controllers\Home.php(262): CodeIgniter\BaseModel->first()
 8 APPPATH\Controllers\Home.php(93): App\Controllers\Home->renderPage()
 9 SYSTEMPATH\CodeIgniter.php(974): App\Controllers\Home->settings()
10 SYSTEMPATH\CodeIgniter.php(520): CodeIgniter\CodeIgniter->runController()
11 SYSTEMPATH\CodeIgniter.php(363): CodeIgniter\CodeIgniter->handleRequest()
12 SYSTEMPATH\Boot.php(417): CodeIgniter\CodeIgniter->run()
13 SYSTEMPATH\Boot.php(68): CodeIgniter\Boot::runCodeIgniter()
14 FCPATH\index.php(59): CodeIgniter\Boot::bootWeb()
15 SYSTEMPATH\rewrite.php(44): require_once('C:\\Sistemas\\Dias Imports\\Dias Importes - Marketing v2\\sistema\\public\\index.php')
CRITICAL - 2026-08-21 21:07:02 --> CodeIgniter\Database\Exceptions\DatabaseException: Table 'dias_imports.company_profile' doesn't exist
[Method: GET, Route: configuracoes]
in SYSTEMPATH\Database\BaseConnection.php on line 863.
 1 SYSTEMPATH\Database\BaseBuilder.php(1659): CodeIgniter\Database\BaseConnection->query()
 2 SYSTEMPATH\Model.php(297): CodeIgniter\Database\BaseBuilder->get()
 3 SYSTEMPATH\BaseModel.php(714): CodeIgniter\Model->doFirst()
 4 APPPATH\Controllers\Home.php(262): CodeIgniter\BaseModel->first()
 5 APPPATH\Controllers\Home.php(93): App\Controllers\Home->renderPage()
 6 SYSTEMPATH\CodeIgniter.php(974): App\Controllers\Home->settings()
 7 SYSTEMPATH\CodeIgniter.php(520): CodeIgniter\CodeIgniter->runController()
 8 SYSTEMPATH\CodeIgniter.php(363): CodeIgniter\CodeIgniter->handleRequest()
 9 SYSTEMPATH\Boot.php(417): CodeIgniter\CodeIgniter->run()
10 SYSTEMPATH\Boot.php(68): CodeIgniter\Boot::runCodeIgniter()
11 FCPATH\index.php(59): CodeIgniter\Boot::bootWeb()
12 SYSTEMPATH\rewrite.php(44): require_once('C:\\Sistemas\\Dias Imports\\Dias Importes - Marketing v2\\sistema\\public\\index.php')
CRITICAL - 2026-08-21 21:07:02 --> [Caused by] CodeIgniter\Database\Exceptions\DatabaseException: Table 'dias_imports.company_profile' doesn't exist
in SYSTEMPATH\Database\MySQLi\Connection.php on line 310.
 1 SYSTEMPATH\Database\BaseConnection.php(908): CodeIgniter\Database\MySQLi\Connection->execute()
 2 SYSTEMPATH\Database\BaseConnection.php(825): CodeIgniter\Database\BaseConnection->simpleQuery()
 3 SYSTEMPATH\Database\BaseBuilder.php(1659): CodeIgniter\Database\BaseConnection->query()
 4 SYSTEMPATH\Model.php(297): CodeIgniter\Database\BaseBuilder->get()
 5 SYSTEMPATH\BaseModel.php(714): CodeIgniter\Model->doFirst()
 6 APPPATH\Controllers\Home.php(262): CodeIgniter\BaseModel->first()
 7 APPPATH\Controllers\Home.php(93): App\Controllers\Home->renderPage()
 8 SYSTEMPATH\CodeIgniter.php(974): App\Controllers\Home->settings()
 9 SYSTEMPATH\CodeIgniter.php(520): CodeIgniter\CodeIgniter->runController()
10 SYSTEMPATH\CodeIgniter.php(363): CodeIgniter\CodeIgniter->handleRequest()
11 SYSTEMPATH\Boot.php(417): CodeIgniter\CodeIgniter->run()
12 SYSTEMPATH\Boot.php(68): CodeIgniter\Boot::runCodeIgniter()
13 FCPATH\index.php(59): CodeIgniter\Boot::bootWeb()
14 SYSTEMPATH\rewrite.php(44): require_once('C:\\Sistemas\\Dias Imports\\Dias Importes - Marketing v2\\sistema\\public\\index.php')
CRITICAL - 2026-08-21 21:07:02 --> [Caused by] mysqli_sql_exception: Table 'dias_imports.company_profile' doesn't exist
in SYSTEMPATH\Database\MySQLi\Connection.php on line 300.
 1 SYSTEMPATH\Database\MySQLi\Connection.php(300): mysqli->query()
 2 SYSTEMPATH\Database\BaseConnection.php(908): CodeIgniter\Database\MySQLi\Connection->execute()
 3 SYSTEMPATH\Database\BaseConnection.php(825): CodeIgniter\Database\BaseConnection->simpleQuery()
 4 SYSTEMPATH\Database\BaseBuilder.php(1659): CodeIgniter\Database\BaseConnection->query()
 5 SYSTEMPATH\Model.php(297): CodeIgniter\Database\BaseBuilder->get()
 6 SYSTEMPATH\BaseModel.php(714): CodeIgniter\Model->doFirst()
 7 APPPATH\Controllers\Home.php(262): CodeIgniter\BaseModel->first()
 8 APPPATH\Controllers\Home.php(93): App\Controllers\Home->renderPage()
 9 SYSTEMPATH\CodeIgniter.php(974): App\Controllers\Home->settings()
10 SYSTEMPATH\CodeIgniter.php(520): CodeIgniter\CodeIgniter->runController()
11 SYSTEMPATH\CodeIgniter.php(363): CodeIgniter\CodeIgniter->handleRequest()
12 SYSTEMPATH\Boot.php(417): CodeIgniter\CodeIgniter->run()
13 SYSTEMPATH\Boot.php(68): CodeIgniter\Boot::runCodeIgniter()
14 FCPATH\index.php(59): CodeIgniter\Boot::bootWeb()
15 SYSTEMPATH\rewrite.php(44): require_once('C:\\Sistemas\\Dias Imports\\Dias Importes - Marketing v2\\sistema\\public\\index.php')
DEBUG - 2026-08-21 21:07:27 --> Session: Class initialized using 'CodeIgniter\Session\Handlers\FileHandler' driver.
DEBUG - 2026-08-21 21:07:44 --> Session: Class initialized using 'CodeIgniter\Session\Handlers\FileHandler' driver.
DEBUG - 2026-08-21 21:08:11 --> Session: Class initialized using 'CodeIgniter\Session\Handlers\FileHandler' driver.
DEBUG - 2026-08-21 21:08:38 --> Session: Class initialized using 'CodeIgniter\Session\Handlers\FileHandler' driver.
DEBUG - 2026-08-21 21:09:34 --> Session: Class initialized using 'CodeIgniter\Session\Handlers\FileHandler' driver.
DEBUG - 2026-08-21 21:09:52 --> Session: Class initialized using 'CodeIgniter\Session\Handlers\FileHandler' driver.
DEBUG - 2026-08-21 21:10:18 --> Session: Class initialized using 'CodeIgniter\Session\Handlers\FileHandler' driver.
DEBUG - 2026-08-21 21:12:24 --> Session: Class initialized using 'CodeIgniter\Session\Handlers\FileHandler' driver.
DEBUG - 2026-08-21 21:13:27 --> Session: Class initialized using 'CodeIgniter\Session\Handlers\FileHandler' driver.
INFO - 2026-08-21 21:13:27 --> CSRF token verified.
DEBUG - 2026-08-21 21:13:28 --> Session: Class initialized using 'CodeIgniter\Session\Handlers\FileHandler' driver.
DEBUG - 2026-08-21 21:13:33 --> Session: Class initialized using 'CodeIgniter\Session\Handlers\FileHandler' driver.
DEBUG - 2026-08-21 21:15:47 --> Session: Class initialized using 'CodeIgniter\Session\Handlers\FileHandler' driver.
DEBUG - 2026-08-21 21:15:57 --> Session: Class initialized using 'CodeIgniter\Session\Handlers\FileHandler' driver.
DEBUG - 2026-08-21 21:16:26 --> Session: Class initialized using 'CodeIgniter\Session\Handlers\FileHandler' driver.
DEBUG - 2026-08-21 21:17:38 --> Session: Class initialized using 'CodeIgniter\Session\Handlers\FileHandler' driver.
DEBUG - 2026-08-21 21:17:51 --> Session: Class initialized using 'CodeIgniter\Session\Handlers\FileHandler' driver.
INFO - 2026-08-21 21:17:52 --> CSRF token verified.
DEBUG - 2026-08-21 21:17:53 --> Session: Class initialized using 'CodeIgniter\Session\Handlers\FileHandler' driver.
DEBUG - 2026-08-21 21:18:06 --> Session: Class initialized using 'CodeIgniter\Session\Handlers\FileHandler' driver.
INFO - 2026-08-21 21:18:06 --> CSRF token verified.
DEBUG - 2026-08-21 21:18:07 --> Session: Class initialized using 'CodeIgniter\Session\Handlers\FileHandler' driver.
DEBUG - 2026-08-21 21:20:30 --> Session: Class initialized using 'CodeIgniter\Session\Handlers\FileHandler' driver.
INFO - 2026-08-21 21:20:30 --> CSRF token verified.
DEBUG - 2026-08-21 21:20:31 --> Session: Class initialized using 'CodeIgniter\Session\Handlers\FileHandler' driver.
DEBUG - 2026-08-21 21:20:40 --> Session: Class initialized using 'CodeIgniter\Session\Handlers\FileHandler' driver.
INFO - 2026-08-21 21:20:40 --> CSRF token verified.
DEBUG - 2026-08-21 21:20:41 --> Session: Class initialized using 'CodeIgniter\Session\Handlers\FileHandler' driver.
DEBUG - 2026-08-21 21:20:44 --> Session: Class initialized using 'CodeIgniter\Session\Handlers\FileHandler' driver.
INFO - 2026-08-21 21:20:44 --> CSRF token verified.
DEBUG - 2026-08-21 21:20:45 --> Session: Class initialized using 'CodeIgniter\Session\Handlers\FileHandler' driver.
DEBUG - 2026-08-21 21:20:51 --> Session: Class initialized using 'CodeIgniter\Session\Handlers\FileHandler' driver.
DEBUG - 2026-08-21 21:20:57 --> Session: Class initialized using 'CodeIgniter\Session\Handlers\FileHandler' driver.
DEBUG - 2026-08-21 21:21:29 --> Session: Class initialized using 'CodeIgniter\Session\Handlers\FileHandler' driver.
DEBUG - 2026-08-21 21:21:41 --> Session: Class initialized using 'CodeIgniter\Session\Handlers\FileHandler' driver.
INFO - 2026-08-21 21:21:41 --> CSRF token verified.
DEBUG - 2026-08-21 21:21:42 --> Session: Class initialized using 'CodeIgniter\Session\Handlers\FileHandler' driver.
DEBUG - 2026-08-21 21:21:56 --> Session: Class initialized using 'CodeIgniter\Session\Handlers\FileHandler' driver.
INFO - 2026-08-21 21:21:56 --> CSRF token verified.
DEBUG - 2026-08-21 21:21:57 --> Session: Class initialized using 'CodeIgniter\Session\Handlers\FileHandler' driver.
DEBUG - 2026-08-21 21:22:10 --> Session: Class initialized using 'CodeIgniter\Session\Handlers\FileHandler' driver.
INFO - 2026-08-21 21:22:10 --> CSRF token verified.
DEBUG - 2026-08-21 21:22:11 --> Session: Class initialized using 'CodeIgniter\Session\Handlers\FileHandler' driver.
DEBUG - 2026-08-21 21:27:10 --> Session: Class initialized using 'CodeIgniter\Session\Handlers\FileHandler' driver.
DEBUG - 2026-08-21 21:27:20 --> Session: Class initialized using 'CodeIgniter\Session\Handlers\FileHandler' driver.
INFO - 2026-08-21 21:27:20 --> CSRF token verified.
DEBUG - 2026-08-21 21:27:22 --> Session: Class initialized using 'CodeIgniter\Session\Handlers\FileHandler' driver.
DEBUG - 2026-08-21 21:27:29 --> Session: Class initialized using 'CodeIgniter\Session\Handlers\FileHandler' driver.
INFO - 2026-08-21 21:27:29 --> CSRF token verified.
DEBUG - 2026-08-21 21:27:31 --> Session: Class initialized using 'CodeIgniter\Session\Handlers\FileHandler' driver.
DEBUG - 2026-08-21 21:27:37 --> Session: Class initialized using 'CodeIgniter\Session\Handlers\FileHandler' driver.
INFO - 2026-08-21 21:27:37 --> CSRF token verified.
DEBUG - 2026-08-21 21:27:38 --> Session: Class initialized using 'CodeIgniter\Session\Handlers\FileHandler' driver.
DEBUG - 2026-08-21 21:27:47 --> Session: Class initialized using 'CodeIgniter\Session\Handlers\FileHandler' driver.
INFO - 2026-08-21 21:27:47 --> CSRF token verified.
DEBUG - 2026-08-21 21:27:48 --> Session: Class initialized using 'CodeIgniter\Session\Handlers\FileHandler' driver.
DEBUG - 2026-08-21 21:27:54 --> Session: Class initialized using 'CodeIgniter\Session\Handlers\FileHandler' driver.
INFO - 2026-08-21 21:27:54 --> CSRF token verified.
DEBUG - 2026-08-21 21:27:55 --> Session: Class initialized using 'CodeIgniter\Session\Handlers\FileHandler' driver.
DEBUG - 2026-08-21 21:33:05 --> Session: Class initialized using 'CodeIgniter\Session\Handlers\FileHandler' driver.
DEBUG - 2026-08-21 21:36:28 --> Session: Class initialized using 'CodeIgniter\Session\Handlers\FileHandler' driver.
ERROR - 2026-08-21 21:36:30 --> Table 'dias_imports.evolution_settings' doesn't exist
in SYSTEMPATH\Database\MySQLi\Connection.php on line 300.
 1 SYSTEMPATH\Database\MySQLi\Connection.php(300): mysqli->query()
 2 SYSTEMPATH\Database\BaseConnection.php(908): CodeIgniter\Database\MySQLi\Connection->execute()
 3 SYSTEMPATH\Database\BaseConnection.php(825): CodeIgniter\Database\BaseConnection->simpleQuery()
 4 SYSTEMPATH\Database\BaseBuilder.php(1659): CodeIgniter\Database\BaseConnection->query()
 5 SYSTEMPATH\Model.php(297): CodeIgniter\Database\BaseBuilder->get()
 6 SYSTEMPATH\BaseModel.php(714): CodeIgniter\Model->doFirst()
 7 APPPATH\Libraries\EvolutionApiService.php(21): CodeIgniter\BaseModel->first()
 8 APPPATH\Controllers\Home.php(273): App\Libraries\EvolutionApiService->getSettings()
 9 APPPATH\Controllers\Home.php(95): App\Controllers\Home->renderPage()
10 SYSTEMPATH\CodeIgniter.php(974): App\Controllers\Home->settings()
11 SYSTEMPATH\CodeIgniter.php(520): CodeIgniter\CodeIgniter->runController()
12 SYSTEMPATH\CodeIgniter.php(363): CodeIgniter\CodeIgniter->handleRequest()
13 SYSTEMPATH\Boot.php(417): CodeIgniter\CodeIgniter->run()
14 SYSTEMPATH\Boot.php(68): CodeIgniter\Boot::runCodeIgniter()
15 FCPATH\index.php(59): CodeIgniter\Boot::bootWeb()
16 SYSTEMPATH\rewrite.php(44): require_once('C:\\Sistemas\\Dias Imports\\Dias Importes - Marketing v2\\sistema\\public\\index.php')
CRITICAL - 2026-08-21 21:36:30 --> CodeIgniter\Database\Exceptions\DatabaseException: Table 'dias_imports.evolution_settings' doesn't exist
[Method: GET, Route: configuracoes]
in SYSTEMPATH\Database\BaseConnection.php on line 863.
 1 SYSTEMPATH\Database\BaseBuilder.php(1659): CodeIgniter\Database\BaseConnection->query()
 2 SYSTEMPATH\Model.php(297): CodeIgniter\Database\BaseBuilder->get()
 3 SYSTEMPATH\BaseModel.php(714): CodeIgniter\Model->doFirst()
 4 APPPATH\Libraries\EvolutionApiService.php(21): CodeIgniter\BaseModel->first()
 5 APPPATH\Controllers\Home.php(273): App\Libraries\EvolutionApiService->getSettings()
 6 APPPATH\Controllers\Home.php(95): App\Controllers\Home->renderPage()
 7 SYSTEMPATH\CodeIgniter.php(974): App\Controllers\Home->settings()
 8 SYSTEMPATH\CodeIgniter.php(520): CodeIgniter\CodeIgniter->runController()
 9 SYSTEMPATH\CodeIgniter.php(363): CodeIgniter\CodeIgniter->handleRequest()
10 SYSTEMPATH\Boot.php(417): CodeIgniter\CodeIgniter->run()
11 SYSTEMPATH\Boot.php(68): CodeIgniter\Boot::runCodeIgniter()
12 FCPATH\index.php(59): CodeIgniter\Boot::bootWeb()
13 SYSTEMPATH\rewrite.php(44): require_once('C:\\Sistemas\\Dias Imports\\Dias Importes - Marketing v2\\sistema\\public\\index.php')
CRITICAL - 2026-08-21 21:36:30 --> [Caused by] CodeIgniter\Database\Exceptions\DatabaseException: Table 'dias_imports.evolution_settings' doesn't exist
in SYSTEMPATH\Database\MySQLi\Connection.php on line 310.
 1 SYSTEMPATH\Database\BaseConnection.php(908): CodeIgniter\Database\MySQLi\Connection->execute()
 2 SYSTEMPATH\Database\BaseConnection.php(825): CodeIgniter\Database\BaseConnection->simpleQuery()
 3 SYSTEMPATH\Database\BaseBuilder.php(1659): CodeIgniter\Database\BaseConnection->query()
 4 SYSTEMPATH\Model.php(297): CodeIgniter\Database\BaseBuilder->get()
 5 SYSTEMPATH\BaseModel.php(714): CodeIgniter\Model->doFirst()
 6 APPPATH\Libraries\EvolutionApiService.php(21): CodeIgniter\BaseModel->first()
 7 APPPATH\Controllers\Home.php(273): App\Libraries\EvolutionApiService->getSettings()
 8 APPPATH\Controllers\Home.php(95): App\Controllers\Home->renderPage()
 9 SYSTEMPATH\CodeIgniter.php(974): App\Controllers\Home->settings()
10 SYSTEMPATH\CodeIgniter.php(520): CodeIgniter\CodeIgniter->runController()
11 SYSTEMPATH\CodeIgniter.php(363): CodeIgniter\CodeIgniter->handleRequest()
12 SYSTEMPATH\Boot.php(417): CodeIgniter\CodeIgniter->run()
13 SYSTEMPATH\Boot.php(68): CodeIgniter\Boot::runCodeIgniter()
14 FCPATH\index.php(59): CodeIgniter\Boot::bootWeb()
15 SYSTEMPATH\rewrite.php(44): require_once('C:\\Sistemas\\Dias Imports\\Dias Importes - Marketing v2\\sistema\\public\\index.php')
CRITICAL - 2026-08-21 21:36:30 --> [Caused by] mysqli_sql_exception: Table 'dias_imports.evolution_settings' doesn't exist
in SYSTEMPATH\Database\MySQLi\Connection.php on line 300.
 1 SYSTEMPATH\Database\MySQLi\Connection.php(300): mysqli->query()
 2 SYSTEMPATH\Database\BaseConnection.php(908): CodeIgniter\Database\MySQLi\Connection->execute()
 3 SYSTEMPATH\Database\BaseConnection.php(825): CodeIgniter\Database\BaseConnection->simpleQuery()
 4 SYSTEMPATH\Database\BaseBuilder.php(1659): CodeIgniter\Database\BaseConnection->query()
 5 SYSTEMPATH\Model.php(297): CodeIgniter\Database\BaseBuilder->get()
 6 SYSTEMPATH\BaseModel.php(714): CodeIgniter\Model->doFirst()
 7 APPPATH\Libraries\EvolutionApiService.php(21): CodeIgniter\BaseModel->first()
 8 APPPATH\Controllers\Home.php(273): App\Libraries\EvolutionApiService->getSettings()
 9 APPPATH\Controllers\Home.php(95): App\Controllers\Home->renderPage()
10 SYSTEMPATH\CodeIgniter.php(974): App\Controllers\Home->settings()
11 SYSTEMPATH\CodeIgniter.php(520): CodeIgniter\CodeIgniter->runController()
12 SYSTEMPATH\CodeIgniter.php(363): CodeIgniter\CodeIgniter->handleRequest()
13 SYSTEMPATH\Boot.php(417): CodeIgniter\CodeIgniter->run()
14 SYSTEMPATH\Boot.php(68): CodeIgniter\Boot::runCodeIgniter()
15 FCPATH\index.php(59): CodeIgniter\Boot::bootWeb()
16 SYSTEMPATH\rewrite.php(44): require_once('C:\\Sistemas\\Dias Imports\\Dias Importes - Marketing v2\\sistema\\public\\index.php')
DEBUG - 2026-08-21 21:40:49 --> Session: Class initialized using 'CodeIgniter\Session\Handlers\FileHandler' driver.
ERROR - 2026-08-21 21:40:50 --> Table 'dias_imports.evolution_settings' doesn't exist
in SYSTEMPATH\Database\MySQLi\Connection.php on line 300.
 1 SYSTEMPATH\Database\MySQLi\Connection.php(300): mysqli->query()
 2 SYSTEMPATH\Database\BaseConnection.php(908): CodeIgniter\Database\MySQLi\Connection->execute()
 3 SYSTEMPATH\Database\BaseConnection.php(825): CodeIgniter\Database\BaseConnection->simpleQuery()
 4 SYSTEMPATH\Database\BaseBuilder.php(1659): CodeIgniter\Database\BaseConnection->query()
 5 SYSTEMPATH\Model.php(297): CodeIgniter\Database\BaseBuilder->get()
 6 SYSTEMPATH\BaseModel.php(714): CodeIgniter\Model->doFirst()
 7 APPPATH\Libraries\EvolutionApiService.php(21): CodeIgniter\BaseModel->first()
 8 APPPATH\Controllers\Home.php(273): App\Libraries\EvolutionApiService->getSettings()
 9 APPPATH\Controllers\Home.php(95): App\Controllers\Home->renderPage()
10 SYSTEMPATH\CodeIgniter.php(974): App\Controllers\Home->settings()
11 SYSTEMPATH\CodeIgniter.php(520): CodeIgniter\CodeIgniter->runController()
12 SYSTEMPATH\CodeIgniter.php(363): CodeIgniter\CodeIgniter->handleRequest()
13 SYSTEMPATH\Boot.php(417): CodeIgniter\CodeIgniter->run()
14 SYSTEMPATH\Boot.php(68): CodeIgniter\Boot::runCodeIgniter()
15 FCPATH\index.php(59): CodeIgniter\Boot::bootWeb()
16 SYSTEMPATH\rewrite.php(44): require_once('C:\\Sistemas\\Dias Imports\\Dias Importes - Marketing v2\\sistema\\public\\index.php')
CRITICAL - 2026-08-21 21:40:50 --> CodeIgniter\Database\Exceptions\DatabaseException: Table 'dias_imports.evolution_settings' doesn't exist
[Method: GET, Route: configuracoes]
in SYSTEMPATH\Database\BaseConnection.php on line 863.
 1 SYSTEMPATH\Database\BaseBuilder.php(1659): CodeIgniter\Database\BaseConnection->query()
 2 SYSTEMPATH\Model.php(297): CodeIgniter\Database\BaseBuilder->get()
 3 SYSTEMPATH\BaseModel.php(714): CodeIgniter\Model->doFirst()
 4 APPPATH\Libraries\EvolutionApiService.php(21): CodeIgniter\BaseModel->first()
 5 APPPATH\Controllers\Home.php(273): App\Libraries\EvolutionApiService->getSettings()
 6 APPPATH\Controllers\Home.php(95): App\Controllers\Home->renderPage()
 7 SYSTEMPATH\CodeIgniter.php(974): App\Controllers\Home->settings()
 8 SYSTEMPATH\CodeIgniter.php(520): CodeIgniter\CodeIgniter->runController()
 9 SYSTEMPATH\CodeIgniter.php(363): CodeIgniter\CodeIgniter->handleRequest()
10 SYSTEMPATH\Boot.php(417): CodeIgniter\CodeIgniter->run()
11 SYSTEMPATH\Boot.php(68): CodeIgniter\Boot::runCodeIgniter()
12 FCPATH\index.php(59): CodeIgniter\Boot::bootWeb()
13 SYSTEMPATH\rewrite.php(44): require_once('C:\\Sistemas\\Dias Imports\\Dias Importes - Marketing v2\\sistema\\public\\index.php')
CRITICAL - 2026-08-21 21:40:50 --> [Caused by] CodeIgniter\Database\Exceptions\DatabaseException: Table 'dias_imports.evolution_settings' doesn't exist
in SYSTEMPATH\Database\MySQLi\Connection.php on line 310.
 1 SYSTEMPATH\Database\BaseConnection.php(908): CodeIgniter\Database\MySQLi\Connection->execute()
 2 SYSTEMPATH\Database\BaseConnection.php(825): CodeIgniter\Database\BaseConnection->simpleQuery()
 3 SYSTEMPATH\Database\BaseBuilder.php(1659): CodeIgniter\Database\BaseConnection->query()
 4 SYSTEMPATH\Model.php(297): CodeIgniter\Database\BaseBuilder->get()
 5 SYSTEMPATH\BaseModel.php(714): CodeIgniter\Model->doFirst()
 6 APPPATH\Libraries\EvolutionApiService.php(21): CodeIgniter\BaseModel->first()
 7 APPPATH\Controllers\Home.php(273): App\Libraries\EvolutionApiService->getSettings()
 8 APPPATH\Controllers\Home.php(95): App\Controllers\Home->renderPage()
 9 SYSTEMPATH\CodeIgniter.php(974): App\Controllers\Home->settings()
10 SYSTEMPATH\CodeIgniter.php(520): CodeIgniter\CodeIgniter->runController()
11 SYSTEMPATH\CodeIgniter.php(363): CodeIgniter\CodeIgniter->handleRequest()
12 SYSTEMPATH\Boot.php(417): CodeIgniter\CodeIgniter->run()
13 SYSTEMPATH\Boot.php(68): CodeIgniter\Boot::runCodeIgniter()
14 FCPATH\index.php(59): CodeIgniter\Boot::bootWeb()
15 SYSTEMPATH\rewrite.php(44): require_once('C:\\Sistemas\\Dias Imports\\Dias Importes - Marketing v2\\sistema\\public\\index.php')
CRITICAL - 2026-08-21 21:40:50 --> [Caused by] mysqli_sql_exception: Table 'dias_imports.evolution_settings' doesn't exist
in SYSTEMPATH\Database\MySQLi\Connection.php on line 300.
 1 SYSTEMPATH\Database\MySQLi\Connection.php(300): mysqli->query()
 2 SYSTEMPATH\Database\BaseConnection.php(908): CodeIgniter\Database\MySQLi\Connection->execute()
 3 SYSTEMPATH\Database\BaseConnection.php(825): CodeIgniter\Database\BaseConnection->simpleQuery()
 4 SYSTEMPATH\Database\BaseBuilder.php(1659): CodeIgniter\Database\BaseConnection->query()
 5 SYSTEMPATH\Model.php(297): CodeIgniter\Database\BaseBuilder->get()
 6 SYSTEMPATH\BaseModel.php(714): CodeIgniter\Model->doFirst()
 7 APPPATH\Libraries\EvolutionApiService.php(21): CodeIgniter\BaseModel->first()
 8 APPPATH\Controllers\Home.php(273): App\Libraries\EvolutionApiService->getSettings()
 9 APPPATH\Controllers\Home.php(95): App\Controllers\Home->renderPage()
10 SYSTEMPATH\CodeIgniter.php(974): App\Controllers\Home->settings()
11 SYSTEMPATH\CodeIgniter.php(520): CodeIgniter\CodeIgniter->runController()
12 SYSTEMPATH\CodeIgniter.php(363): CodeIgniter\CodeIgniter->handleRequest()
13 SYSTEMPATH\Boot.php(417): CodeIgniter\CodeIgniter->run()
14 SYSTEMPATH\Boot.php(68): CodeIgniter\Boot::runCodeIgniter()
15 FCPATH\index.php(59): CodeIgniter\Boot::bootWeb()
16 SYSTEMPATH\rewrite.php(44): require_once('C:\\Sistemas\\Dias Imports\\Dias Importes - Marketing v2\\sistema\\public\\index.php')
DEBUG - 2026-08-21 21:41:07 --> Session: Class initialized using 'CodeIgniter\Session\Handlers\FileHandler' driver.
ERROR - 2026-08-21 21:41:08 --> Table 'dias_imports.evolution_settings' doesn't exist
in SYSTEMPATH\Database\MySQLi\Connection.php on line 300.
 1 SYSTEMPATH\Database\MySQLi\Connection.php(300): mysqli->query()
 2 SYSTEMPATH\Database\BaseConnection.php(908): CodeIgniter\Database\MySQLi\Connection->execute()
 3 SYSTEMPATH\Database\BaseConnection.php(825): CodeIgniter\Database\BaseConnection->simpleQuery()
 4 SYSTEMPATH\Database\BaseBuilder.php(1659): CodeIgniter\Database\BaseConnection->query()
 5 SYSTEMPATH\Model.php(297): CodeIgniter\Database\BaseBuilder->get()
 6 SYSTEMPATH\BaseModel.php(714): CodeIgniter\Model->doFirst()
 7 APPPATH\Libraries\EvolutionApiService.php(21): CodeIgniter\BaseModel->first()
 8 APPPATH\Controllers\Home.php(273): App\Libraries\EvolutionApiService->getSettings()
 9 APPPATH\Controllers\Home.php(95): App\Controllers\Home->renderPage()
10 SYSTEMPATH\CodeIgniter.php(974): App\Controllers\Home->settings()
11 SYSTEMPATH\CodeIgniter.php(520): CodeIgniter\CodeIgniter->runController()
12 SYSTEMPATH\CodeIgniter.php(363): CodeIgniter\CodeIgniter->handleRequest()
13 SYSTEMPATH\Boot.php(417): CodeIgniter\CodeIgniter->run()
14 SYSTEMPATH\Boot.php(68): CodeIgniter\Boot::runCodeIgniter()
15 FCPATH\index.php(59): CodeIgniter\Boot::bootWeb()
16 SYSTEMPATH\rewrite.php(44): require_once('C:\\Sistemas\\Dias Imports\\Dias Importes - Marketing v2\\sistema\\public\\index.php')
CRITICAL - 2026-08-21 21:41:08 --> CodeIgniter\Database\Exceptions\DatabaseException: Table 'dias_imports.evolution_settings' doesn't exist
[Method: GET, Route: configuracoes]
in SYSTEMPATH\Database\BaseConnection.php on line 863.
 1 SYSTEMPATH\Database\BaseBuilder.php(1659): CodeIgniter\Database\BaseConnection->query()
 2 SYSTEMPATH\Model.php(297): CodeIgniter\Database\BaseBuilder->get()
 3 SYSTEMPATH\BaseModel.php(714): CodeIgniter\Model->doFirst()
 4 APPPATH\Libraries\EvolutionApiService.php(21): CodeIgniter\BaseModel->first()
 5 APPPATH\Controllers\Home.php(273): App\Libraries\EvolutionApiService->getSettings()
 6 APPPATH\Controllers\Home.php(95): App\Controllers\Home->renderPage()
 7 SYSTEMPATH\CodeIgniter.php(974): App\Controllers\Home->settings()
 8 SYSTEMPATH\CodeIgniter.php(520): CodeIgniter\CodeIgniter->runController()
 9 SYSTEMPATH\CodeIgniter.php(363): CodeIgniter\CodeIgniter->handleRequest()
10 SYSTEMPATH\Boot.php(417): CodeIgniter\CodeIgniter->run()
11 SYSTEMPATH\Boot.php(68): CodeIgniter\Boot::runCodeIgniter()
12 FCPATH\index.php(59): CodeIgniter\Boot::bootWeb()
13 SYSTEMPATH\rewrite.php(44): require_once('C:\\Sistemas\\Dias Imports\\Dias Importes - Marketing v2\\sistema\\public\\index.php')
CRITICAL - 2026-08-21 21:41:08 --> [Caused by] CodeIgniter\Database\Exceptions\DatabaseException: Table 'dias_imports.evolution_settings' doesn't exist
in SYSTEMPATH\Database\MySQLi\Connection.php on line 310.
 1 SYSTEMPATH\Database\BaseConnection.php(908): CodeIgniter\Database\MySQLi\Connection->execute()
 2 SYSTEMPATH\Database\BaseConnection.php(825): CodeIgniter\Database\BaseConnection->simpleQuery()
 3 SYSTEMPATH\Database\BaseBuilder.php(1659): CodeIgniter\Database\BaseConnection->query()
 4 SYSTEMPATH\Model.php(297): CodeIgniter\Database\BaseBuilder->get()
 5 SYSTEMPATH\BaseModel.php(714): CodeIgniter\Model->doFirst()
 6 APPPATH\Libraries\EvolutionApiService.php(21): CodeIgniter\BaseModel->first()
 7 APPPATH\Controllers\Home.php(273): App\Libraries\EvolutionApiService->getSettings()
 8 APPPATH\Controllers\Home.php(95): App\Controllers\Home->renderPage()
 9 SYSTEMPATH\CodeIgniter.php(974): App\Controllers\Home->settings()
10 SYSTEMPATH\CodeIgniter.php(520): CodeIgniter\CodeIgniter->runController()
11 SYSTEMPATH\CodeIgniter.php(363): CodeIgniter\CodeIgniter->handleRequest()
12 SYSTEMPATH\Boot.php(417): CodeIgniter\CodeIgniter->run()
13 SYSTEMPATH\Boot.php(68): CodeIgniter\Boot::runCodeIgniter()
14 FCPATH\index.php(59): CodeIgniter\Boot::bootWeb()
15 SYSTEMPATH\rewrite.php(44): require_once('C:\\Sistemas\\Dias Imports\\Dias Importes - Marketing v2\\sistema\\public\\index.php')
CRITICAL - 2026-08-21 21:41:08 --> [Caused by] mysqli_sql_exception: Table 'dias_imports.evolution_settings' doesn't exist
in SYSTEMPATH\Database\MySQLi\Connection.php on line 300.
 1 SYSTEMPATH\Database\MySQLi\Connection.php(300): mysqli->query()
 2 SYSTEMPATH\Database\BaseConnection.php(908): CodeIgniter\Database\MySQLi\Connection->execute()
 3 SYSTEMPATH\Database\BaseConnection.php(825): CodeIgniter\Database\BaseConnection->simpleQuery()
 4 SYSTEMPATH\Database\BaseBuilder.php(1659): CodeIgniter\Database\BaseConnection->query()
 5 SYSTEMPATH\Model.php(297): CodeIgniter\Database\BaseBuilder->get()
 6 SYSTEMPATH\BaseModel.php(714): CodeIgniter\Model->doFirst()
 7 APPPATH\Libraries\EvolutionApiService.php(21): CodeIgniter\BaseModel->first()
 8 APPPATH\Controllers\Home.php(273): App\Libraries\EvolutionApiService->getSettings()
 9 APPPATH\Controllers\Home.php(95): App\Controllers\Home->renderPage()
10 SYSTEMPATH\CodeIgniter.php(974): App\Controllers\Home->settings()
11 SYSTEMPATH\CodeIgniter.php(520): CodeIgniter\CodeIgniter->runController()
12 SYSTEMPATH\CodeIgniter.php(363): CodeIgniter\CodeIgniter->handleRequest()
13 SYSTEMPATH\Boot.php(417): CodeIgniter\CodeIgniter->run()
14 SYSTEMPATH\Boot.php(68): CodeIgniter\Boot::runCodeIgniter()
15 FCPATH\index.php(59): CodeIgniter\Boot::bootWeb()
16 SYSTEMPATH\rewrite.php(44): require_once('C:\\Sistemas\\Dias Imports\\Dias Importes - Marketing v2\\sistema\\public\\index.php')
DEBUG - 2026-08-21 21:41:27 --> Session: Class initialized using 'CodeIgniter\Session\Handlers\FileHandler' driver.
DEBUG - 2026-08-21 21:42:42 --> Session: Class initialized using 'CodeIgniter\Session\Handlers\FileHandler' driver.
DEBUG - 2026-08-21 21:44:00 --> Session: Class initialized using 'CodeIgniter\Session\Handlers\FileHandler' driver.
INFO - 2026-08-21 21:44:00 --> CSRF token verified.
DEBUG - 2026-08-21 21:44:02 --> Session: Class initialized using 'CodeIgniter\Session\Handlers\FileHandler' driver.
ERROR - 2026-08-21 21:44:05 --> Evolution API request failed: CodeIgniter\HTTP\Exceptions\HTTPException
DEBUG - 2026-08-21 21:44:07 --> Session: Class initialized using 'CodeIgniter\Session\Handlers\FileHandler' driver.
INFO - 2026-08-21 21:44:07 --> CSRF token verified.
ERROR - 2026-08-21 21:44:08 --> Evolution API request failed: CodeIgniter\HTTP\Exceptions\HTTPException
DEBUG - 2026-08-21 21:44:09 --> Session: Class initialized using 'CodeIgniter\Session\Handlers\FileHandler' driver.
ERROR - 2026-08-21 21:44:10 --> Evolution API request failed: CodeIgniter\HTTP\Exceptions\HTTPException
DEBUG - 2026-08-21 21:44:29 --> Session: Class initialized using 'CodeIgniter\Session\Handlers\FileHandler' driver.
INFO - 2026-08-21 21:44:29 --> CSRF token verified.
ERROR - 2026-08-21 21:44:30 --> Evolution API request failed: CodeIgniter\HTTP\Exceptions\HTTPException
DEBUG - 2026-08-21 21:44:30 --> Session: Class initialized using 'CodeIgniter\Session\Handlers\FileHandler' driver.
ERROR - 2026-08-21 21:44:32 --> Evolution API request failed: CodeIgniter\HTTP\Exceptions\HTTPException
DEBUG - 2026-08-21 21:45:32 --> Session: Class initialized using 'CodeIgniter\Session\Handlers\FileHandler' driver.
DEBUG - 2026-08-21 21:45:32 --> Session: Class initialized using 'CodeIgniter\Session\Handlers\FileHandler' driver.
DEBUG - 2026-08-21 21:51:44 --> Session: Class initialized using 'CodeIgniter\Session\Handlers\FileHandler' driver.
INFO - 2026-08-21 21:51:44 --> CSRF token verified.
ERROR - 2026-08-21 21:51:45 --> Evolution API transport failed: unknown (Error)
DEBUG - 2026-08-21 21:51:45 --> Session: Class initialized using 'CodeIgniter\Session\Handlers\FileHandler' driver.
ERROR - 2026-08-21 21:51:47 --> Evolution API transport failed: unknown (Error)
DEBUG - 2026-08-21 21:52:39 --> Session: Class initialized using 'CodeIgniter\Session\Handlers\FileHandler' driver.
ERROR - 2026-08-21 21:52:42 --> Evolution API transport failed: tls (CodeIgniter\HTTP\Exceptions\HTTPException)
DEBUG - 2026-08-21 21:52:45 --> Session: Class initialized using 'CodeIgniter\Session\Handlers\FileHandler' driver.
INFO - 2026-08-21 21:52:45 --> CSRF token verified.
ERROR - 2026-08-21 21:52:46 --> Evolution API transport failed: tls (CodeIgniter\HTTP\Exceptions\HTTPException)
DEBUG - 2026-08-21 21:52:46 --> Session: Class initialized using 'CodeIgniter\Session\Handlers\FileHandler' driver.
ERROR - 2026-08-21 21:52:48 --> Evolution API transport failed: tls (CodeIgniter\HTTP\Exceptions\HTTPException)
DEBUG - 2026-08-21 21:53:13 --> Session: Class initialized using 'CodeIgniter\Session\Handlers\FileHandler' driver.
INFO - 2026-08-21 21:53:13 --> CSRF token verified.
DEBUG - 2026-08-21 21:53:15 --> Session: Class initialized using 'CodeIgniter\Session\Handlers\FileHandler' driver.
DEBUG - 2026-08-21 21:55:57 --> Session: Class initialized using 'CodeIgniter\Session\Handlers\FileHandler' driver.
INFO - 2026-08-21 21:55:57 --> CSRF token verified.
DEBUG - 2026-08-21 21:56:02 --> Session: Class initialized using 'CodeIgniter\Session\Handlers\FileHandler' driver.
DEBUG - 2026-08-21 21:56:26 --> Session: Class initialized using 'CodeIgniter\Session\Handlers\FileHandler' driver.
INFO - 2026-08-21 21:56:26 --> CSRF token verified.
DEBUG - 2026-08-21 21:56:29 --> Session: Class initialized using 'CodeIgniter\Session\Handlers\FileHandler' driver.
DEBUG - 2026-08-21 21:56:52 --> Session: Class initialized using 'CodeIgniter\Session\Handlers\FileHandler' driver.
INFO - 2026-08-21 21:56:52 --> CSRF token verified.
DEBUG - 2026-08-21 21:56:53 --> Session: Class initialized using 'CodeIgniter\Session\Handlers\FileHandler' driver.
DEBUG - 2026-08-21 21:57:09 --> Session: Class initialized using 'CodeIgniter\Session\Handlers\FileHandler' driver.
DEBUG - 2026-08-21 21:59:08 --> Session: Class initialized using 'CodeIgniter\Session\Handlers\FileHandler' driver.
DEBUG - 2026-08-21 21:59:27 --> Session: Class initialized using 'CodeIgniter\Session\Handlers\FileHandler' driver.
INFO - 2026-08-21 21:59:27 --> CSRF token verified.
DEBUG - 2026-08-21 21:59:34 --> Session: Class initialized using 'CodeIgniter\Session\Handlers\FileHandler' driver.
DEBUG - 2026-08-21 22:01:30 --> Session: Class initialized using 'CodeIgniter\Session\Handlers\FileHandler' driver.
CRITICAL - 2026-08-21 22:01:30 --> CodeIgniter\Security\Exceptions\SecurityException: The action you requested is not allowed.
[Method: POST, Route: configuracoes/evolution/instancias/excluir]
in SYSTEMPATH\Security\Security.php on line 258.
 1 SYSTEMPATH\Security\Security.php(258): CodeIgniter\Security\Exceptions\SecurityException::forDisallowedAction()
 2 SYSTEMPATH\Filters\CSRF.php(52): CodeIgniter\Security\Security->verify()
 3 SYSTEMPATH\Filters\Filters.php(241): CodeIgniter\Filters\CSRF->before()
 4 SYSTEMPATH\Filters\Filters.php(221): CodeIgniter\Filters\Filters->runBefore()
 5 SYSTEMPATH\CodeIgniter.php(488): CodeIgniter\Filters\Filters->run()
 6 SYSTEMPATH\CodeIgniter.php(363): CodeIgniter\CodeIgniter->handleRequest()
 7 SYSTEMPATH\Boot.php(417): CodeIgniter\CodeIgniter->run()
 8 SYSTEMPATH\Boot.php(68): CodeIgniter\Boot::runCodeIgniter()
 9 FCPATH\index.php(59): CodeIgniter\Boot::bootWeb()
10 SYSTEMPATH\rewrite.php(44): require_once('C:\\Sistemas\\Dias Imports\\Dias Importes - Marketing v2\\sistema\\public\\index.php')
DEBUG - 2026-08-21 22:02:27 --> Session: Class initialized using 'CodeIgniter\Session\Handlers\FileHandler' driver.
CRITICAL - 2026-08-21 22:02:27 --> CodeIgniter\Security\Exceptions\SecurityException: The action you requested is not allowed.
[Method: POST, Route: configuracoes/evolution/instancias/excluir]
in SYSTEMPATH\Security\Security.php on line 258.
 1 SYSTEMPATH\Security\Security.php(258): CodeIgniter\Security\Exceptions\SecurityException::forDisallowedAction()
 2 SYSTEMPATH\Filters\CSRF.php(52): CodeIgniter\Security\Security->verify()
 3 SYSTEMPATH\Filters\Filters.php(241): CodeIgniter\Filters\CSRF->before()
 4 SYSTEMPATH\Filters\Filters.php(221): CodeIgniter\Filters\Filters->runBefore()
 5 SYSTEMPATH\CodeIgniter.php(488): CodeIgniter\Filters\Filters->run()
 6 SYSTEMPATH\CodeIgniter.php(363): CodeIgniter\CodeIgniter->handleRequest()
 7 SYSTEMPATH\Boot.php(417): CodeIgniter\CodeIgniter->run()
 8 SYSTEMPATH\Boot.php(68): CodeIgniter\Boot::runCodeIgniter()
 9 FCPATH\index.php(59): CodeIgniter\Boot::bootWeb()
10 SYSTEMPATH\rewrite.php(44): require_once('C:\\Sistemas\\Dias Imports\\Dias Importes - Marketing v2\\sistema\\public\\index.php')
DEBUG - 2026-08-21 22:02:34 --> Session: Class initialized using 'CodeIgniter\Session\Handlers\FileHandler' driver.
CRITICAL - 2026-08-21 22:02:34 --> CodeIgniter\Security\Exceptions\SecurityException: The action you requested is not allowed.
[Method: POST, Route: configuracoes/evolution/instancias/excluir]
in SYSTEMPATH\Security\Security.php on line 258.
 1 SYSTEMPATH\Security\Security.php(258): CodeIgniter\Security\Exceptions\SecurityException::forDisallowedAction()
 2 SYSTEMPATH\Filters\CSRF.php(52): CodeIgniter\Security\Security->verify()
 3 SYSTEMPATH\Filters\Filters.php(241): CodeIgniter\Filters\CSRF->before()
 4 SYSTEMPATH\Filters\Filters.php(221): CodeIgniter\Filters\Filters->runBefore()
 5 SYSTEMPATH\CodeIgniter.php(488): CodeIgniter\Filters\Filters->run()
 6 SYSTEMPATH\CodeIgniter.php(363): CodeIgniter\CodeIgniter->handleRequest()
 7 SYSTEMPATH\Boot.php(417): CodeIgniter\CodeIgniter->run()
 8 SYSTEMPATH\Boot.php(68): CodeIgniter\Boot::runCodeIgniter()
 9 FCPATH\index.php(59): CodeIgniter\Boot::bootWeb()
10 SYSTEMPATH\rewrite.php(44): require_once('C:\\Sistemas\\Dias Imports\\Dias Importes - Marketing v2\\sistema\\public\\index.php')
DEBUG - 2026-08-21 22:03:20 --> Session: Class initialized using 'CodeIgniter\Session\Handlers\FileHandler' driver.
CRITICAL - 2026-08-21 22:03:20 --> CodeIgniter\Security\Exceptions\SecurityException: The action you requested is not allowed.
[Method: POST, Route: configuracoes/evolution/instancias/excluir]
in SYSTEMPATH\Security\Security.php on line 258.
 1 SYSTEMPATH\Security\Security.php(258): CodeIgniter\Security\Exceptions\SecurityException::forDisallowedAction()
 2 SYSTEMPATH\Filters\CSRF.php(52): CodeIgniter\Security\Security->verify()
 3 SYSTEMPATH\Filters\Filters.php(241): CodeIgniter\Filters\CSRF->before()
 4 SYSTEMPATH\Filters\Filters.php(221): CodeIgniter\Filters\Filters->runBefore()
 5 SYSTEMPATH\CodeIgniter.php(488): CodeIgniter\Filters\Filters->run()
 6 SYSTEMPATH\CodeIgniter.php(363): CodeIgniter\CodeIgniter->handleRequest()
 7 SYSTEMPATH\Boot.php(417): CodeIgniter\CodeIgniter->run()
 8 SYSTEMPATH\Boot.php(68): CodeIgniter\Boot::runCodeIgniter()
 9 FCPATH\index.php(59): CodeIgniter\Boot::bootWeb()
10 SYSTEMPATH\rewrite.php(44): require_once('C:\\Sistemas\\Dias Imports\\Dias Importes - Marketing v2\\sistema\\public\\index.php')
DEBUG - 2026-08-21 22:03:21 --> Session: Class initialized using 'CodeIgniter\Session\Handlers\FileHandler' driver.
CRITICAL - 2026-08-21 22:03:21 --> CodeIgniter\Security\Exceptions\SecurityException: The action you requested is not allowed.
[Method: POST, Route: configuracoes/evolution/instancias/excluir]
in SYSTEMPATH\Security\Security.php on line 258.
 1 SYSTEMPATH\Security\Security.php(258): CodeIgniter\Security\Exceptions\SecurityException::forDisallowedAction()
 2 SYSTEMPATH\Filters\CSRF.php(52): CodeIgniter\Security\Security->verify()
 3 SYSTEMPATH\Filters\Filters.php(241): CodeIgniter\Filters\CSRF->before()
 4 SYSTEMPATH\Filters\Filters.php(221): CodeIgniter\Filters\Filters->runBefore()
 5 SYSTEMPATH\CodeIgniter.php(488): CodeIgniter\Filters\Filters->run()
 6 SYSTEMPATH\CodeIgniter.php(363): CodeIgniter\CodeIgniter->handleRequest()
 7 SYSTEMPATH\Boot.php(417): CodeIgniter\CodeIgniter->run()
 8 SYSTEMPATH\Boot.php(68): CodeIgniter\Boot::runCodeIgniter()
 9 FCPATH\index.php(59): CodeIgniter\Boot::bootWeb()
10 SYSTEMPATH\rewrite.php(44): require_once('C:\\Sistemas\\Dias Imports\\Dias Importes - Marketing v2\\sistema\\public\\index.php')
DEBUG - 2026-08-21 22:04:08 --> Session: Class initialized using 'CodeIgniter\Session\Handlers\FileHandler' driver.
CRITICAL - 2026-08-21 22:04:08 --> CodeIgniter\Security\Exceptions\SecurityException: The action you requested is not allowed.
[Method: POST, Route: configuracoes/evolution/instancias/excluir]
in SYSTEMPATH\Security\Security.php on line 258.
 1 SYSTEMPATH\Security\Security.php(258): CodeIgniter\Security\Exceptions\SecurityException::forDisallowedAction()
 2 SYSTEMPATH\Filters\CSRF.php(52): CodeIgniter\Security\Security->verify()
 3 SYSTEMPATH\Filters\Filters.php(241): CodeIgniter\Filters\CSRF->before()
 4 SYSTEMPATH\Filters\Filters.php(221): CodeIgniter\Filters\Filters->runBefore()
 5 SYSTEMPATH\CodeIgniter.php(488): CodeIgniter\Filters\Filters->run()
 6 SYSTEMPATH\CodeIgniter.php(363): CodeIgniter\CodeIgniter->handleRequest()
 7 SYSTEMPATH\Boot.php(417): CodeIgniter\CodeIgniter->run()
 8 SYSTEMPATH\Boot.php(68): CodeIgniter\Boot::runCodeIgniter()
 9 FCPATH\index.php(59): CodeIgniter\Boot::bootWeb()
10 SYSTEMPATH\rewrite.php(44): require_once('C:\\Sistemas\\Dias Imports\\Dias Importes - Marketing v2\\sistema\\public\\index.php')
DEBUG - 2026-08-21 22:04:10 --> Session: Class initialized using 'CodeIgniter\Session\Handlers\FileHandler' driver.
CRITICAL - 2026-08-21 22:04:10 --> CodeIgniter\Security\Exceptions\SecurityException: The action you requested is not allowed.
[Method: POST, Route: configuracoes/evolution/instancias/excluir]
in SYSTEMPATH\Security\Security.php on line 258.
 1 SYSTEMPATH\Security\Security.php(258): CodeIgniter\Security\Exceptions\SecurityException::forDisallowedAction()
 2 SYSTEMPATH\Filters\CSRF.php(52): CodeIgniter\Security\Security->verify()
 3 SYSTEMPATH\Filters\Filters.php(241): CodeIgniter\Filters\CSRF->before()
 4 SYSTEMPATH\Filters\Filters.php(221): CodeIgniter\Filters\Filters->runBefore()
 5 SYSTEMPATH\CodeIgniter.php(488): CodeIgniter\Filters\Filters->run()
 6 SYSTEMPATH\CodeIgniter.php(363): CodeIgniter\CodeIgniter->handleRequest()
 7 SYSTEMPATH\Boot.php(417): CodeIgniter\CodeIgniter->run()
 8 SYSTEMPATH\Boot.php(68): CodeIgniter\Boot::runCodeIgniter()
 9 FCPATH\index.php(59): CodeIgniter\Boot::bootWeb()
10 SYSTEMPATH\rewrite.php(44): require_once('C:\\Sistemas\\Dias Imports\\Dias Importes - Marketing v2\\sistema\\public\\index.php')
DEBUG - 2026-08-21 22:04:19 --> Session: Class initialized using 'CodeIgniter\Session\Handlers\FileHandler' driver.
DEBUG - 2026-08-21 22:04:23 --> Session: Class initialized using 'CodeIgniter\Session\Handlers\FileHandler' driver.
DEBUG - 2026-08-21 22:04:25 --> Session: Class initialized using 'CodeIgniter\Session\Handlers\FileHandler' driver.
DEBUG - 2026-08-21 22:04:33 --> Session: Class initialized using 'CodeIgniter\Session\Handlers\FileHandler' driver.
DEBUG - 2026-08-21 22:04:50 --> Session: Class initialized using 'CodeIgniter\Session\Handlers\FileHandler' driver.
INFO - 2026-08-21 22:04:50 --> CSRF token verified.
DEBUG - 2026-08-21 22:04:51 --> Session: Class initialized using 'CodeIgniter\Session\Handlers\FileHandler' driver.
DEBUG - 2026-08-21 22:04:59 --> Session: Class initialized using 'CodeIgniter\Session\Handlers\FileHandler' driver.
DEBUG - 2026-08-21 22:05:05 --> Session: Class initialized using 'CodeIgniter\Session\Handlers\FileHandler' driver.
INFO - 2026-08-21 22:05:05 --> CSRF token verified.
DEBUG - 2026-08-21 22:05:05 --> Session: Class initialized using 'CodeIgniter\Session\Handlers\FileHandler' driver.
DEBUG - 2026-08-21 22:07:02 --> Session: Class initialized using 'CodeIgniter\Session\Handlers\FileHandler' driver.
DEBUG - 2026-08-21 22:07:16 --> Session: Class initialized using 'CodeIgniter\Session\Handlers\FileHandler' driver.
INFO - 2026-08-21 22:07:16 --> CSRF token verified.
DEBUG - 2026-08-21 22:07:17 --> Session: Class initialized using 'CodeIgniter\Session\Handlers\FileHandler' driver.
DEBUG - 2026-08-21 22:07:26 --> Session: Class initialized using 'CodeIgniter\Session\Handlers\FileHandler' driver.
INFO - 2026-08-21 22:07:26 --> CSRF token verified.
DEBUG - 2026-08-21 22:07:27 --> Session: Class initialized using 'CodeIgniter\Session\Handlers\FileHandler' driver.
DEBUG - 2026-08-21 22:07:35 --> Session: Class initialized using 'CodeIgniter\Session\Handlers\FileHandler' driver.
INFO - 2026-08-21 22:07:35 --> CSRF token verified.
DEBUG - 2026-08-21 22:07:38 --> Session: Class initialized using 'CodeIgniter\Session\Handlers\FileHandler' driver.
DEBUG - 2026-08-21 22:09:29 --> Session: Class initialized using 'CodeIgniter\Session\Handlers\FileHandler' driver.
DEBUG - 2026-08-21 22:09:44 --> Session: Class initialized using 'CodeIgniter\Session\Handlers\FileHandler' driver.
INFO - 2026-08-21 22:09:44 --> CSRF token verified.
DEBUG - 2026-08-21 22:09:51 --> Session: Class initialized using 'CodeIgniter\Session\Handlers\FileHandler' driver.
DEBUG - 2026-08-21 22:10:05 --> Session: Class initialized using 'CodeIgniter\Session\Handlers\FileHandler' driver.
INFO - 2026-08-21 22:10:05 --> CSRF token verified.
DEBUG - 2026-08-21 22:10:07 --> Session: Class initialized using 'CodeIgniter\Session\Handlers\FileHandler' driver.
DEBUG - 2026-08-21 22:11:39 --> Session: Class initialized using 'CodeIgniter\Session\Handlers\FileHandler' driver.
DEBUG - 2026-08-21 22:21:55 --> Session: Class initialized using 'CodeIgniter\Session\Handlers\FileHandler' driver.
DEBUG - 2026-08-21 22:22:33 --> Session: Class initialized using 'CodeIgniter\Session\Handlers\FileHandler' driver.
INFO - 2026-08-21 22:22:33 --> CSRF token verified.
DEBUG - 2026-08-21 22:22:39 --> Session: Class initialized using 'CodeIgniter\Session\Handlers\FileHandler' driver.
INFO - 2026-08-21 22:22:39 --> CSRF token verified.
DEBUG - 2026-08-21 22:26:37 --> Session: Class initialized using 'CodeIgniter\Session\Handlers\FileHandler' driver.
DEBUG - 2026-08-21 22:26:45 --> Session: Class initialized using 'CodeIgniter\Session\Handlers\FileHandler' driver.
DEBUG - 2026-08-21 22:26:51 --> Session: Class initialized using 'CodeIgniter\Session\Handlers\FileHandler' driver.
DEBUG - 2026-08-21 22:26:53 --> Session: Class initialized using 'CodeIgniter\Session\Handlers\FileHandler' driver.
INFO - 2026-08-21 22:26:53 --> CSRF token verified.
DEBUG - 2026-08-21 22:26:58 --> Session: Class initialized using 'CodeIgniter\Session\Handlers\FileHandler' driver.
DEBUG - 2026-08-21 22:27:04 --> Session: Class initialized using 'CodeIgniter\Session\Handlers\FileHandler' driver.
DEBUG - 2026-08-21 22:27:11 --> Session: Class initialized using 'CodeIgniter\Session\Handlers\FileHandler' driver.
DEBUG - 2026-08-21 22:27:15 --> Session: Class initialized using 'CodeIgniter\Session\Handlers\FileHandler' driver.
INFO - 2026-08-21 22:27:15 --> CSRF token verified.
DEBUG - 2026-08-21 22:27:17 --> Session: Class initialized using 'CodeIgniter\Session\Handlers\FileHandler' driver.
DEBUG - 2026-08-21 22:27:24 --> Session: Class initialized using 'CodeIgniter\Session\Handlers\FileHandler' driver.
DEBUG - 2026-08-21 22:27:31 --> Session: Class initialized using 'CodeIgniter\Session\Handlers\FileHandler' driver.
DEBUG - 2026-08-21 22:27:37 --> Session: Class initialized using 'CodeIgniter\Session\Handlers\FileHandler' driver.
INFO - 2026-08-21 22:27:37 --> CSRF token verified.
DEBUG - 2026-08-21 22:27:39 --> Session: Class initialized using 'CodeIgniter\Session\Handlers\FileHandler' driver.
DEBUG - 2026-08-21 22:27:45 --> Session: Class initialized using 'CodeIgniter\Session\Handlers\FileHandler' driver.
DEBUG - 2026-08-21 22:27:52 --> Session: Class initialized using 'CodeIgniter\Session\Handlers\FileHandler' driver.
DEBUG - 2026-08-21 22:27:59 --> Session: Class initialized using 'CodeIgniter\Session\Handlers\FileHandler' driver.
DEBUG - 2026-08-21 22:28:00 --> Session: Class initialized using 'CodeIgniter\Session\Handlers\FileHandler' driver.
INFO - 2026-08-21 22:28:00 --> CSRF token verified.
DEBUG - 2026-08-21 22:28:05 --> Session: Class initialized using 'CodeIgniter\Session\Handlers\FileHandler' driver.
DEBUG - 2026-08-21 22:28:11 --> Session: Class initialized using 'CodeIgniter\Session\Handlers\FileHandler' driver.
DEBUG - 2026-08-21 22:28:18 --> Session: Class initialized using 'CodeIgniter\Session\Handlers\FileHandler' driver.
DEBUG - 2026-08-21 22:28:22 --> Session: Class initialized using 'CodeIgniter\Session\Handlers\FileHandler' driver.
INFO - 2026-08-21 22:28:22 --> CSRF token verified.
DEBUG - 2026-08-21 22:28:24 --> Session: Class initialized using 'CodeIgniter\Session\Handlers\FileHandler' driver.
DEBUG - 2026-08-21 22:28:30 --> Session: Class initialized using 'CodeIgniter\Session\Handlers\FileHandler' driver.
DEBUG - 2026-08-21 22:28:37 --> Session: Class initialized using 'CodeIgniter\Session\Handlers\FileHandler' driver.
DEBUG - 2026-08-21 22:28:44 --> Session: Class initialized using 'CodeIgniter\Session\Handlers\FileHandler' driver.
DEBUG - 2026-08-21 22:28:46 --> Session: Class initialized using 'CodeIgniter\Session\Handlers\FileHandler' driver.
INFO - 2026-08-21 22:28:46 --> CSRF token verified.
DEBUG - 2026-08-21 22:28:51 --> Session: Class initialized using 'CodeIgniter\Session\Handlers\FileHandler' driver.
DEBUG - 2026-08-21 22:28:57 --> Session: Class initialized using 'CodeIgniter\Session\Handlers\FileHandler' driver.
DEBUG - 2026-08-21 22:29:04 --> Session: Class initialized using 'CodeIgniter\Session\Handlers\FileHandler' driver.
DEBUG - 2026-08-21 22:29:08 --> Session: Class initialized using 'CodeIgniter\Session\Handlers\FileHandler' driver.
INFO - 2026-08-21 22:29:08 --> CSRF token verified.
DEBUG - 2026-08-21 22:29:10 --> Session: Class initialized using 'CodeIgniter\Session\Handlers\FileHandler' driver.
DEBUG - 2026-08-21 22:29:17 --> Session: Class initialized using 'CodeIgniter\Session\Handlers\FileHandler' driver.
DEBUG - 2026-08-21 22:29:24 --> Session: Class initialized using 'CodeIgniter\Session\Handlers\FileHandler' driver.
DEBUG - 2026-08-21 22:29:30 --> Session: Class initialized using 'CodeIgniter\Session\Handlers\FileHandler' driver.
INFO - 2026-08-21 22:29:30 --> CSRF token verified.
DEBUG - 2026-08-21 22:29:32 --> Session: Class initialized using 'CodeIgniter\Session\Handlers\FileHandler' driver.
DEBUG - 2026-08-21 22:29:38 --> Session: Class initialized using 'CodeIgniter\Session\Handlers\FileHandler' driver.
DEBUG - 2026-08-21 22:29:44 --> Session: Class initialized using 'CodeIgniter\Session\Handlers\FileHandler' driver.
DEBUG - 2026-08-21 22:29:51 --> Session: Class initialized using 'CodeIgniter\Session\Handlers\FileHandler' driver.
DEBUG - 2026-08-21 22:29:53 --> Session: Class initialized using 'CodeIgniter\Session\Handlers\FileHandler' driver.
INFO - 2026-08-21 22:29:53 --> CSRF token verified.
DEBUG - 2026-08-21 22:29:58 --> Session: Class initialized using 'CodeIgniter\Session\Handlers\FileHandler' driver.
DEBUG - 2026-08-21 22:30:04 --> Session: Class initialized using 'CodeIgniter\Session\Handlers\FileHandler' driver.
DEBUG - 2026-08-21 22:30:10 --> Session: Class initialized using 'CodeIgniter\Session\Handlers\FileHandler' driver.
DEBUG - 2026-08-21 22:30:15 --> Session: Class initialized using 'CodeIgniter\Session\Handlers\FileHandler' driver.
INFO - 2026-08-21 22:30:15 --> CSRF token verified.
DEBUG - 2026-08-21 22:30:17 --> Session: Class initialized using 'CodeIgniter\Session\Handlers\FileHandler' driver.
DEBUG - 2026-08-21 22:30:24 --> Session: Class initialized using 'CodeIgniter\Session\Handlers\FileHandler' driver.
DEBUG - 2026-08-21 22:30:30 --> Session: Class initialized using 'CodeIgniter\Session\Handlers\FileHandler' driver.
DEBUG - 2026-08-21 22:30:37 --> Session: Class initialized using 'CodeIgniter\Session\Handlers\FileHandler' driver.
INFO - 2026-08-21 22:30:37 --> CSRF token verified.
DEBUG - 2026-08-21 22:30:39 --> Session: Class initialized using 'CodeIgniter\Session\Handlers\FileHandler' driver.
DEBUG - 2026-08-21 22:30:45 --> Session: Class initialized using 'CodeIgniter\Session\Handlers\FileHandler' driver.
DEBUG - 2026-08-21 22:30:52 --> Session: Class initialized using 'CodeIgniter\Session\Handlers\FileHandler' driver.
DEBUG - 2026-08-21 22:30:58 --> Session: Class initialized using 'CodeIgniter\Session\Handlers\FileHandler' driver.
DEBUG - 2026-08-21 22:31:00 --> Session: Class initialized using 'CodeIgniter\Session\Handlers\FileHandler' driver.
INFO - 2026-08-21 22:31:00 --> CSRF token verified.
DEBUG - 2026-08-21 22:31:05 --> Session: Class initialized using 'CodeIgniter\Session\Handlers\FileHandler' driver.
DEBUG - 2026-08-21 22:31:12 --> Session: Class initialized using 'CodeIgniter\Session\Handlers\FileHandler' driver.
DEBUG - 2026-08-21 22:31:18 --> Session: Class initialized using 'CodeIgniter\Session\Handlers\FileHandler' driver.
DEBUG - 2026-08-21 22:31:24 --> Session: Class initialized using 'CodeIgniter\Session\Handlers\FileHandler' driver.
INFO - 2026-08-21 22:31:24 --> CSRF token verified.
DEBUG - 2026-08-21 22:31:26 --> Session: Class initialized using 'CodeIgniter\Session\Handlers\FileHandler' driver.
DEBUG - 2026-08-21 22:31:32 --> Session: Class initialized using 'CodeIgniter\Session\Handlers\FileHandler' driver.
DEBUG - 2026-08-21 22:31:39 --> Session: Class initialized using 'CodeIgniter\Session\Handlers\FileHandler' driver.
DEBUG - 2026-08-21 22:31:45 --> Session: Class initialized using 'CodeIgniter\Session\Handlers\FileHandler' driver.
DEBUG - 2026-08-21 22:31:47 --> Session: Class initialized using 'CodeIgniter\Session\Handlers\FileHandler' driver.
INFO - 2026-08-21 22:31:47 --> CSRF token verified.
DEBUG - 2026-08-21 22:31:52 --> Session: Class initialized using 'CodeIgniter\Session\Handlers\FileHandler' driver.
DEBUG - 2026-08-21 22:31:59 --> Session: Class initialized using 'CodeIgniter\Session\Handlers\FileHandler' driver.
DEBUG - 2026-08-21 22:32:05 --> Session: Class initialized using 'CodeIgniter\Session\Handlers\FileHandler' driver.
DEBUG - 2026-08-21 22:32:09 --> Session: Class initialized using 'CodeIgniter\Session\Handlers\FileHandler' driver.
INFO - 2026-08-21 22:32:09 --> CSRF token verified.
DEBUG - 2026-08-21 22:32:12 --> Session: Class initialized using 'CodeIgniter\Session\Handlers\FileHandler' driver.
DEBUG - 2026-08-21 22:32:18 --> Session: Class initialized using 'CodeIgniter\Session\Handlers\FileHandler' driver.
DEBUG - 2026-08-21 22:32:25 --> Session: Class initialized using 'CodeIgniter\Session\Handlers\FileHandler' driver.
DEBUG - 2026-08-21 22:32:31 --> Session: Class initialized using 'CodeIgniter\Session\Handlers\FileHandler' driver.
INFO - 2026-08-21 22:32:31 --> CSRF token verified.
DEBUG - 2026-08-21 22:32:33 --> Session: Class initialized using 'CodeIgniter\Session\Handlers\FileHandler' driver.
DEBUG - 2026-08-21 22:32:54 --> Session: Class initialized using 'CodeIgniter\Session\Handlers\FileHandler' driver.
INFO - 2026-08-21 22:32:54 --> CSRF token verified.
DEBUG - 2026-08-21 22:33:17 --> Session: Class initialized using 'CodeIgniter\Session\Handlers\FileHandler' driver.
INFO - 2026-08-21 22:33:17 --> CSRF token verified.
DEBUG - 2026-08-21 22:33:40 --> Session: Class initialized using 'CodeIgniter\Session\Handlers\FileHandler' driver.
INFO - 2026-08-21 22:33:40 --> CSRF token verified.
DEBUG - 2026-08-21 22:34:03 --> Session: Class initialized using 'CodeIgniter\Session\Handlers\FileHandler' driver.
INFO - 2026-08-21 22:34:03 --> CSRF token verified.
DEBUG - 2026-08-21 22:34:26 --> Session: Class initialized using 'CodeIgniter\Session\Handlers\FileHandler' driver.
INFO - 2026-08-21 22:34:26 --> CSRF token verified.
DEBUG - 2026-08-21 22:34:49 --> Session: Class initialized using 'CodeIgniter\Session\Handlers\FileHandler' driver.
INFO - 2026-08-21 22:34:49 --> CSRF token verified.
DEBUG - 2026-08-21 22:35:12 --> Session: Class initialized using 'CodeIgniter\Session\Handlers\FileHandler' driver.
INFO - 2026-08-21 22:35:12 --> CSRF token verified.
DEBUG - 2026-08-21 22:35:35 --> Session: Class initialized using 'CodeIgniter\Session\Handlers\FileHandler' driver.
INFO - 2026-08-21 22:35:35 --> CSRF token verified.
DEBUG - 2026-08-21 22:35:58 --> Session: Class initialized using 'CodeIgniter\Session\Handlers\FileHandler' driver.
INFO - 2026-08-21 22:35:58 --> CSRF token verified.
DEBUG - 2026-08-21 22:36:17 --> Session: Class initialized using 'CodeIgniter\Session\Handlers\FileHandler' driver.
DEBUG - 2026-08-21 22:36:24 --> Session: Class initialized using 'CodeIgniter\Session\Handlers\FileHandler' driver.
DEBUG - 2026-08-21 22:36:30 --> Session: Class initialized using 'CodeIgniter\Session\Handlers\FileHandler' driver.
DEBUG - 2026-08-21 22:36:37 --> Session: Class initialized using 'CodeIgniter\Session\Handlers\FileHandler' driver.
DEBUG - 2026-08-21 22:36:44 --> Session: Class initialized using 'CodeIgniter\Session\Handlers\FileHandler' driver.
DEBUG - 2026-08-21 22:36:50 --> Session: Class initialized using 'CodeIgniter\Session\Handlers\FileHandler' driver.
DEBUG - 2026-08-21 22:36:57 --> Session: Class initialized using 'CodeIgniter\Session\Handlers\FileHandler' driver.
DEBUG - 2026-08-21 22:37:01 --> Session: Class initialized using 'CodeIgniter\Session\Handlers\FileHandler' driver.
DEBUG - 2026-08-21 22:37:05 --> Session: Class initialized using 'CodeIgniter\Session\Handlers\FileHandler' driver.
INFO - 2026-08-21 22:37:05 --> CSRF token verified.
DEBUG - 2026-08-21 22:37:08 --> Session: Class initialized using 'CodeIgniter\Session\Handlers\FileHandler' driver.
DEBUG - 2026-08-21 22:37:15 --> Session: Class initialized using 'CodeIgniter\Session\Handlers\FileHandler' driver.
DEBUG - 2026-08-21 22:37:21 --> Session: Class initialized using 'CodeIgniter\Session\Handlers\FileHandler' driver.
DEBUG - 2026-08-21 22:37:28 --> Session: Class initialized using 'CodeIgniter\Session\Handlers\FileHandler' driver.
INFO - 2026-08-21 22:37:28 --> CSRF token verified.
DEBUG - 2026-08-21 22:37:51 --> Session: Class initialized using 'CodeIgniter\Session\Handlers\FileHandler' driver.
INFO - 2026-08-21 22:37:51 --> CSRF token verified.
DEBUG - 2026-08-21 22:37:58 --> Session: Class initialized using 'CodeIgniter\Session\Handlers\FileHandler' driver.
DEBUG - 2026-08-21 22:37:59 --> Session: Class initialized using 'CodeIgniter\Session\Handlers\FileHandler' driver.
DEBUG - 2026-08-21 22:38:03 --> Session: Class initialized using 'CodeIgniter\Session\Handlers\FileHandler' driver.
INFO - 2026-08-21 22:38:03 --> CSRF token verified.
DEBUG - 2026-08-21 22:38:06 --> Session: Class initialized using 'CodeIgniter\Session\Handlers\FileHandler' driver.
DEBUG - 2026-08-21 22:38:12 --> Session: Class initialized using 'CodeIgniter\Session\Handlers\FileHandler' driver.
DEBUG - 2026-08-21 22:38:14 --> Session: Class initialized using 'CodeIgniter\Session\Handlers\FileHandler' driver.
INFO - 2026-08-21 22:38:14 --> CSRF token verified.
DEBUG - 2026-08-21 22:38:19 --> Session: Class initialized using 'CodeIgniter\Session\Handlers\FileHandler' driver.
DEBUG - 2026-08-21 22:38:26 --> Session: Class initialized using 'CodeIgniter\Session\Handlers\FileHandler' driver.
DEBUG - 2026-08-21 22:38:31 --> Session: Class initialized using 'CodeIgniter\Session\Handlers\FileHandler' driver.
INFO - 2026-08-21 22:38:31 --> CSRF token verified.
DEBUG - 2026-08-21 22:38:33 --> Session: Class initialized using 'CodeIgniter\Session\Handlers\FileHandler' driver.
DEBUG - 2026-08-21 22:38:39 --> Session: Class initialized using 'CodeIgniter\Session\Handlers\FileHandler' driver.
DEBUG - 2026-08-21 22:38:46 --> Session: Class initialized using 'CodeIgniter\Session\Handlers\FileHandler' driver.
DEBUG - 2026-08-21 22:38:53 --> Session: Class initialized using 'CodeIgniter\Session\Handlers\FileHandler' driver.
DEBUG - 2026-08-21 22:39:00 --> Session: Class initialized using 'CodeIgniter\Session\Handlers\FileHandler' driver.
DEBUG - 2026-08-21 22:39:06 --> Session: Class initialized using 'CodeIgniter\Session\Handlers\FileHandler' driver.
DEBUG - 2026-08-21 22:39:13 --> Session: Class initialized using 'CodeIgniter\Session\Handlers\FileHandler' driver.
DEBUG - 2026-08-21 22:39:19 --> Session: Class initialized using 'CodeIgniter\Session\Handlers\FileHandler' driver.
DEBUG - 2026-08-21 22:40:01 --> Session: Class initialized using 'CodeIgniter\Session\Handlers\FileHandler' driver.
DEBUG - 2026-08-21 22:40:08 --> Session: Class initialized using 'CodeIgniter\Session\Handlers\FileHandler' driver.
DEBUG - 2026-08-21 22:40:16 --> Session: Class initialized using 'CodeIgniter\Session\Handlers\FileHandler' driver.
DEBUG - 2026-08-21 22:40:17 --> Session: Class initialized using 'CodeIgniter\Session\Handlers\FileHandler' driver.
INFO - 2026-08-21 22:40:17 --> CSRF token verified.
DEBUG - 2026-08-21 22:40:22 --> Session: Class initialized using 'CodeIgniter\Session\Handlers\FileHandler' driver.
DEBUG - 2026-08-21 22:40:29 --> Session: Class initialized using 'CodeIgniter\Session\Handlers\FileHandler' driver.
DEBUG - 2026-08-21 22:40:35 --> Session: Class initialized using 'CodeIgniter\Session\Handlers\FileHandler' driver.
DEBUG - 2026-08-21 22:40:42 --> Session: Class initialized using 'CodeIgniter\Session\Handlers\FileHandler' driver.
INFO - 2026-08-21 22:40:42 --> CSRF token verified.
DEBUG - 2026-08-21 22:40:43 --> Session: Class initialized using 'CodeIgniter\Session\Handlers\FileHandler' driver.
DEBUG - 2026-08-21 22:40:44 --> Session: Class initialized using 'CodeIgniter\Session\Handlers\FileHandler' driver.
DEBUG - 2026-08-21 22:40:51 --> Session: Class initialized using 'CodeIgniter\Session\Handlers\FileHandler' driver.
DEBUG - 2026-08-21 22:40:58 --> Session: Class initialized using 'CodeIgniter\Session\Handlers\FileHandler' driver.
DEBUG - 2026-08-21 22:41:22 --> Session: Class initialized using 'CodeIgniter\Session\Handlers\FileHandler' driver.
DEBUG - 2026-08-21 22:41:35 --> Session: Class initialized using 'CodeIgniter\Session\Handlers\FileHandler' driver.
DEBUG - 2026-08-21 22:41:41 --> Session: Class initialized using 'CodeIgniter\Session\Handlers\FileHandler' driver.
DEBUG - 2026-08-21 22:41:43 --> Session: Class initialized using 'CodeIgniter\Session\Handlers\FileHandler' driver.
DEBUG - 2026-08-21 22:41:56 --> Session: Class initialized using 'CodeIgniter\Session\Handlers\FileHandler' driver.
DEBUG - 2026-08-21 22:41:59 --> Session: Class initialized using 'CodeIgniter\Session\Handlers\FileHandler' driver.
INFO - 2026-08-21 22:41:59 --> CSRF token verified.
DEBUG - 2026-08-21 22:42:04 --> Session: Class initialized using 'CodeIgniter\Session\Handlers\FileHandler' driver.
DEBUG - 2026-08-21 22:42:11 --> Session: Class initialized using 'CodeIgniter\Session\Handlers\FileHandler' driver.
DEBUG - 2026-08-21 22:42:17 --> Session: Class initialized using 'CodeIgniter\Session\Handlers\FileHandler' driver.
DEBUG - 2026-08-21 22:42:23 --> Session: Class initialized using 'CodeIgniter\Session\Handlers\FileHandler' driver.
DEBUG - 2026-08-21 22:42:25 --> Session: Class initialized using 'CodeIgniter\Session\Handlers\FileHandler' driver.
INFO - 2026-08-21 22:42:25 --> CSRF token verified.
DEBUG - 2026-08-21 22:42:30 --> Session: Class initialized using 'CodeIgniter\Session\Handlers\FileHandler' driver.
DEBUG - 2026-08-21 22:42:37 --> Session: Class initialized using 'CodeIgniter\Session\Handlers\FileHandler' driver.
DEBUG - 2026-08-21 22:42:43 --> Session: Class initialized using 'CodeIgniter\Session\Handlers\FileHandler' driver.
DEBUG - 2026-08-21 22:42:47 --> Session: Class initialized using 'CodeIgniter\Session\Handlers\FileHandler' driver.
INFO - 2026-08-21 22:42:47 --> CSRF token verified.
DEBUG - 2026-08-21 22:42:49 --> Session: Class initialized using 'CodeIgniter\Session\Handlers\FileHandler' driver.
DEBUG - 2026-08-21 22:42:56 --> Session: Class initialized using 'CodeIgniter\Session\Handlers\FileHandler' driver.
DEBUG - 2026-08-21 22:43:02 --> Session: Class initialized using 'CodeIgniter\Session\Handlers\FileHandler' driver.
DEBUG - 2026-08-21 22:43:09 --> Session: Class initialized using 'CodeIgniter\Session\Handlers\FileHandler' driver.
INFO - 2026-08-21 22:43:09 --> CSRF token verified.
DEBUG - 2026-08-21 22:43:11 --> Session: Class initialized using 'CodeIgniter\Session\Handlers\FileHandler' driver.
DEBUG - 2026-08-21 22:43:17 --> Session: Class initialized using 'CodeIgniter\Session\Handlers\FileHandler' driver.
DEBUG - 2026-08-21 22:43:24 --> Session: Class initialized using 'CodeIgniter\Session\Handlers\FileHandler' driver.
DEBUG - 2026-08-21 22:43:30 --> Session: Class initialized using 'CodeIgniter\Session\Handlers\FileHandler' driver.
DEBUG - 2026-08-21 22:43:37 --> Session: Class initialized using 'CodeIgniter\Session\Handlers\FileHandler' driver.
DEBUG - 2026-08-21 22:43:44 --> Session: Class initialized using 'CodeIgniter\Session\Handlers\FileHandler' driver.
DEBUG - 2026-08-21 22:43:46 --> Session: Class initialized using 'CodeIgniter\Session\Handlers\FileHandler' driver.
DEBUG - 2026-08-21 22:43:53 --> Session: Class initialized using 'CodeIgniter\Session\Handlers\FileHandler' driver.
DEBUG - 2026-08-21 22:44:00 --> Session: Class initialized using 'CodeIgniter\Session\Handlers\FileHandler' driver.
DEBUG - 2026-08-21 22:44:06 --> Session: Class initialized using 'CodeIgniter\Session\Handlers\FileHandler' driver.
DEBUG - 2026-08-21 22:44:13 --> Session: Class initialized using 'CodeIgniter\Session\Handlers\FileHandler' driver.
DEBUG - 2026-08-21 22:44:14 --> Session: Class initialized using 'CodeIgniter\Session\Handlers\FileHandler' driver.
DEBUG - 2026-08-21 22:44:21 --> Session: Class initialized using 'CodeIgniter\Session\Handlers\FileHandler' driver.
DEBUG - 2026-08-21 22:44:23 --> Session: Class initialized using 'CodeIgniter\Session\Handlers\FileHandler' driver.
INFO - 2026-08-21 22:44:23 --> CSRF token verified.
DEBUG - 2026-08-21 22:44:28 --> Session: Class initialized using 'CodeIgniter\Session\Handlers\FileHandler' driver.
DEBUG - 2026-08-21 22:44:35 --> Session: Class initialized using 'CodeIgniter\Session\Handlers\FileHandler' driver.
DEBUG - 2026-08-21 22:44:41 --> Session: Class initialized using 'CodeIgniter\Session\Handlers\FileHandler' driver.
DEBUG - 2026-08-21 22:44:47 --> Session: Class initialized using 'CodeIgniter\Session\Handlers\FileHandler' driver.
DEBUG - 2026-08-21 22:44:49 --> Session: Class initialized using 'CodeIgniter\Session\Handlers\FileHandler' driver.
INFO - 2026-08-21 22:44:49 --> CSRF token verified.
DEBUG - 2026-08-21 22:44:54 --> Session: Class initialized using 'CodeIgniter\Session\Handlers\FileHandler' driver.
DEBUG - 2026-08-21 22:45:01 --> Session: Class initialized using 'CodeIgniter\Session\Handlers\FileHandler' driver.
DEBUG - 2026-08-21 22:45:07 --> Session: Class initialized using 'CodeIgniter\Session\Handlers\FileHandler' driver.
DEBUG - 2026-08-21 22:45:14 --> Session: Class initialized using 'CodeIgniter\Session\Handlers\FileHandler' driver.
DEBUG - 2026-08-21 22:45:15 --> Session: Class initialized using 'CodeIgniter\Session\Handlers\FileHandler' driver.
INFO - 2026-08-21 22:45:15 --> CSRF token verified.
DEBUG - 2026-08-21 22:45:20 --> Session: Class initialized using 'CodeIgniter\Session\Handlers\FileHandler' driver.
DEBUG - 2026-08-21 22:45:27 --> Session: Class initialized using 'CodeIgniter\Session\Handlers\FileHandler' driver.
DEBUG - 2026-08-21 22:45:33 --> Session: Class initialized using 'CodeIgniter\Session\Handlers\FileHandler' driver.
DEBUG - 2026-08-21 22:45:40 --> Session: Class initialized using 'CodeIgniter\Session\Handlers\FileHandler' driver.
DEBUG - 2026-08-21 22:45:42 --> Session: Class initialized using 'CodeIgniter\Session\Handlers\FileHandler' driver.
INFO - 2026-08-21 22:45:42 --> CSRF token verified.
DEBUG - 2026-08-21 22:45:47 --> Session: Class initialized using 'CodeIgniter\Session\Handlers\FileHandler' driver.
DEBUG - 2026-08-21 22:45:53 --> Session: Class initialized using 'CodeIgniter\Session\Handlers\FileHandler' driver.
DEBUG - 2026-08-21 22:45:59 --> Session: Class initialized using 'CodeIgniter\Session\Handlers\FileHandler' driver.
DEBUG - 2026-08-21 22:46:06 --> Session: Class initialized using 'CodeIgniter\Session\Handlers\FileHandler' driver.
DEBUG - 2026-08-21 22:46:08 --> Session: Class initialized using 'CodeIgniter\Session\Handlers\FileHandler' driver.
INFO - 2026-08-21 22:46:08 --> CSRF token verified.
DEBUG - 2026-08-21 22:46:13 --> Session: Class initialized using 'CodeIgniter\Session\Handlers\FileHandler' driver.
DEBUG - 2026-08-21 22:46:19 --> Session: Class initialized using 'CodeIgniter\Session\Handlers\FileHandler' driver.
DEBUG - 2026-08-21 22:46:26 --> Session: Class initialized using 'CodeIgniter\Session\Handlers\FileHandler' driver.
DEBUG - 2026-08-21 22:46:32 --> Session: Class initialized using 'CodeIgniter\Session\Handlers\FileHandler' driver.
INFO - 2026-08-21 22:46:32 --> CSRF token verified.
DEBUG - 2026-08-21 22:46:37 --> Session: Class initialized using 'CodeIgniter\Session\Handlers\FileHandler' driver.
DEBUG - 2026-08-21 22:46:43 --> Session: Class initialized using 'CodeIgniter\Session\Handlers\FileHandler' driver.
DEBUG - 2026-08-21 22:46:50 --> Session: Class initialized using 'CodeIgniter\Session\Handlers\FileHandler' driver.
DEBUG - 2026-08-21 22:46:56 --> Session: Class initialized using 'CodeIgniter\Session\Handlers\FileHandler' driver.
DEBUG - 2026-08-21 22:46:58 --> Session: Class initialized using 'CodeIgniter\Session\Handlers\FileHandler' driver.
INFO - 2026-08-21 22:46:58 --> CSRF token verified.
DEBUG - 2026-08-21 22:47:03 --> Session: Class initialized using 'CodeIgniter\Session\Handlers\FileHandler' driver.
DEBUG - 2026-08-21 22:47:05 --> Session: Class initialized using 'CodeIgniter\Session\Handlers\FileHandler' driver.
DEBUG - 2026-08-21 22:47:08 --> Session: Class initialized using 'CodeIgniter\Session\Handlers\FileHandler' driver.
DEBUG - 2026-08-21 22:47:13 --> Session: Class initialized using 'CodeIgniter\Session\Handlers\FileHandler' driver.
INFO - 2026-08-21 22:47:13 --> CSRF token verified.
DEBUG - 2026-08-21 22:47:18 --> Session: Class initialized using 'CodeIgniter\Session\Handlers\FileHandler' driver.
DEBUG - 2026-08-21 22:47:24 --> Session: Class initialized using 'CodeIgniter\Session\Handlers\FileHandler' driver.
DEBUG - 2026-08-21 22:47:31 --> Session: Class initialized using 'CodeIgniter\Session\Handlers\FileHandler' driver.
DEBUG - 2026-08-21 22:47:38 --> Session: Class initialized using 'CodeIgniter\Session\Handlers\FileHandler' driver.
INFO - 2026-08-21 22:47:38 --> CSRF token verified.
DEBUG - 2026-08-21 22:47:39 --> Session: Class initialized using 'CodeIgniter\Session\Handlers\FileHandler' driver.
DEBUG - 2026-08-21 22:47:40 --> Session: Class initialized using 'CodeIgniter\Session\Handlers\FileHandler' driver.
DEBUG - 2026-08-21 22:47:47 --> Session: Class initialized using 'CodeIgniter\Session\Handlers\FileHandler' driver.
DEBUG - 2026-08-21 22:47:54 --> Session: Class initialized using 'CodeIgniter\Session\Handlers\FileHandler' driver.
DEBUG - 2026-08-21 22:48:00 --> Session: Class initialized using 'CodeIgniter\Session\Handlers\FileHandler' driver.
DEBUG - 2026-08-21 22:48:07 --> Session: Class initialized using 'CodeIgniter\Session\Handlers\FileHandler' driver.
DEBUG - 2026-08-21 22:48:14 --> Session: Class initialized using 'CodeIgniter\Session\Handlers\FileHandler' driver.
DEBUG - 2026-08-21 22:48:20 --> Session: Class initialized using 'CodeIgniter\Session\Handlers\FileHandler' driver.
DEBUG - 2026-08-21 22:48:26 --> Session: Class initialized using 'CodeIgniter\Session\Handlers\FileHandler' driver.
DEBUG - 2026-08-21 22:48:33 --> Session: Class initialized using 'CodeIgniter\Session\Handlers\FileHandler' driver.
DEBUG - 2026-08-21 22:48:40 --> Session: Class initialized using 'CodeIgniter\Session\Handlers\FileHandler' driver.
DEBUG - 2026-08-21 22:48:46 --> Session: Class initialized using 'CodeIgniter\Session\Handlers\FileHandler' driver.
DEBUG - 2026-08-21 22:48:52 --> Session: Class initialized using 'CodeIgniter\Session\Handlers\FileHandler' driver.
DEBUG - 2026-08-21 22:48:59 --> Session: Class initialized using 'CodeIgniter\Session\Handlers\FileHandler' driver.
DEBUG - 2026-08-21 22:49:22 --> Session: Class initialized using 'CodeIgniter\Session\Handlers\FileHandler' driver.
DEBUG - 2026-08-21 22:49:29 --> Session: Class initialized using 'CodeIgniter\Session\Handlers\FileHandler' driver.
DEBUG - 2026-08-21 22:49:36 --> Session: Class initialized using 'CodeIgniter\Session\Handlers\FileHandler' driver.
DEBUG - 2026-08-21 22:49:42 --> Session: Class initialized using 'CodeIgniter\Session\Handlers\FileHandler' driver.
DEBUG - 2026-08-21 22:50:39 --> Session: Class initialized using 'CodeIgniter\Session\Handlers\FileHandler' driver.
DEBUG - 2026-08-21 22:50:42 --> Session: Class initialized using 'CodeIgniter\Session\Handlers\FileHandler' driver.
INFO - 2026-08-21 22:50:42 --> CSRF token verified.
DEBUG - 2026-08-21 22:50:43 --> Session: Class initialized using 'CodeIgniter\Session\Handlers\FileHandler' driver.
DEBUG - 2026-08-21 22:51:00 --> Session: Class initialized using 'CodeIgniter\Session\Handlers\FileHandler' driver.
INFO - 2026-08-21 22:51:00 --> CSRF token verified.
DEBUG - 2026-08-21 22:51:08 --> Session: Class initialized using 'CodeIgniter\Session\Handlers\FileHandler' driver.
DEBUG - 2026-08-21 22:51:15 --> Session: Class initialized using 'CodeIgniter\Session\Handlers\FileHandler' driver.
INFO - 2026-08-21 22:51:15 --> CSRF token verified.
DEBUG - 2026-08-21 22:51:20 --> Session: Class initialized using 'CodeIgniter\Session\Handlers\FileHandler' driver.
DEBUG - 2026-08-21 22:51:27 --> Session: Class initialized using 'CodeIgniter\Session\Handlers\FileHandler' driver.
DEBUG - 2026-08-21 22:51:33 --> Session: Class initialized using 'CodeIgniter\Session\Handlers\FileHandler' driver.
DEBUG - 2026-08-21 22:51:40 --> Session: Class initialized using 'CodeIgniter\Session\Handlers\FileHandler' driver.
DEBUG - 2026-08-21 22:51:41 --> Session: Class initialized using 'CodeIgniter\Session\Handlers\FileHandler' driver.
INFO - 2026-08-21 22:51:41 --> CSRF token verified.
DEBUG - 2026-08-21 22:51:43 --> Session: Class initialized using 'CodeIgniter\Session\Handlers\FileHandler' driver.
DEBUG - 2026-08-21 22:52:44 --> Session: Class initialized using 'CodeIgniter\Session\Handlers\FileHandler' driver.
DEBUG - 2026-08-21 22:52:50 --> Session: Class initialized using 'CodeIgniter\Session\Handlers\FileHandler' driver.
DEBUG - 2026-08-21 22:52:57 --> Session: Class initialized using 'CodeIgniter\Session\Handlers\FileHandler' driver.
DEBUG - 2026-08-21 22:53:03 --> Session: Class initialized using 'CodeIgniter\Session\Handlers\FileHandler' driver.
DEBUG - 2026-08-21 22:53:10 --> Session: Class initialized using 'CodeIgniter\Session\Handlers\FileHandler' driver.
DEBUG - 2026-08-21 22:53:16 --> Session: Class initialized using 'CodeIgniter\Session\Handlers\FileHandler' driver.
DEBUG - 2026-08-21 22:53:23 --> Session: Class initialized using 'CodeIgniter\Session\Handlers\FileHandler' driver.
DEBUG - 2026-08-21 22:53:30 --> Session: Class initialized using 'CodeIgniter\Session\Handlers\FileHandler' driver.
DEBUG - 2026-08-21 22:53:36 --> Session: Class initialized using 'CodeIgniter\Session\Handlers\FileHandler' driver.
DEBUG - 2026-08-21 22:53:42 --> Session: Class initialized using 'CodeIgniter\Session\Handlers\FileHandler' driver.
DEBUG - 2026-08-21 22:53:47 --> Session: Class initialized using 'CodeIgniter\Session\Handlers\FileHandler' driver.
DEBUG - 2026-08-21 22:53:49 --> Session: Class initialized using 'CodeIgniter\Session\Handlers\FileHandler' driver.
DEBUG - 2026-08-21 22:53:56 --> Session: Class initialized using 'CodeIgniter\Session\Handlers\FileHandler' driver.
DEBUG - 2026-08-21 22:54:02 --> Session: Class initialized using 'CodeIgniter\Session\Handlers\FileHandler' driver.
DEBUG - 2026-08-21 22:54:09 --> Session: Class initialized using 'CodeIgniter\Session\Handlers\FileHandler' driver.
DEBUG - 2026-08-21 22:54:15 --> Session: Class initialized using 'CodeIgniter\Session\Handlers\FileHandler' driver.
DEBUG - 2026-08-21 22:54:22 --> Session: Class initialized using 'CodeIgniter\Session\Handlers\FileHandler' driver.
DEBUG - 2026-08-21 22:54:41 --> Session: Class initialized using 'CodeIgniter\Session\Handlers\FileHandler' driver.
DEBUG - 2026-08-21 22:54:48 --> Session: Class initialized using 'CodeIgniter\Session\Handlers\FileHandler' driver.
DEBUG - 2026-08-21 22:54:54 --> Session: Class initialized using 'CodeIgniter\Session\Handlers\FileHandler' driver.
DEBUG - 2026-08-21 22:55:01 --> Session: Class initialized using 'CodeIgniter\Session\Handlers\FileHandler' driver.
DEBUG - 2026-08-21 22:55:07 --> Session: Class initialized using 'CodeIgniter\Session\Handlers\FileHandler' driver.
DEBUG - 2026-08-21 22:55:14 --> Session: Class initialized using 'CodeIgniter\Session\Handlers\FileHandler' driver.
DEBUG - 2026-08-21 22:55:21 --> Session: Class initialized using 'CodeIgniter\Session\Handlers\FileHandler' driver.
DEBUG - 2026-08-21 22:55:27 --> Session: Class initialized using 'CodeIgniter\Session\Handlers\FileHandler' driver.
DEBUG - 2026-08-21 22:55:34 --> Session: Class initialized using 'CodeIgniter\Session\Handlers\FileHandler' driver.
DEBUG - 2026-08-21 22:55:40 --> Session: Class initialized using 'CodeIgniter\Session\Handlers\FileHandler' driver.
DEBUG - 2026-08-21 22:55:47 --> Session: Class initialized using 'CodeIgniter\Session\Handlers\FileHandler' driver.
DEBUG - 2026-08-21 22:55:53 --> Session: Class initialized using 'CodeIgniter\Session\Handlers\FileHandler' driver.
DEBUG - 2026-08-21 22:55:56 --> Session: Class initialized using 'CodeIgniter\Session\Handlers\FileHandler' driver.
DEBUG - 2026-08-21 22:56:03 --> Session: Class initialized using 'CodeIgniter\Session\Handlers\FileHandler' driver.
DEBUG - 2026-08-21 22:56:08 --> Session: Class initialized using 'CodeIgniter\Session\Handlers\FileHandler' driver.
DEBUG - 2026-08-21 22:56:11 --> Session: Class initialized using 'CodeIgniter\Session\Handlers\FileHandler' driver.
DEBUG - 2026-08-21 22:56:33 --> Session: Class initialized using 'CodeIgniter\Session\Handlers\FileHandler' driver.
DEBUG - 2026-08-21 22:56:38 --> Session: Class initialized using 'CodeIgniter\Session\Handlers\FileHandler' driver.
DEBUG - 2026-08-21 22:56:40 --> Session: Class initialized using 'CodeIgniter\Session\Handlers\FileHandler' driver.
DEBUG - 2026-08-21 22:58:10 --> Session: Class initialized using 'CodeIgniter\Session\Handlers\FileHandler' driver.
DEBUG - 2026-08-21 22:58:18 --> Session: Class initialized using 'CodeIgniter\Session\Handlers\FileHandler' driver.
DEBUG - 2026-08-21 22:58:25 --> Session: Class initialized using 'CodeIgniter\Session\Handlers\FileHandler' driver.
DEBUG - 2026-08-21 22:58:31 --> Session: Class initialized using 'CodeIgniter\Session\Handlers\FileHandler' driver.
DEBUG - 2026-08-21 22:58:38 --> Session: Class initialized using 'CodeIgniter\Session\Handlers\FileHandler' driver.
DEBUG - 2026-08-21 22:58:42 --> Session: Class initialized using 'CodeIgniter\Session\Handlers\FileHandler' driver.
DEBUG - 2026-08-21 22:58:47 --> Session: Class initialized using 'CodeIgniter\Session\Handlers\FileHandler' driver.
DEBUG - 2026-08-21 22:58:55 --> Session: Class initialized using 'CodeIgniter\Session\Handlers\FileHandler' driver.
DEBUG - 2026-08-21 22:59:02 --> Session: Class initialized using 'CodeIgniter\Session\Handlers\FileHandler' driver.
DEBUG - 2026-08-21 22:59:09 --> Session: Class initialized using 'CodeIgniter\Session\Handlers\FileHandler' driver.
DEBUG - 2026-08-21 22:59:16 --> Session: Class initialized using 'CodeIgniter\Session\Handlers\FileHandler' driver.
DEBUG - 2026-08-21 22:59:23 --> Session: Class initialized using 'CodeIgniter\Session\Handlers\FileHandler' driver.
DEBUG - 2026-08-21 22:59:29 --> Session: Class initialized using 'CodeIgniter\Session\Handlers\FileHandler' driver.
DEBUG - 2026-08-21 22:59:35 --> Session: Class initialized using 'CodeIgniter\Session\Handlers\FileHandler' driver.
DEBUG - 2026-08-21 22:59:37 --> Session: Class initialized using 'CodeIgniter\Session\Handlers\FileHandler' driver.
DEBUG - 2026-08-21 22:59:43 --> Session: Class initialized using 'CodeIgniter\Session\Handlers\FileHandler' driver.
DEBUG - 2026-08-21 22:59:45 --> Session: Class initialized using 'CodeIgniter\Session\Handlers\FileHandler' driver.
DEBUG - 2026-08-21 22:59:47 --> Session: Class initialized using 'CodeIgniter\Session\Handlers\FileHandler' driver.
DEBUG - 2026-08-21 22:59:54 --> Session: Class initialized using 'CodeIgniter\Session\Handlers\FileHandler' driver.
DEBUG - 2026-08-21 23:00:01 --> Session: Class initialized using 'CodeIgniter\Session\Handlers\FileHandler' driver.
DEBUG - 2026-08-21 23:00:08 --> Session: Class initialized using 'CodeIgniter\Session\Handlers\FileHandler' driver.
DEBUG - 2026-08-21 23:00:14 --> Session: Class initialized using 'CodeIgniter\Session\Handlers\FileHandler' driver.
DEBUG - 2026-08-21 23:00:21 --> Session: Class initialized using 'CodeIgniter\Session\Handlers\FileHandler' driver.
DEBUG - 2026-08-21 23:00:28 --> Session: Class initialized using 'CodeIgniter\Session\Handlers\FileHandler' driver.
DEBUG - 2026-08-21 23:00:34 --> Session: Class initialized using 'CodeIgniter\Session\Handlers\FileHandler' driver.
DEBUG - 2026-08-21 23:00:40 --> Session: Class initialized using 'CodeIgniter\Session\Handlers\FileHandler' driver.
DEBUG - 2026-08-21 23:00:47 --> Session: Class initialized using 'CodeIgniter\Session\Handlers\FileHandler' driver.
DEBUG - 2026-08-21 23:00:54 --> Session: Class initialized using 'CodeIgniter\Session\Handlers\FileHandler' driver.
DEBUG - 2026-08-21 23:01:01 --> Session: Class initialized using 'CodeIgniter\Session\Handlers\FileHandler' driver.
DEBUG - 2026-08-21 23:01:07 --> Session: Class initialized using 'CodeIgniter\Session\Handlers\FileHandler' driver.
DEBUG - 2026-08-21 23:01:11 --> Session: Class initialized using 'CodeIgniter\Session\Handlers\FileHandler' driver.
DEBUG - 2026-08-21 23:01:14 --> Session: Class initialized using 'CodeIgniter\Session\Handlers\FileHandler' driver.
DEBUG - 2026-08-21 23:01:18 --> Session: Class initialized using 'CodeIgniter\Session\Handlers\FileHandler' driver.
DEBUG - 2026-08-21 23:01:21 --> Session: Class initialized using 'CodeIgniter\Session\Handlers\FileHandler' driver.
DEBUG - 2026-08-21 23:01:23 --> Session: Class initialized using 'CodeIgniter\Session\Handlers\FileHandler' driver.
DEBUG - 2026-08-21 23:01:31 --> Session: Class initialized using 'CodeIgniter\Session\Handlers\FileHandler' driver.
DEBUG - 2026-08-21 23:01:37 --> Session: Class initialized using 'CodeIgniter\Session\Handlers\FileHandler' driver.
INFO - 2026-08-21 23:01:37 --> CSRF token verified.
DEBUG - 2026-08-21 23:01:40 --> Session: Class initialized using 'CodeIgniter\Session\Handlers\FileHandler' driver.
DEBUG - 2026-08-21 23:01:41 --> Session: Class initialized using 'CodeIgniter\Session\Handlers\FileHandler' driver.
DEBUG - 2026-08-21 23:01:52 --> Session: Class initialized using 'CodeIgniter\Session\Handlers\FileHandler' driver.
DEBUG - 2026-08-21 23:01:59 --> Session: Class initialized using 'CodeIgniter\Session\Handlers\FileHandler' driver.
DEBUG - 2026-08-21 23:02:05 --> Session: Class initialized using 'CodeIgniter\Session\Handlers\FileHandler' driver.
DEBUG - 2026-08-21 23:02:12 --> Session: Class initialized using 'CodeIgniter\Session\Handlers\FileHandler' driver.
DEBUG - 2026-08-21 23:02:18 --> Session: Class initialized using 'CodeIgniter\Session\Handlers\FileHandler' driver.
DEBUG - 2026-08-21 23:02:24 --> Session: Class initialized using 'CodeIgniter\Session\Handlers\FileHandler' driver.
DEBUG - 2026-08-21 23:02:31 --> Session: Class initialized using 'CodeIgniter\Session\Handlers\FileHandler' driver.
DEBUG - 2026-08-21 23:02:38 --> Session: Class initialized using 'CodeIgniter\Session\Handlers\FileHandler' driver.
DEBUG - 2026-08-21 23:02:44 --> Session: Class initialized using 'CodeIgniter\Session\Handlers\FileHandler' driver.
DEBUG - 2026-08-21 23:02:50 --> Session: Class initialized using 'CodeIgniter\Session\Handlers\FileHandler' driver.
DEBUG - 2026-08-21 23:02:57 --> Session: Class initialized using 'CodeIgniter\Session\Handlers\FileHandler' driver.
DEBUG - 2026-08-21 23:03:04 --> Session: Class initialized using 'CodeIgniter\Session\Handlers\FileHandler' driver.
DEBUG - 2026-08-21 23:03:10 --> Session: Class initialized using 'CodeIgniter\Session\Handlers\FileHandler' driver.
DEBUG - 2026-08-21 23:03:16 --> Session: Class initialized using 'CodeIgniter\Session\Handlers\FileHandler' driver.
DEBUG - 2026-08-21 23:05:01 --> Session: Class initialized using 'CodeIgniter\Session\Handlers\FileHandler' driver.
DEBUG - 2026-08-21 23:05:04 --> Session: Class initialized using 'CodeIgniter\Session\Handlers\FileHandler' driver.
DEBUG - 2026-08-21 23:05:06 --> Session: Class initialized using 'CodeIgniter\Session\Handlers\FileHandler' driver.
DEBUG - 2026-08-21 23:05:09 --> Session: Class initialized using 'CodeIgniter\Session\Handlers\FileHandler' driver.
DEBUG - 2026-08-21 23:05:16 --> Session: Class initialized using 'CodeIgniter\Session\Handlers\FileHandler' driver.
DEBUG - 2026-08-21 23:05:23 --> Session: Class initialized using 'CodeIgniter\Session\Handlers\FileHandler' driver.
DEBUG - 2026-08-21 23:05:34 --> Session: Class initialized using 'CodeIgniter\Session\Handlers\FileHandler' driver.
DEBUG - 2026-08-21 23:05:47 --> Session: Class initialized using 'CodeIgniter\Session\Handlers\FileHandler' driver.
DEBUG - 2026-08-21 23:05:51 --> Session: Class initialized using 'CodeIgniter\Session\Handlers\FileHandler' driver.
INFO - 2026-08-21 23:05:51 --> CSRF token verified.
DEBUG - 2026-08-21 23:05:54 --> Session: Class initialized using 'CodeIgniter\Session\Handlers\FileHandler' driver.
DEBUG - 2026-08-21 23:06:00 --> Session: Class initialized using 'CodeIgniter\Session\Handlers\FileHandler' driver.
DEBUG - 2026-08-21 23:06:02 --> Session: Class initialized using 'CodeIgniter\Session\Handlers\FileHandler' driver.
INFO - 2026-08-21 23:06:02 --> CSRF token verified.
DEBUG - 2026-08-21 23:06:06 --> Session: Class initialized using 'CodeIgniter\Session\Handlers\FileHandler' driver.
DEBUG - 2026-08-21 23:06:13 --> Session: Class initialized using 'CodeIgniter\Session\Handlers\FileHandler' driver.
DEBUG - 2026-08-21 23:06:20 --> Session: Class initialized using 'CodeIgniter\Session\Handlers\FileHandler' driver.
DEBUG - 2026-08-21 23:06:26 --> Session: Class initialized using 'CodeIgniter\Session\Handlers\FileHandler' driver.
INFO - 2026-08-21 23:06:26 --> CSRF token verified.
DEBUG - 2026-08-21 23:06:28 --> Session: Class initialized using 'CodeIgniter\Session\Handlers\FileHandler' driver.
DEBUG - 2026-08-21 23:06:29 --> Session: Class initialized using 'CodeIgniter\Session\Handlers\FileHandler' driver.
DEBUG - 2026-08-21 23:06:36 --> Session: Class initialized using 'CodeIgniter\Session\Handlers\FileHandler' driver.
DEBUG - 2026-08-21 23:06:43 --> Session: Class initialized using 'CodeIgniter\Session\Handlers\FileHandler' driver.
DEBUG - 2026-08-21 23:07:21 --> Session: Class initialized using 'CodeIgniter\Session\Handlers\FileHandler' driver.
DEBUG - 2026-08-21 23:07:28 --> Session: Class initialized using 'CodeIgniter\Session\Handlers\FileHandler' driver.
DEBUG - 2026-08-21 23:07:34 --> Session: Class initialized using 'CodeIgniter\Session\Handlers\FileHandler' driver.
DEBUG - 2026-08-21 23:07:41 --> Session: Class initialized using 'CodeIgniter\Session\Handlers\FileHandler' driver.
DEBUG - 2026-08-21 23:07:47 --> Session: Class initialized using 'CodeIgniter\Session\Handlers\FileHandler' driver.
DEBUG - 2026-08-21 23:07:54 --> Session: Class initialized using 'CodeIgniter\Session\Handlers\FileHandler' driver.
DEBUG - 2026-08-21 23:08:00 --> Session: Class initialized using 'CodeIgniter\Session\Handlers\FileHandler' driver.
DEBUG - 2026-08-21 23:10:55 --> Session: Class initialized using 'CodeIgniter\Session\Handlers\FileHandler' driver.
ERROR - 2026-08-21 23:10:56 --> Table 'dias_imports.message_templates' doesn't exist
in SYSTEMPATH\Database\MySQLi\Connection.php on line 300.
 1 SYSTEMPATH\Database\MySQLi\Connection.php(300): mysqli->query()
 2 SYSTEMPATH\Database\BaseConnection.php(908): CodeIgniter\Database\MySQLi\Connection->execute()
 3 SYSTEMPATH\Database\BaseConnection.php(825): CodeIgniter\Database\BaseConnection->simpleQuery()
 4 SYSTEMPATH\Database\BaseBuilder.php(1659): CodeIgniter\Database\BaseConnection->query()
 5 SYSTEMPATH\Model.php(255): CodeIgniter\Database\BaseBuilder->get()
 6 SYSTEMPATH\BaseModel.php(676): CodeIgniter\Model->doFindAll()
 7 APPPATH\Controllers\Home.php(324): CodeIgniter\BaseModel->findAll()
 8 APPPATH\Controllers\Home.php(95): App\Controllers\Home->renderPage()
 9 SYSTEMPATH\CodeIgniter.php(974): App\Controllers\Home->settings()
10 SYSTEMPATH\CodeIgniter.php(520): CodeIgniter\CodeIgniter->runController()
11 SYSTEMPATH\CodeIgniter.php(363): CodeIgniter\CodeIgniter->handleRequest()
12 SYSTEMPATH\Boot.php(417): CodeIgniter\CodeIgniter->run()
13 SYSTEMPATH\Boot.php(68): CodeIgniter\Boot::runCodeIgniter()
14 FCPATH\index.php(59): CodeIgniter\Boot::bootWeb()
15 SYSTEMPATH\rewrite.php(44): require_once('C:\\Sistemas\\Dias Imports\\Dias Importes - Marketing v2\\sistema\\public\\index.php')
CRITICAL - 2026-08-21 23:10:56 --> CodeIgniter\Database\Exceptions\DatabaseException: Table 'dias_imports.message_templates' doesn't exist
[Method: GET, Route: configuracoes]
in SYSTEMPATH\Database\BaseConnection.php on line 863.
 1 SYSTEMPATH\Database\BaseBuilder.php(1659): CodeIgniter\Database\BaseConnection->query()
 2 SYSTEMPATH\Model.php(255): CodeIgniter\Database\BaseBuilder->get()
 3 SYSTEMPATH\BaseModel.php(676): CodeIgniter\Model->doFindAll()
 4 APPPATH\Controllers\Home.php(324): CodeIgniter\BaseModel->findAll()
 5 APPPATH\Controllers\Home.php(95): App\Controllers\Home->renderPage()
 6 SYSTEMPATH\CodeIgniter.php(974): App\Controllers\Home->settings()
 7 SYSTEMPATH\CodeIgniter.php(520): CodeIgniter\CodeIgniter->runController()
 8 SYSTEMPATH\CodeIgniter.php(363): CodeIgniter\CodeIgniter->handleRequest()
 9 SYSTEMPATH\Boot.php(417): CodeIgniter\CodeIgniter->run()
10 SYSTEMPATH\Boot.php(68): CodeIgniter\Boot::runCodeIgniter()
11 FCPATH\index.php(59): CodeIgniter\Boot::bootWeb()
12 SYSTEMPATH\rewrite.php(44): require_once('C:\\Sistemas\\Dias Imports\\Dias Importes - Marketing v2\\sistema\\public\\index.php')
CRITICAL - 2026-08-21 23:10:56 --> [Caused by] CodeIgniter\Database\Exceptions\DatabaseException: Table 'dias_imports.message_templates' doesn't exist
in SYSTEMPATH\Database\MySQLi\Connection.php on line 310.
 1 SYSTEMPATH\Database\BaseConnection.php(908): CodeIgniter\Database\MySQLi\Connection->execute()
 2 SYSTEMPATH\Database\BaseConnection.php(825): CodeIgniter\Database\BaseConnection->simpleQuery()
 3 SYSTEMPATH\Database\BaseBuilder.php(1659): CodeIgniter\Database\BaseConnection->query()
 4 SYSTEMPATH\Model.php(255): CodeIgniter\Database\BaseBuilder->get()
 5 SYSTEMPATH\BaseModel.php(676): CodeIgniter\Model->doFindAll()
 6 APPPATH\Controllers\Home.php(324): CodeIgniter\BaseModel->findAll()
 7 APPPATH\Controllers\Home.php(95): App\Controllers\Home->renderPage()
 8 SYSTEMPATH\CodeIgniter.php(974): App\Controllers\Home->settings()
 9 SYSTEMPATH\CodeIgniter.php(520): CodeIgniter\CodeIgniter->runController()
10 SYSTEMPATH\CodeIgniter.php(363): CodeIgniter\CodeIgniter->handleRequest()
11 SYSTEMPATH\Boot.php(417): CodeIgniter\CodeIgniter->run()
12 SYSTEMPATH\Boot.php(68): CodeIgniter\Boot::runCodeIgniter()
13 FCPATH\index.php(59): CodeIgniter\Boot::bootWeb()
14 SYSTEMPATH\rewrite.php(44): require_once('C:\\Sistemas\\Dias Imports\\Dias Importes - Marketing v2\\sistema\\public\\index.php')
CRITICAL - 2026-08-21 23:10:56 --> [Caused by] mysqli_sql_exception: Table 'dias_imports.message_templates' doesn't exist
in SYSTEMPATH\Database\MySQLi\Connection.php on line 300.
 1 SYSTEMPATH\Database\MySQLi\Connection.php(300): mysqli->query()
 2 SYSTEMPATH\Database\BaseConnection.php(908): CodeIgniter\Database\MySQLi\Connection->execute()
 3 SYSTEMPATH\Database\BaseConnection.php(825): CodeIgniter\Database\BaseConnection->simpleQuery()
 4 SYSTEMPATH\Database\BaseBuilder.php(1659): CodeIgniter\Database\BaseConnection->query()
 5 SYSTEMPATH\Model.php(255): CodeIgniter\Database\BaseBuilder->get()
 6 SYSTEMPATH\BaseModel.php(676): CodeIgniter\Model->doFindAll()
 7 APPPATH\Controllers\Home.php(324): CodeIgniter\BaseModel->findAll()
 8 APPPATH\Controllers\Home.php(95): App\Controllers\Home->renderPage()
 9 SYSTEMPATH\CodeIgniter.php(974): App\Controllers\Home->settings()
10 SYSTEMPATH\CodeIgniter.php(520): CodeIgniter\CodeIgniter->runController()
11 SYSTEMPATH\CodeIgniter.php(363): CodeIgniter\CodeIgniter->handleRequest()
12 SYSTEMPATH\Boot.php(417): CodeIgniter\CodeIgniter->run()
13 SYSTEMPATH\Boot.php(68): CodeIgniter\Boot::runCodeIgniter()
14 FCPATH\index.php(59): CodeIgniter\Boot::bootWeb()
15 SYSTEMPATH\rewrite.php(44): require_once('C:\\Sistemas\\Dias Imports\\Dias Importes - Marketing v2\\sistema\\public\\index.php')
DEBUG - 2026-08-21 23:11:13 --> Session: Class initialized using 'CodeIgniter\Session\Handlers\FileHandler' driver.
ERROR - 2026-08-21 23:11:15 --> Table 'dias_imports.message_templates' doesn't exist
in SYSTEMPATH\Database\MySQLi\Connection.php on line 300.
 1 SYSTEMPATH\Database\MySQLi\Connection.php(300): mysqli->query()
 2 SYSTEMPATH\Database\BaseConnection.php(908): CodeIgniter\Database\MySQLi\Connection->execute()
 3 SYSTEMPATH\Database\BaseConnection.php(825): CodeIgniter\Database\BaseConnection->simpleQuery()
 4 SYSTEMPATH\Database\BaseBuilder.php(1659): CodeIgniter\Database\BaseConnection->query()
 5 SYSTEMPATH\Model.php(255): CodeIgniter\Database\BaseBuilder->get()
 6 SYSTEMPATH\BaseModel.php(676): CodeIgniter\Model->doFindAll()
 7 APPPATH\Controllers\Home.php(324): CodeIgniter\BaseModel->findAll()
 8 APPPATH\Controllers\Home.php(95): App\Controllers\Home->renderPage()
 9 SYSTEMPATH\CodeIgniter.php(974): App\Controllers\Home->settings()
10 SYSTEMPATH\CodeIgniter.php(520): CodeIgniter\CodeIgniter->runController()
11 SYSTEMPATH\CodeIgniter.php(363): CodeIgniter\CodeIgniter->handleRequest()
12 SYSTEMPATH\Boot.php(417): CodeIgniter\CodeIgniter->run()
13 SYSTEMPATH\Boot.php(68): CodeIgniter\Boot::runCodeIgniter()
14 FCPATH\index.php(59): CodeIgniter\Boot::bootWeb()
15 SYSTEMPATH\rewrite.php(44): require_once('C:\\Sistemas\\Dias Imports\\Dias Importes - Marketing v2\\sistema\\public\\index.php')
CRITICAL - 2026-08-21 23:11:15 --> CodeIgniter\Database\Exceptions\DatabaseException: Table 'dias_imports.message_templates' doesn't exist
[Method: GET, Route: configuracoes]
in SYSTEMPATH\Database\BaseConnection.php on line 863.
 1 SYSTEMPATH\Database\BaseBuilder.php(1659): CodeIgniter\Database\BaseConnection->query()
 2 SYSTEMPATH\Model.php(255): CodeIgniter\Database\BaseBuilder->get()
 3 SYSTEMPATH\BaseModel.php(676): CodeIgniter\Model->doFindAll()
 4 APPPATH\Controllers\Home.php(324): CodeIgniter\BaseModel->findAll()
 5 APPPATH\Controllers\Home.php(95): App\Controllers\Home->renderPage()
 6 SYSTEMPATH\CodeIgniter.php(974): App\Controllers\Home->settings()
 7 SYSTEMPATH\CodeIgniter.php(520): CodeIgniter\CodeIgniter->runController()
 8 SYSTEMPATH\CodeIgniter.php(363): CodeIgniter\CodeIgniter->handleRequest()
 9 SYSTEMPATH\Boot.php(417): CodeIgniter\CodeIgniter->run()
10 SYSTEMPATH\Boot.php(68): CodeIgniter\Boot::runCodeIgniter()
11 FCPATH\index.php(59): CodeIgniter\Boot::bootWeb()
12 SYSTEMPATH\rewrite.php(44): require_once('C:\\Sistemas\\Dias Imports\\Dias Importes - Marketing v2\\sistema\\public\\index.php')
CRITICAL - 2026-08-21 23:11:15 --> [Caused by] CodeIgniter\Database\Exceptions\DatabaseException: Table 'dias_imports.message_templates' doesn't exist
in SYSTEMPATH\Database\MySQLi\Connection.php on line 310.
 1 SYSTEMPATH\Database\BaseConnection.php(908): CodeIgniter\Database\MySQLi\Connection->execute()
 2 SYSTEMPATH\Database\BaseConnection.php(825): CodeIgniter\Database\BaseConnection->simpleQuery()
 3 SYSTEMPATH\Database\BaseBuilder.php(1659): CodeIgniter\Database\BaseConnection->query()
 4 SYSTEMPATH\Model.php(255): CodeIgniter\Database\BaseBuilder->get()
 5 SYSTEMPATH\BaseModel.php(676): CodeIgniter\Model->doFindAll()
 6 APPPATH\Controllers\Home.php(324): CodeIgniter\BaseModel->findAll()
 7 APPPATH\Controllers\Home.php(95): App\Controllers\Home->renderPage()
 8 SYSTEMPATH\CodeIgniter.php(974): App\Controllers\Home->settings()
 9 SYSTEMPATH\CodeIgniter.php(520): CodeIgniter\CodeIgniter->runController()
10 SYSTEMPATH\CodeIgniter.php(363): CodeIgniter\CodeIgniter->handleRequest()
11 SYSTEMPATH\Boot.php(417): CodeIgniter\CodeIgniter->run()
12 SYSTEMPATH\Boot.php(68): CodeIgniter\Boot::runCodeIgniter()
13 FCPATH\index.php(59): CodeIgniter\Boot::bootWeb()
14 SYSTEMPATH\rewrite.php(44): require_once('C:\\Sistemas\\Dias Imports\\Dias Importes - Marketing v2\\sistema\\public\\index.php')
CRITICAL - 2026-08-21 23:11:15 --> [Caused by] mysqli_sql_exception: Table 'dias_imports.message_templates' doesn't exist
in SYSTEMPATH\Database\MySQLi\Connection.php on line 300.
 1 SYSTEMPATH\Database\MySQLi\Connection.php(300): mysqli->query()
 2 SYSTEMPATH\Database\BaseConnection.php(908): CodeIgniter\Database\MySQLi\Connection->execute()
 3 SYSTEMPATH\Database\BaseConnection.php(825): CodeIgniter\Database\BaseConnection->simpleQuery()
 4 SYSTEMPATH\Database\BaseBuilder.php(1659): CodeIgniter\Database\BaseConnection->query()
 5 SYSTEMPATH\Model.php(255): CodeIgniter\Database\BaseBuilder->get()
 6 SYSTEMPATH\BaseModel.php(676): CodeIgniter\Model->doFindAll()
 7 APPPATH\Controllers\Home.php(324): CodeIgniter\BaseModel->findAll()
 8 APPPATH\Controllers\Home.php(95): App\Controllers\Home->renderPage()
 9 SYSTEMPATH\CodeIgniter.php(974): App\Controllers\Home->settings()
10 SYSTEMPATH\CodeIgniter.php(520): CodeIgniter\CodeIgniter->runController()
11 SYSTEMPATH\CodeIgniter.php(363): CodeIgniter\CodeIgniter->handleRequest()
12 SYSTEMPATH\Boot.php(417): CodeIgniter\CodeIgniter->run()
13 SYSTEMPATH\Boot.php(68): CodeIgniter\Boot::runCodeIgniter()
14 FCPATH\index.php(59): CodeIgniter\Boot::bootWeb()
15 SYSTEMPATH\rewrite.php(44): require_once('C:\\Sistemas\\Dias Imports\\Dias Importes - Marketing v2\\sistema\\public\\index.php')
DEBUG - 2026-08-21 23:12:27 --> Session: Class initialized using 'CodeIgniter\Session\Handlers\FileHandler' driver.
ERROR - 2026-08-21 23:12:29 --> Table 'dias_imports.message_templates' doesn't exist
in SYSTEMPATH\Database\MySQLi\Connection.php on line 300.
 1 SYSTEMPATH\Database\MySQLi\Connection.php(300): mysqli->query()
 2 SYSTEMPATH\Database\BaseConnection.php(908): CodeIgniter\Database\MySQLi\Connection->execute()
 3 SYSTEMPATH\Database\BaseConnection.php(825): CodeIgniter\Database\BaseConnection->simpleQuery()
 4 SYSTEMPATH\Database\BaseBuilder.php(1659): CodeIgniter\Database\BaseConnection->query()
 5 SYSTEMPATH\Model.php(255): CodeIgniter\Database\BaseBuilder->get()
 6 SYSTEMPATH\BaseModel.php(676): CodeIgniter\Model->doFindAll()
 7 APPPATH\Controllers\Home.php(324): CodeIgniter\BaseModel->findAll()
 8 APPPATH\Controllers\Home.php(95): App\Controllers\Home->renderPage()
 9 SYSTEMPATH\CodeIgniter.php(974): App\Controllers\Home->settings()
10 SYSTEMPATH\CodeIgniter.php(520): CodeIgniter\CodeIgniter->runController()
11 SYSTEMPATH\CodeIgniter.php(363): CodeIgniter\CodeIgniter->handleRequest()
12 SYSTEMPATH\Boot.php(417): CodeIgniter\CodeIgniter->run()
13 SYSTEMPATH\Boot.php(68): CodeIgniter\Boot::runCodeIgniter()
14 FCPATH\index.php(59): CodeIgniter\Boot::bootWeb()
15 SYSTEMPATH\rewrite.php(44): require_once('C:\\Sistemas\\Dias Imports\\Dias Importes - Marketing v2\\sistema\\public\\index.php')
CRITICAL - 2026-08-21 23:12:29 --> CodeIgniter\Database\Exceptions\DatabaseException: Table 'dias_imports.message_templates' doesn't exist
[Method: GET, Route: configuracoes]
in SYSTEMPATH\Database\BaseConnection.php on line 863.
 1 SYSTEMPATH\Database\BaseBuilder.php(1659): CodeIgniter\Database\BaseConnection->query()
 2 SYSTEMPATH\Model.php(255): CodeIgniter\Database\BaseBuilder->get()
 3 SYSTEMPATH\BaseModel.php(676): CodeIgniter\Model->doFindAll()
 4 APPPATH\Controllers\Home.php(324): CodeIgniter\BaseModel->findAll()
 5 APPPATH\Controllers\Home.php(95): App\Controllers\Home->renderPage()
 6 SYSTEMPATH\CodeIgniter.php(974): App\Controllers\Home->settings()
 7 SYSTEMPATH\CodeIgniter.php(520): CodeIgniter\CodeIgniter->runController()
 8 SYSTEMPATH\CodeIgniter.php(363): CodeIgniter\CodeIgniter->handleRequest()
 9 SYSTEMPATH\Boot.php(417): CodeIgniter\CodeIgniter->run()
10 SYSTEMPATH\Boot.php(68): CodeIgniter\Boot::runCodeIgniter()
11 FCPATH\index.php(59): CodeIgniter\Boot::bootWeb()
12 SYSTEMPATH\rewrite.php(44): require_once('C:\\Sistemas\\Dias Imports\\Dias Importes - Marketing v2\\sistema\\public\\index.php')
CRITICAL - 2026-08-21 23:12:29 --> [Caused by] CodeIgniter\Database\Exceptions\DatabaseException: Table 'dias_imports.message_templates' doesn't exist
in SYSTEMPATH\Database\MySQLi\Connection.php on line 310.
 1 SYSTEMPATH\Database\BaseConnection.php(908): CodeIgniter\Database\MySQLi\Connection->execute()
 2 SYSTEMPATH\Database\BaseConnection.php(825): CodeIgniter\Database\BaseConnection->simpleQuery()
 3 SYSTEMPATH\Database\BaseBuilder.php(1659): CodeIgniter\Database\BaseConnection->query()
 4 SYSTEMPATH\Model.php(255): CodeIgniter\Database\BaseBuilder->get()
 5 SYSTEMPATH\BaseModel.php(676): CodeIgniter\Model->doFindAll()
 6 APPPATH\Controllers\Home.php(324): CodeIgniter\BaseModel->findAll()
 7 APPPATH\Controllers\Home.php(95): App\Controllers\Home->renderPage()
 8 SYSTEMPATH\CodeIgniter.php(974): App\Controllers\Home->settings()
 9 SYSTEMPATH\CodeIgniter.php(520): CodeIgniter\CodeIgniter->runController()
10 SYSTEMPATH\CodeIgniter.php(363): CodeIgniter\CodeIgniter->handleRequest()
11 SYSTEMPATH\Boot.php(417): CodeIgniter\CodeIgniter->run()
12 SYSTEMPATH\Boot.php(68): CodeIgniter\Boot::runCodeIgniter()
13 FCPATH\index.php(59): CodeIgniter\Boot::bootWeb()
14 SYSTEMPATH\rewrite.php(44): require_once('C:\\Sistemas\\Dias Imports\\Dias Importes - Marketing v2\\sistema\\public\\index.php')
CRITICAL - 2026-08-21 23:12:29 --> [Caused by] mysqli_sql_exception: Table 'dias_imports.message_templates' doesn't exist
in SYSTEMPATH\Database\MySQLi\Connection.php on line 300.
 1 SYSTEMPATH\Database\MySQLi\Connection.php(300): mysqli->query()
 2 SYSTEMPATH\Database\BaseConnection.php(908): CodeIgniter\Database\MySQLi\Connection->execute()
 3 SYSTEMPATH\Database\BaseConnection.php(825): CodeIgniter\Database\BaseConnection->simpleQuery()
 4 SYSTEMPATH\Database\BaseBuilder.php(1659): CodeIgniter\Database\BaseConnection->query()
 5 SYSTEMPATH\Model.php(255): CodeIgniter\Database\BaseBuilder->get()
 6 SYSTEMPATH\BaseModel.php(676): CodeIgniter\Model->doFindAll()
 7 APPPATH\Controllers\Home.php(324): CodeIgniter\BaseModel->findAll()
 8 APPPATH\Controllers\Home.php(95): App\Controllers\Home->renderPage()
 9 SYSTEMPATH\CodeIgniter.php(974): App\Controllers\Home->settings()
10 SYSTEMPATH\CodeIgniter.php(520): CodeIgniter\CodeIgniter->runController()
11 SYSTEMPATH\CodeIgniter.php(363): CodeIgniter\CodeIgniter->handleRequest()
12 SYSTEMPATH\Boot.php(417): CodeIgniter\CodeIgniter->run()
13 SYSTEMPATH\Boot.php(68): CodeIgniter\Boot::runCodeIgniter()
14 FCPATH\index.php(59): CodeIgniter\Boot::bootWeb()
15 SYSTEMPATH\rewrite.php(44): require_once('C:\\Sistemas\\Dias Imports\\Dias Importes - Marketing v2\\sistema\\public\\index.php')
DEBUG - 2026-08-21 23:14:17 --> Session: Class initialized using 'CodeIgniter\Session\Handlers\FileHandler' driver.
DEBUG - 2026-08-21 23:15:11 --> Session: Class initialized using 'CodeIgniter\Session\Handlers\FileHandler' driver.
DEBUG - 2026-08-21 23:15:18 --> Session: Class initialized using 'CodeIgniter\Session\Handlers\FileHandler' driver.
DEBUG - 2026-08-21 23:15:31 --> Session: Class initialized using 'CodeIgniter\Session\Handlers\FileHandler' driver.
DEBUG - 2026-08-21 23:15:58 --> Session: Class initialized using 'CodeIgniter\Session\Handlers\FileHandler' driver.
DEBUG - 2026-08-21 23:16:51 --> Session: Class initialized using 'CodeIgniter\Session\Handlers\FileHandler' driver.
DEBUG - 2026-08-21 23:17:03 --> Session: Class initialized using 'CodeIgniter\Session\Handlers\FileHandler' driver.
DEBUG - 2026-08-21 23:28:29 --> Session: Class initialized using 'CodeIgniter\Session\Handlers\FileHandler' driver.
DEBUG - 2026-08-21 23:30:24 --> Session: Class initialized using 'CodeIgniter\Session\Handlers\FileHandler' driver.
DEBUG - 2026-08-21 23:30:46 --> Session: Class initialized using 'CodeIgniter\Session\Handlers\FileHandler' driver.
DEBUG - 2026-08-21 23:32:21 --> Session: Class initialized using 'CodeIgniter\Session\Handlers\FileHandler' driver.
DEBUG - 2026-08-21 23:33:36 --> Session: Class initialized using 'CodeIgniter\Session\Handlers\FileHandler' driver.
INFO - 2026-08-21 23:33:36 --> CSRF token verified.
DEBUG - 2026-08-21 23:33:37 --> Session: Class initialized using 'CodeIgniter\Session\Handlers\FileHandler' driver.
DEBUG - 2026-08-21 23:33:52 --> Session: Class initialized using 'CodeIgniter\Session\Handlers\FileHandler' driver.
DEBUG - 2026-08-21 23:35:08 --> Session: Class initialized using 'CodeIgniter\Session\Handlers\FileHandler' driver.
INFO - 2026-08-21 23:35:08 --> CSRF token verified.
DEBUG - 2026-08-21 23:35:09 --> Session: Class initialized using 'CodeIgniter\Session\Handlers\FileHandler' driver.
DEBUG - 2026-08-21 23:36:00 --> Session: Class initialized using 'CodeIgniter\Session\Handlers\FileHandler' driver.
INFO - 2026-08-21 23:36:00 --> CSRF token verified.
DEBUG - 2026-08-21 23:36:01 --> Session: Class initialized using 'CodeIgniter\Session\Handlers\FileHandler' driver.
DEBUG - 2026-08-21 23:36:08 --> Session: Class initialized using 'CodeIgniter\Session\Handlers\FileHandler' driver.
INFO - 2026-08-21 23:36:08 --> CSRF token verified.
DEBUG - 2026-08-21 23:36:09 --> Session: Class initialized using 'CodeIgniter\Session\Handlers\FileHandler' driver.
DEBUG - 2026-08-21 23:36:18 --> Session: Class initialized using 'CodeIgniter\Session\Handlers\FileHandler' driver.
DEBUG - 2026-08-21 23:36:37 --> Session: Class initialized using 'CodeIgniter\Session\Handlers\FileHandler' driver.
DEBUG - 2026-08-21 23:36:46 --> Session: Class initialized using 'CodeIgniter\Session\Handlers\FileHandler' driver.
INFO - 2026-08-21 23:36:46 --> CSRF token verified.
DEBUG - 2026-08-21 23:36:46 --> Session: Class initialized using 'CodeIgniter\Session\Handlers\FileHandler' driver.
DEBUG - 2026-08-21 23:37:24 --> Session: Class initialized using 'CodeIgniter\Session\Handlers\FileHandler' driver.
DEBUG - 2026-08-21 23:40:27 --> Session: Class initialized using 'CodeIgniter\Session\Handlers\FileHandler' driver.
DEBUG - 2026-08-21 23:40:59 --> Session: Class initialized using 'CodeIgniter\Session\Handlers\FileHandler' driver.
INFO - 2026-08-21 23:40:59 --> CSRF token verified.
DEBUG - 2026-08-21 23:41:00 --> Session: Class initialized using 'CodeIgniter\Session\Handlers\FileHandler' driver.
DEBUG - 2026-08-21 23:41:19 --> Session: Class initialized using 'CodeIgniter\Session\Handlers\FileHandler' driver.
INFO - 2026-08-21 23:41:19 --> CSRF token verified.
DEBUG - 2026-08-21 23:41:20 --> Session: Class initialized using 'CodeIgniter\Session\Handlers\FileHandler' driver.
DEBUG - 2026-08-21 23:41:44 --> Session: Class initialized using 'CodeIgniter\Session\Handlers\FileHandler' driver.
INFO - 2026-08-21 23:41:44 --> CSRF token verified.
DEBUG - 2026-08-21 23:41:44 --> Session: Class initialized using 'CodeIgniter\Session\Handlers\FileHandler' driver.
DEBUG - 2026-08-21 23:42:14 --> Session: Class initialized using 'CodeIgniter\Session\Handlers\FileHandler' driver.
INFO - 2026-08-21 23:42:14 --> CSRF token verified.
DEBUG - 2026-08-21 23:42:15 --> Session: Class initialized using 'CodeIgniter\Session\Handlers\FileHandler' driver.
DEBUG - 2026-08-21 23:42:32 --> Session: Class initialized using 'CodeIgniter\Session\Handlers\FileHandler' driver.
INFO - 2026-08-21 23:42:32 --> CSRF token verified.
DEBUG - 2026-08-21 23:42:32 --> Session: Class initialized using 'CodeIgniter\Session\Handlers\FileHandler' driver.
DEBUG - 2026-08-21 23:42:41 --> Session: Class initialized using 'CodeIgniter\Session\Handlers\FileHandler' driver.
INFO - 2026-08-21 23:42:41 --> CSRF token verified.
DEBUG - 2026-08-21 23:42:42 --> Session: Class initialized using 'CodeIgniter\Session\Handlers\FileHandler' driver.
DEBUG - 2026-08-21 23:43:21 --> Session: Class initialized using 'CodeIgniter\Session\Handlers\FileHandler' driver.
DEBUG - 2026-08-21 23:44:26 --> Session: Class initialized using 'CodeIgniter\Session\Handlers\FileHandler' driver.
DEBUG - 2026-08-21 23:44:33 --> Session: Class initialized using 'CodeIgniter\Session\Handlers\FileHandler' driver.
INFO - 2026-08-21 23:44:33 --> CSRF token verified.
DEBUG - 2026-08-21 23:44:34 --> Session: Class initialized using 'CodeIgniter\Session\Handlers\FileHandler' driver.
DEBUG - 2026-08-21 23:47:00 --> Session: Class initialized using 'CodeIgniter\Session\Handlers\FileHandler' driver.
DEBUG - 2026-08-21 23:51:00 --> Session: Class initialized using 'CodeIgniter\Session\Handlers\FileHandler' driver.
DEBUG - 2026-08-21 23:51:07 --> Session: Class initialized using 'CodeIgniter\Session\Handlers\FileHandler' driver.
DEBUG - 2026-08-21 23:54:25 --> Session: Class initialized using 'CodeIgniter\Session\Handlers\FileHandler' driver.
DEBUG - 2026-08-21 23:54:34 --> Session: Class initialized using 'CodeIgniter\Session\Handlers\FileHandler' driver.
DEBUG - 2026-08-21 23:55:46 --> Session: Class initialized using 'CodeIgniter\Session\Handlers\FileHandler' driver.
INFO - 2026-08-21 23:56:44 --> CSRF token verified.
DEBUG - 2026-08-21 23:57:06 --> Session: Class initialized using 'CodeIgniter\Session\Handlers\FileHandler' driver.
